hip_flexion_angle,knee_flexion_angle,ankle_rotation_angle,angular_velocity,linear_acceleration,ground_reaction_force,postural_instability_index,biomechanical_deviation_score,fatigue_level,injury_risk,movement_intensity,biomechanical_risk_index,movement_asymmetry,fatigue_grf_interaction
57.454011884736246,52.21595146063436,-21.446488463768464,4.199866468148939,8.622738586425532,1680.9065608323262,0.648256954077822,0.0387994547288874,0.7202679239473956,0,36.214350652742574,0.3435282044033547,5.238060424101889,1210.7030789202563
115.07143064099162,95.02811368540296,-22.771908083520017,4.881747684552548,12.100941706569795,1920.306978125064,0.1723863621051662,0.1867725282311293,0.6872830044131277,0,59.07374415695246,0.17957944516814775,20.043316955588665,1319.7943493212883
93.1993941811405,134.75350030516898,36.562912246893305,1.8775734433587443,11.42639785387337,3063.642179606541,0.8723945633548149,0.8312458050899425,0.0957541986633576,0,21.45390116368399,0.8518201842223787,41.55410612402848,293.35660189948663
79.86584841970367,117.86698636914734,-22.54084201354445,3.936807547838494,2.393108579937228,1520.0131581796763,0.6131162390692415,0.7667683563383357,0.9225724049058,0,9.421207920293938,0.6899422977037886,38.001137949443674,1402.3221948302842
35.601864044243655,126.78733774337395,-20.52452464842321,3.6446029072906176,2.3238170991479614,3108.949054436514,0.1572038835569542,0.3506426914571469,0.5684722021568196,0,8.46939055556631,0.2539232875070505,91.1854736991303,1767.3511153688871
35.59945203362027,109.05400400528607,23.345843617616737,5.080567072335491,4.095798079399208,764.4032929300745,0.9623380574812068,0.3768106277742125,0.3637255211356842,0,20.808976857130563,0.6695743426277097,73.45455197166581,278.0329860788244
25.808361216819947,113.0731877421423,-4.5234141794514,5.483478832646933,5.480013422481454,2830.395311625892,0.5183654633353206,0.5335544335535795,0.7565385834953067,1,30.049537604798125,0.52595994844445,87.26482652532235,2141.3032597892097
106.61761457749353,131.90347818783832,24.903950125966304,0.5668622431256274,6.185988162986391,3042.642899164209,0.072898451871655,0.0002410046851345,0.257365458401634,0,3.5066031260190447,0.03656972827839475,25.28586361034479,783.0711844958734
80.11150117432088,59.96016106310231,-39.11704581920533,4.20710955482336,10.227488530816844,1045.4529585120165,0.6268329044150672,0.2412443360380278,0.6935098370463204,0,43.02816471984587,0.4340386202265475,20.151340111218566,725.0319108972622
90.80725777960456,88.73099563717686,-1.1185925693954104,0.7850968951585096,0.9445384392709476,1791.0395971166013,0.2531989070128102,0.2082318086082144,0.0397112075722472,0,0.7415541960294854,0.23071535781051233,2.0762621424276944,71.12434521121135
22.058449429580243,56.54513301835227,-41.97477598350456,3.5187226579254576,0.6166232929683891,996.4993239909668,0.8036934518773025,0.2504829467497634,0.839408037609272,0,2.169726352372478,0.5270881993135329,34.486683588772024,836.4695420302236
116.99098521619943,148.52016095959766,-39.36121168901809,2.08198000974023,5.939467387864244,2619.812386982653,0.8178220735661906,0.8059058425334413,0.4481708470213185,0,12.365852370037379,0.8118639580498159,31.529175743398227,1174.1235365109578
103.24426408004216,143.28712076239358,36.57937080099698,2.1872712973717765,10.48773901285591,2106.04330418497,0.978947355854662,0.2796738565464431,0.6366929143579417,0,22.93953051714594,0.6293106062005526,40.04285668235143,1340.9028491055578
41.23391106782762,34.73121736422071,-32.467916599416434,2.4412717689879613,2.9821866100515906,2405.970040124963,0.5018695310245037,0.1915213220501481,0.2212378198066836,0,7.280327980972858,0.3466954265373259,6.502693703606909,532.2915661974458
38.18249672071006,114.66902070188262,2.917861404769539,3.917108469772856,9.65841677071815,1089.4609008686334,0.4549568797277371,0.5042634607930315,0.677073712658448,0,37.83306613717626,0.4796101702603843,76.48652398117255,737.6453369473429
38.34045098534338,141.0297980898799,-8.001395765936408,2.3372748111782307,3.9714392553104623,1135.2375861572586,0.7534756054464806,0.8656450363727319,0.7722402758932766,0,9.282344935561573,0.8095603209096063,102.68934710453652,876.6761867384988
50.42422429595377,51.66904141528002,-13.739100636704158,4.529844778246543,13.302683021321393,624.4919765297191,0.1324706563419265,0.2413497038374998,0.4732131868843987,0,60.25908922080166,0.18691018008971316,1.2448171193262496,295.51783839736544
72.4756431632238,98.15342766631554,35.985001111854515,2.724900620656283,13.445780169572586,1466.2026055871893,0.5469155137931242,0.0785362427927987,0.6177269240617943,0,36.638414729276285,0.31272587829296145,25.677784503091743,905.7128256007626
63.19450186421157,139.85859571056503,-43.035894290205945,0.8759426017047724,4.529579343791765,2179.233984001025,0.5462476001308509,0.3564047358496647,0.4563259238223985,0,3.9676515150291545,0.4513261679902578,76.66409384635347,994.4409609744337
49.12291401980419,34.07351743029586,14.74107175580302,4.81067913366259,3.526906934052284,3073.8047419919862,0.0894731228103872,0.7476518245649778,0.8940913692578455,1,16.96681759401522,0.4185624736876825,15.049396589508333,2748.2622905988733
81.18528947223794,113.69043206962078,41.705499079219535,2.071670785259883,6.2284291837868455,2500.782342376042,0.4179840855069135,0.5506905446947946,0.4978691805143191,0,12.903254778111267,0.4843373151008541,32.50514259738284,1245.0624554434394
33.94938606520418,65.68188088470609,5.415136511565777,2.8802178377959446,3.683920619184216,1806.1889701992543,0.853284798567202,0.8167933695743474,0.8418087090288189,0,10.61049388039866,0.8350390840707747,31.73249481950191,1520.4656052655262
49.21446485352182,140.92754344518363,39.31402158297827,4.269941357720459,10.118519265046384,3359.360343182413,0.8561536219946603,0.959592147609234,0.8013520582702486,1,43.20548388871278,0.907872884801947,91.71307859166181,2692.0303254806754
56.63618432936917,146.52698941984414,-40.29679086425786,2.328508864317916,12.408363799769454,2657.735601727496,0.099237664919681,0.792662476751617,0.4105048213483565,0,28.892985099444715,0.445950070835649,89.89080509047497,1091.0132783783124
65.6069984217036,143.31197869361208,-7.308601283325473,0.8112211088069359,10.129072750577134,3290.49560858765,0.0907208827478308,0.6038030788437534,0.230084491857475,0,8.216917627909302,0.34726198079579207,77.70498027190848,757.0920100611424
98.51759613930136,86.90570599889566,-21.585798813415398,2.556565758570475,12.382821664015308,2082.763919816497,0.2626954770019353,0.4933415880523805,0.406082132559771,0,31.657497860706208,0.3780185325271579,11.611890140405706,845.773214177631
39.96737821583598,133.44511811871763,20.77388684826568,5.694467204818669,6.015183216891364,1276.7128243794186,0.8747660625539935,0.0400690863482666,0.8262173757752201,0,34.253263559563536,0.45741757445113,93.47773990288165,1054.8423193773328
71.42344384136116,131.34592782420845,43.31673814475221,4.02953918514207,2.429122863562027,658.480059094166,0.1289025850734989,0.9843219788140412,0.2276325358193923,0,9.788245764247701,0.55661228194377,59.92248398284728,149.8914856381083
79.24145688620425,68.29205678919067,-21.9122943800177,4.193135317669638,11.095469116224123,2678.2545544515515,0.7199968026274463,0.3834811225750425,0.5244363458577493,0,46.524803417352096,0.5517389626012443,10.94940009701358,1404.5740318134463
24.645041271999773,129.46985689808128,13.8757141326667,3.977551845007019,5.471070126609153,863.9089940166024,0.1011656196131032,0.1522282139168668,0.8060967479607475,0,21.76146507625702,0.126696916764985,104.8248156260815,696.394230610824
80.75448519014384,34.440916165859115,-27.17121305162339,1.5944567642769023,10.101935295914076,1408.3253848159015,0.6231378537478254,0.6667088553964567,0.3534774751283788,0,16.10709906485779,0.6449233545721411,46.313569024284725,497.81130118392736
37.05241236872915,101.55238541784637,5.879722911444894,2.8008362525625405,4.132594735528309,2097.4127236516924,0.3560672991191448,0.2842882890954593,0.6422096370026974,0,11.57472115241679,0.32017779410730207,64.49997304911722,1346.9786639011922
26.50515929852795,57.60106047452437,-3.2460761980497423,4.630168890998251,1.3103215586194228,2193.249763339243,0.788913962965867,0.5857782709310476,0.2456315740488145,0,6.067010117923992,0.6873461169484574,31.095901175996417,538.7313916512081
114.88855372533332,44.468026293273454,42.480479666838335,1.0575509365423752,14.889468752767677,2301.749590961408,0.2336904488253636,0.5867679078445912,0.1092794453681599,0,15.746371624107887,0.4102291783349774,70.42052743205987,251.53391867665158
116.56320330745594,39.2343841955051,9.767454542681987,2.028190268493417,2.4274024681659294,998.765991049102,0.6392018293899598,0.4457298209028691,0.7943842250928563,0,4.92323406365104,0.5424658251464145,77.32881911195084,793.4039478486396
100.83973481164612,113.55465310537676,-13.544426512186307,2.0197550965621947,14.827472810055868,1639.2122144649463,0.2356825345758849,0.8361186155450426,0.0989686234087068,0,29.947863777247704,0.5359005750604637,12.714918293730634,162.23057634033358
50.46137691733707,70.78499565216794,-34.731379360085995,2.876104101769783,14.661470995240064,2351.5826813509,0.7136602831121538,0.264967061555443,0.2713813950795846,0,42.167916867388655,0.4893136723337984,20.323618734830866,638.1757887099975
29.767211400638388,116.97201258345136,-31.387785413855887,5.892028075182018,11.927889748229791,3409.456593901354,0.8736780345607488,0.4486325916177341,0.8551094219974401,0,70.2794612742457,0.6611553130892415,87.20480118281297,2915.4584573363477
88.42330265121569,37.84276089587309,-24.72147630438884,0.8712640067610207,9.925402135021764,2682.893413099066,0.12680179912676,0.5376921285909715,0.3464692870786672,0,8.647645632873452,0.33224696385886576,50.5805417553426,929.5401681444856
64.01524937396013,67.83484053967324,-22.41300047937318,3.3528554690932726,8.709325048741162,3267.8112712818734,0.8665956885955035,0.6636247207672996,0.9730453495141612,1,29.201108121782838,0.7651102046814016,3.8195911657131063,3179.728560610786
32.20382348447788,94.73895508504046,31.5554452057024,1.4865057510671575,13.004913026129737,2786.636174942531,0.5935752544142979,0.7839718505055895,0.9797343347738596,1,19.331878005470045,0.6887735524599436,62.53513160056258,2730.163139114093
69.51769101112703,124.88677978067562,5.5100509454272455,5.838720999753592,4.41264887213037,2275.1509066772014,0.1271104908670239,0.394807282878256,0.2682760204535567,0,25.764225634246593,0.26095888687263996,55.3690887695486,610.3684311746609
23.43885211152184,68.25030035184838,2.105182023692983,1.123169276001053,7.068450066024668,1076.0701074090337,0.427541855359712,0.646046944096596,0.0409782222498904,0,7.939065943106521,0.536794399728154,44.81144824032654,44.095440017870814
110.9320402078782,105.1069651724411,-34.67080153177043,2.719805512988752,9.32891054356088,2500.056955677539,0.1608602934850979,0.1506109530685191,0.7050632842053791,0,25.372822326555777,0.1557356232768085,5.825075035437109,1762.6983678705076
45.877998160001695,136.31732978834248,32.412572401449154,4.558367416590334,6.226738090455417,2370.138697879721,0.7003478888665695,0.9326481005424786,0.4509865026483437,0,28.38376002317389,0.8164979947045241,90.43933162834078,1068.9005621482747
86.2522284353982,103.90358258187656,20.053287288763528,4.375049354150949,6.4695481659449925,2307.407511371799,0.7588681344179496,0.3830588064210035,0.1007528439595762,0,28.3045925250661,0.5709634704194766,17.65135414647837,232.47786894439693
51.1711076089411,57.95513697043605,-38.90984742899985,2.8250075029166277,5.0212415457810575,1969.3576039647223,0.1057965202727989,0.7295214219764384,0.7075228189780428,0,14.185045040788173,0.4176589711246187,6.784029361494952,1393.3654435329643
72.00680211778108,32.928093786784565,18.705158750679185,2.4058829237399504,8.507054068599587,2085.969811967827,0.5061398526946443,0.0203410818821776,0.0311749091119212,0,20.466976114976212,0.263240467288411,39.07870833099651,65.02991929830836
74.67102793432797,134.4118648681116,3.918439560838145,2.686868082040788,12.773560467425227,1503.3275813543123,0.8146250560259172,0.205187142904807,0.8701966904922421,0,34.32087191394285,0.5099060994653621,59.740836933783626,1308.1906860202296
38.485445552552704,32.55232930204646,-37.64471888278996,1.953519447372516,3.102772832294061,2057.938077926909,0.9361630415509964,0.487082544323578,0.1386525291133037,0,6.06132706866555,0.7116227929372871,5.933116250506245,285.338319263137
116.95846277645586,134.96420072210393,-3.752942262420916,1.629331162887399,14.023052277426276,1092.6677170354346,0.51351786674177,0.8782524677323466,0.127311878746725,0,22.848196074409742,0.6958851672370583,18.005737945648065,139.10957990167609
97.51328233611146,93.47245608326544,-1.377334158295774,3.1567183365738947,10.36740604084862,2915.52319208113,0.950279223611407,0.5272551499506771,0.1756722979685845,0,32.7269807518538,0.7387671867810421,4.040826252846017,512.1766589335949
113.9498941564189,142.68812382154755,-30.08029138530518,1.9769356583718405,12.36677086893245,1057.3308640961234,0.5356889704560298,0.929870482293879,0.9602663584920664,0,24.44831030970667,0.7327797263749545,28.738229665128642,1015.3192585868544
109.48273504276489,125.85398829283984,40.112833230025416,2.0810391569348754,8.387241320187174,754.8988696683992,0.3941904945999079,0.4837968965827963,0.693169360253846,0,17.45417760597167,0.4389936955913521,16.371253250074957,523.2727665443958
79.78999788110852,149.7520932640005,31.49778343325957,4.112158349110064,11.714798851218546,1808.738079071472,0.8482031285528955,0.4904490967359499,0.8013715354636367,0,48.17310790418334,0.6693261126444227,69.96209538289199,1449.4712116770543
112.18742350231167,72.08541785420522,15.212010359619748,5.826955324349407,0.3413859203580614,2474.9223185181854,0.492982710458089,0.1197467885005318,0.397634985732753,0,1.9892405062883285,0.3063647494793104,40.102005648106456,984.1157008136507
28.84925020519195,122.06259467173524,-3.393399509945354,3.820004603076563,12.293868329215076,1813.150474800624,0.471902510564523,0.8026562441522198,0.3363127275049555,0,46.96263360721876,0.6372793773583714,93.21334446654329,609.7855815571029
39.59828624191452,78.23170963310906,-7.941101257394237,0.9233870688573144,0.6980690003719611,1330.2623958539257,0.4903124894098283,0.2469654124670625,0.2344840067831699,0,0.6445878881136207,0.3686389509384454,38.63342339119454,311.9252566528078
24.52272889105381,87.58507443646906,13.587612043585878,0.9157098761973684,13.359709307806652,2174.513551671322,0.8467850018697454,0.8996124893723151,0.4806480283124089,0,12.23361775628446,0.8731987456210302,63.06234554541525,1045.1756511494345
52.53303307632643,105.3006555862044,4.088868246621495,5.732827714650613,14.880244933855783,1541.0070062366,0.8319415416880521,0.910824220330396,0.5518287335341685,0,85.3058805575978,0.8713828810092241,52.76762250987797,850.3719446188235
58.8677289689482,134.84125370236063,-39.39542047063029,2.135099346690335,4.481605186433989,3298.6030703798992,0.4035199924402112,0.9433101118741496,0.6317748436527554,1,9.568672305679227,0.6734150521571804,75.97352473341243,2083.9744390617598
47.13490317738959,148.09001630391543,1.1252383893298514,1.006368423453615,3.233746488658326,3267.9354188107163,0.333299859870525,0.52023048910309,0.2571185039986945,0,3.2543403556397426,0.4267651744868075,100.95511312652584,840.2466660489586
102.87375091519291,122.19280966374218,27.57632555095556,3.7947452293270985,11.503914121484806,2007.1154599162865,0.4919280240391293,0.6770937847836443,0.9486540809029906,0,43.654423231093105,0.5845109044113868,19.319058748549267,1904.058271893068
55.67533266935893,80.13201386008005,-3.668411016273773,3.930068280596464,3.870092479711773,1483.6519820547755,0.572772509737109,0.7785158800616635,0.1697584982071358,0,15.209727697490154,0.6756441948993863,24.45668119072112,251.86253233565907
48.09345096873808,80.56284027324841,-40.32390802011584,4.066776510652785,12.996879509265831,2711.3972418699173,0.2383372106279969,0.1310146186504656,0.9656531747664124,0,52.85540430006677,0.18467591463923125,32.46938930451033,2618.26935466458
74.26960831582485,118.50987619066696,25.765037944562977,1.9707111532164767,1.632354623146403,610.1388304491999,0.7939550847155906,0.6009571949974972,0.0148561225075037,0,3.216899461839095,0.697456139856544,44.240267874842104,9.064297211738342
34.092422497476264,58.65325749219628,-26.877259607762305,0.5831087631796127,1.9767324260524384,1924.3070181309536,0.4864827657324229,0.0342979013033116,0.4811256918168456,0,1.1526500000924726,0.2603903335178672,24.560834994720018,925.8335453662663
100.21969807540395,43.25689357576736,-21.72412486007651,5.807584531999595,14.689358170999173,1508.9701828110003,0.3340455484199596,0.4975660833887259,0.3333678381165628,0,85.30968929889666,0.41580581590434273,56.9628044996366,503.0421276260577
27.45506436797708,72.55465891689317,-30.17642819109337,1.879911751301064,10.140199584223067,3261.607655307664,0.1068209929639906,0.1548426816202274,0.4491234139302508,0,19.062680358919106,0.130831837292109,45.099594548916095,1464.8643650528188
118.68869366005173,64.4686789984898,-15.28064416156522,4.218144584289011,12.718619643991396,536.0090818180477,0.2388451604036069,0.1829229259620847,0.570664578980789,0,53.64897657093413,0.21088404318284582,54.22001466156192,305.8813970055755
97.22447692966574,65.55697445471881,23.10763551197715,4.386464284332902,4.932507722537618,2158.444627155048,0.9492811717559836,0.3650475666926015,0.435589158012709,0,21.63626895710749,0.6571643692242926,31.66750247494693,940.1950777595229
39.87156815341724,58.0329301259892,1.744727355354364,3.8550407939371714,10.179607867857008,2721.990743199878,0.3050996868195266,0.432437166716503,0.4148468503015949,0,39.242803596872555,0.3687684267680148,18.16136197257196,1129.2092863665669
20.55221171236024,35.051182756363424,-26.56068532643587,2.220990668175065,8.954203226898098,1955.053962572124,0.1688592893670353,0.6231724245321872,0.7327234154133065,0,19.88720180788373,0.3960158569496113,14.498971044003184,1432.5138167731654
101.54614284548342,32.144872168009655,34.00470703368367,1.9910293957023617,9.08693678983191,756.209090488165,0.4606727916549932,0.0744284184385156,0.6858762750864646,0,18.092358265444584,0.2675506050467544,69.40127067747376,518.6658741705459
90.68573438476172,148.52668676832377,34.16236694563763,3.7871755548648673,10.269733647112052,3417.3841700837065,0.3070877433602487,0.5036917612374446,0.8332712820358479,1,38.89328422331598,0.40538975229884666,57.840952383562055,2847.6080886146624
92.90071680409874,81.33277604830349,33.352058254140616,5.263525984864304,8.672851679623568,2054.0312941282937,0.0351592502711941,0.1826251302531011,0.2499589812394955,0,45.64978017857268,0.1088921902621476,11.567940755795249,513.4235697143508
97.12703466859458,76.1191976591618,-23.508340975661465,5.707035509078676,6.493029302609722,2342.5587329570344,0.3231452172794172,0.5739751750317419,0.6095285097540636,0,37.05594879148204,0.4485601961555795,21.007837009432777,1427.8563335106685
27.40446517340904,111.55767392316838,-4.388459023711071,1.082481924220667,4.211248146270147,1209.829348122522,0.5441086239394686,0.6374046122611835,0.5851947853928539,0,4.558599996745226,0.5907566181003261,84.15320874975934,707.9858257365356
55.84657285442726,56.1904665438077,43.64906905267876,1.3515573692874592,11.55186183060671,1950.4942553204116,0.5517123720199669,0.5567092565528539,0.3697378108726887,0,15.613003986147016,0.5542108142864104,0.34389368938044385,721.1714760819242
31.58690595251297,143.99534207402704,24.48112286789913,5.696049423306938,3.4714592070474746,1787.4484758749657,0.3565589211768887,0.7382955104783077,0.4860575419026809,0,19.77360321433633,0.5474272158275981,112.40843612151406,868.8028124614792
106.31034258755936,124.36140172986624,-42.55493208969962,4.55094375584136,10.416079161700772,724.6875260059512,0.4473027562526006,0.3356092442409013,0.3137821433057287,0,47.40299042129144,0.391456000246751,18.051059142306883,227.39400513707335
82.3298126827558,40.729320277471146,-39.13158678655572,5.356466036563752,3.5766590574749677,818.4810606424016,0.9655179182347664,0.7651065916331309,0.1418443976169852,0,19.158252765732787,0.8653122549339487,41.600492405284655,116.0969530077326
53.08980248526492,80.1096930941914,-3.2461760868900527,1.614479487744387,9.417419532321365,3012.4175588563235,0.3773484772303116,0.4327670817081936,0.2138012106627328,0,15.204230662416181,0.4050577794692526,27.01989060892648,644.0585211051562
26.355835028602364,135.49419690745975,36.82981852754041,3.7317222911017103,11.231466180222531,1219.4598566197708,0.258226813259983,0.4841844983225968,0.105513646401201,0,41.9127127064914,0.3712056557912899,109.13836187885738,128.66965611183778
51.098232171566224,143.36784267496924,3.483161815744282,4.356267769296105,3.358836944707434,1084.8748144958918,0.2434670440667601,0.6481021272610714,0.6830695751901241,0,14.631993124549998,0.44578458566391577,92.26961050340302,741.0449786721736
52.51833220267471,86.08818134998437,-0.1968742769138813,4.24061536995835,0.9931551828334934,2014.7343537504175,0.4577646127041341,0.0183583839992239,0.6607273931091515,0,4.211589133077507,0.238061498351679,33.569849147309654,1331.1901773609645
92.9606178338064,103.60936670528493,-35.50736700390325,2.74483429976684,2.051508770613194,2806.241394087539,0.7595201487169441,0.6539942214202483,0.9506063715798728,1,5.631051639851596,0.7067571850685962,10.648748871478531,2667.6309494107995
83.75574713552132,50.04407353104902,14.11020942518646,0.5846719043021966,9.12935481233828,685.8395557369638,0.2059881841884732,0.6185851490721154,0.7296784136472413,0,5.337677263180245,0.4122866666302943,33.711673604472296,500.44231904667646
108.72127425763266,148.9402351364372,28.989284454020293,3.706093312423447,12.75675145276346,2230.4237589147674,0.7092961271407681,0.3098471167532799,0.0520458387561314,0,47.27771124733476,0.509571621947024,40.21896087880454,116.08427531432247
67.22149251619493,57.80060416601321,-10.76219932431939,1.8920584654878485,0.770452636407823,857.6313285217201,0.0211498233494162,0.0857942848994894,0.8842451739289542,0,1.4577414329728529,0.0534720541244528,9.42088835018172,758.3563632556085
31.95942459383017,143.12781289621506,24.80506658327947,2.9763983537858967,11.03885375972053,609.3831524768553,0.418932977983946,0.0909354499130411,0.8626751629457258,0,32.85602615811544,0.2549342139484936,111.1683883023849,525.6997103593512
91.3244787222995,107.95759787908422,41.80289885107304,5.766695582960995,5.185647824655776,658.2318564866522,0.7758650652027869,0.9232237469852286,0.4433203207726987,0,29.90405240523376,0.8495444060940077,16.633119156784716,291.8075577604716
96.07850486168974,102.9284153854631,-26.661018678507983,2.6946942470333908,7.230072711800886,3002.492324625324,0.3387329557744314,0.6892793212258371,0.5858630505279215,0,19.482835342122954,0.5140061385001342,6.84991052377336,1759.0493124916627
76.12771975694963,91.52262132198103,2.0996668075267166,5.118908836654347,13.940007292698928,853.9174508841847,0.5637371014453995,0.1271026137707404,0.9760783324725189,0,71.35762651362258,0.3454198576080699,15.394901565031404,833.490321528219
97.0967179954561,57.68037740613104,-19.1575837723882,1.5369733316208811,5.046375420564098,635.4540932368759,0.2049792328259108,0.3567231693089063,0.5323043638481663,0,7.756144442754127,0.2808512010674086,39.41634058932506,338.25498685516857
69.37955963643907,51.18336384066099,26.35689771304554,4.198532739137659,7.033520315698342,1813.6996614287368,0.7419953911261723,0.5924829939015964,0.9053218283760898,0,29.53046531684933,0.6672391925138843,18.19619579577808,1641.981893609759
72.2732829381994,56.45834508842104,6.983402929304177,5.873538249414189,0.3038679799341485,3031.9804158260745,0.0522791032687596,0.8355717050906487,0.0830387578101864,0,1.7847802029154445,0.44392540417970416,15.81493784977836,251.77188743500963
62.75410183585496,52.37259145731054,12.11241757952734,1.0604120548011524,1.3158209280720918,1287.2251294679058,0.8525426448755004,0.0436609287130085,0.1910518687086828,0,1.3953123740872864,0.44810178679425444,10.38151037854442,245.92676643361955
22.54191267440952,123.5501368280104,26.81227436543047,0.5457596822495561,3.953014707908282,1765.137852577749,0.1981963864216681,0.2366331314700088,0.4407549434413178,0,2.1573960509158456,0.21741475894583845,101.00822415360088,777.993234379035
30.789142699330444,72.0150311000076,-9.362657460379062,2.884705359479379,0.5149983882340087,619.7675976912536,0.8743980317083307,0.88974899029538,0.5847568083373047,0,1.4856186106618867,0.8820735110018554,41.225888400677164,362.4133223368162
23.142918568673423,36.94112118760757,37.358106156633895,1.0094401567825195,9.50749235811894,1847.235542404628,0.3525292413005173,0.0091655501838164,0.8162278518628002,0,9.597244576588189,0.18084739574216685,13.798202618934148,1507.765098661544
83.64104112637804,146.29231561689735,2.9725980521525983,4.616113923219272,6.453335516344176,2232.839241911401,0.7226835744744866,0.2013991027938874,0.9882621151431868,0,29.789331928201783,0.462041338634187,62.65127449051931,2206.630431986071
51.43559810763267,136.05430619561108,-30.78406594481868,5.530017651167074,8.267363520647528,2212.7211612564342,0.3192252977861884,0.959024175972966,0.3888514964741164,0,45.71866619779559,0.6391247368795772,84.6187080879784,860.419934834509
70.85706911647029,141.33027398342557,17.63092063519222,2.8871153498981736,2.7022430698553106,1497.2800765230954,0.9059116712346476,0.6134018465221711,0.0474156361400849,0,7.80168744613523,0.7596567588784093,70.47320486695529,70.99448730821757
110.7566473926093,149.38893871757222,26.3935215394429,1.9229140318549252,4.50938723860558,1446.5995419894066,0.1266371255183743,0.2616713666375064,0.8011715032953248,0,8.671163996182203,0.19415424607794035,38.63229132496292,1158.9743297219813
44.92922291488749,50.86742990633847,-16.491449063922598,2.889218254536354,9.990984675305604,819.8708568097936,0.1785197892725987,0.0669910943958476,0.6043807190828081,0,28.86613530468592,0.12275544183422316,5.938206991450983,495.5141379937411
61.038292303562976,77.54904226831906,32.14613312988777,4.478962998175005,14.483010582092955,1600.3949619388052,0.4930301251588023,0.0281913404472221,0.1985428588682016,0,64.86886849937139,0.26061073280301217,16.51074996475608,317.7469910615971
95.55511385430486,120.98861708449095,36.55289292891898,0.5497978886920404,0.8512099266729171,798.484006618894,0.0819384390381461,0.2447450796369272,0.4948284566214201,0,0.4679934205184763,0.16334175933753664,25.43350323018609,395.1126086321151
42.87981654916224,113.52247416645508,-20.078596135997195,3.7419969421658346,13.366726380743463,2799.7878341361547,0.1959801847017619,0.8814858195889105,0.7423102455337244,1,50.01824924350943,0.5387330021453361,70.64265761729284,2078.3111945999435
27.697990982879297,48.46750876078261,43.51693254436998,3.873104266880585,8.695529899537005,3398.8228932445577,0.9437663822120144,0.4159136542975095,0.7704117870686438,0,33.67869395668448,0.6798400182547619,20.76951777790331,2618.493219114358
48.975145291376805,127.89997499887411,-32.335962475611744,4.007285357927645,8.502401544658793,3410.2233700001207,0.9764896611478872,0.720333369165993,0.499618411998762,0,34.07154921713258,0.84841151515694,78.92482970749731,1703.8103846805268
36.12212872540045,56.93286862039928,-26.818589843775904,1.8311214398948248,7.5541501745956285,3095.2132981261816,0.3762593293304219,0.9182850353799578,0.3052145301288591,0,13.83256634488729,0.6472721823551898,20.810739894998832,944.7040724361788
112.96976523425732,56.85811377871477,-28.419764468577647,4.427289978579697,1.1339718799723326,2302.376448018857,0.9232860210139356,0.4080404616028166,0.9737425820384936,0,5.020422340192687,0.6656632413083761,56.11165145554256,2241.9219873184975
100.8120379564417,94.43693074720964,35.45907390070833,1.0026531748247702,1.439165090868794,2602.59709173164,0.5448246756734317,0.191277371037397,0.6633626109564928,0,1.4429834474565753,0.3680510233554144,6.3751072092320555,1726.4656020388757
83.34037565104234,101.15279218100436,13.886329709246567,1.5959868505674044,9.053588884320382,1355.6174080412422,0.269742465873767,0.5171179308569195,0.4082375193462987,0,14.449408809818546,0.3934301983653432,17.81241652996202,553.4138878414159
107.14605901877177,99.61034494053736,-31.31061450999544,5.326085256599651,5.1802827143898185,2392.311260517862,0.7023987210805986,0.9080836870598544,0.2804632242046524,0,27.590627390129633,0.8052412040702266,7.535714078234406,670.9553294259358
100.36720768991144,40.97842048773059,-5.370892346848592,4.562977328996115,13.767294192007444,1866.9486483196324,0.6589018065748572,0.8043744141377006,0.7311029830035621,0,62.819851279749855,0.7316381103562789,59.38878720218085,1364.9317259009515
38.65700588860359,135.29530351564563,10.376822256282182,0.5756005470623988,6.158199006656137,1946.0520193307973,0.9891253191087334,0.0658298433631537,0.2421834455937677,0,3.5446627171503935,0.5274775812359436,96.63829762704204,471.3015833462419
109.25589984899776,61.87200511064473,-37.48823235095551,1.866069432033901,2.2348937346693525,2773.329681125474,0.2650472874092833,0.6925728000775818,0.1717099889736881,0,4.170466882110563,0.47881004374343256,47.38389473835303,476.2084089664571
73.93422419156508,45.5417905539365,34.41747315666049,1.6792356564624051,10.749310619180337,1345.7550667917549,0.6720595026617354,0.5718975224589538,0.5298338889620703,0,18.050625674117594,0.6219785125603445,28.392433637628578,713.0266406286861
100.74401551640624,136.6497695842773,27.324318189738165,1.9894348042033487,4.470965979471046,1454.1188350835596,0.0520237550294468,0.9074631763464256,0.2899873926441418,0,8.894695327968813,0.4797434656879362,35.90575406787106,421.6761295806183
109.60912999234932,144.6781797875704,0.4686096218974427,1.8615787365393752,7.929507579602808,3273.92537338591,0.1136460386967194,0.1224814168502972,0.628905144923615,0,14.761402701416394,0.11806372777350829,35.069049795221076,2058.988511418366
51.80034749718639,133.45531407185408,42.041395373325344,0.8438946265856515,10.497708504027033,668.6728845529167,0.0039183749510932,0.5340361132046566,0.1179386748742334,0,8.858959798010911,0.2689772440778749,81.6549665746677,78.86239392850224
31.00519245276768,127.14192896698538,-7.401511865241026,3.024172841282512,13.513935256910848,1956.902895240021,0.9994606810596732,0.8794626935118923,0.6549411045673216,0,40.86847598279999,0.9394616872857828,96.13673651421769,1281.656143739489
42.79351625419417,108.6290376766826,43.56992871328481,4.530034111323908,11.903648802544971,3238.402401223585,0.8022736971474778,0.410023786741743,0.2832965279977022,0,53.92393512474871,0.6061487419446103,65.83552142248843,917.4281565260634
62.71077886262563,96.10288447309672,15.112799892326436,3.837024485945901,10.177779911303588,2331.0890234544718,0.7867230147335408,0.481994917732867,0.0002429344345127,0,39.05239073224017,0.6343589662332039,33.39210561047109,0.5663017937116742
101.80147659224932,40.43841118936922,12.120414592854727,4.200794177289438,10.22653441768764,2139.2212226363963,0.5097260752881797,0.0704606776669583,0.1269360576741763,0,42.95956623567228,0.290093376477569,61.363065402880096,271.5443084943955
106.07305832563436,79.01438556848385,-30.064059423379348,0.9463204819493154,14.19427719607809,1249.2325376880658,0.3000670829054399,0.2781436404489108,0.933615377835094,0,13.432335237114795,0.2891053616771754,27.058672757150518,1166.3027076775368
20.69521305311907,74.72262204147768,34.37349824741796,5.73319890597233,4.507779052698387,1529.8264671933448,0.1512642844626759,0.3245066491689473,0.8673546391153578,0,25.84399393329538,0.23788546681581157,54.02740898835861,1326.9020833616064
71.07473025775657,61.17045405123915,-6.525928087144635,5.111705086136636,0.1165702035231923,3056.1452474140788,0.2846747388464636,0.9451224487448868,0.2336090320362368,0,0.5958725022414849,0.6148985937956752,9.904276206517423,713.9431330105484
61.7411003148779,116.8104136426302,-30.39899347957686,4.927996751726145,4.15212293503316,2177.6543953053742,0.3759712219291391,0.282667360541159,0.7783719045454912,0,20.461648336611038,0.329319291235149,55.0693133277523,1695.024999115704
42.21078104707303,89.5050882094525,-43.865323202181685,5.026410927729721,3.346581556438485,2044.22658127034,0.756310096980294,0.460868735269652,0.6085715931739742,0,16.82129410582114,0.608589416124973,47.29430716237947,1244.0582273722775
31.986536733368283,39.72554590891775,5.378011527454433,5.629907794730188,9.961335318198572,798.7391406200868,0.5396617889031524,0.6713044235642798,0.9709047114498696,0,56.08139935384725,0.605483106233716,7.739009175549469,775.4995948474622
53.7615171403628,56.42198423397736,2.465965991040868,3.493396813625337,9.542302836506382,548.0844693653694,0.0774836265554826,0.1621833724078774,0.3736056595340591,0,33.33505032369941,0.11983349948168,2.660467093614564,204.76745965762365
114.29097039125192,111.99105163915152,19.74182601322427,1.6015510982719423,8.942574602300384,3391.055566061147,0.0180290089589122,0.4864423871418745,0.6814606125171713,0,14.321990175692958,0.25223569805039336,2.299918752100396,2310.8708031277924
52.320293202075526,39.13570313883602,35.1232247716022,3.892309843188976,0.3420273038208601,1630.9585018605248,0.1023321795340631,0.7385390394759076,0.0635357224239185,0,1.3312762413013202,0.4204356095049854,13.184590063239504,103.62412665914027
71.87906217433661,132.14482968585224,-37.853407382127344,4.585848215173664,10.958793011314649,2309.639186298513,0.4104987136973793,0.866855213027066,0.3962473468164059,0,50.255361371394905,0.6386769633622227,60.265767511515634,915.1883996739883
90.30189588951778,89.41758324167692,20.83468413063261,4.55854566344714,4.920603146033823,739.1452195618549,0.9331929170490184,0.6262592746624267,0.9638176611881804,0,22.43079413289684,0.7797260958557226,0.8843126478408578,712.401216796531
56.3629602379294,87.67038927919776,-28.1329250312176,3.3679696329178404,10.009334236198804,2549.34285716914,0.6374024812092216,0.6690535153169479,0.5389808744501206,0,33.71113375324246,0.6532279982630848,31.307429041268364,1374.047042430192
117.17820827209609,101.08893415914213,32.23593478414476,0.8765229563346792,8.393018584682084,3297.700126117883,0.8018258998755151,0.1262834725845689,0.2878795033348446,0,7.3566734624174455,0.464054686230042,16.08927411295396,949.3402744540705
116.24472949421111,128.9617159110179,28.715716247549054,2.541121161365703,5.206690788875816,2226.9957589922587,0.4663745945045485,0.9457764972463472,0.1202709631286068,0,13.230832144300223,0.7060755458754479,12.71698641680679,267.84292481732166
45.17822958253642,71.73710494826317,3.671437948698994,5.5642163465484655,2.105186379851206,878.3459671262317,0.3616660831950428,0.1325740774844823,0.7035283401815304,0,11.713712467299267,0.24712008033976254,26.55887536572675,617.9412803574589
69.72485058923854,111.36193830708764,18.92185187609804,3.714469003665843,1.5068415751411663,2245.16458242043,0.1084003727166227,0.7746729371817983,0.6448560434297268,0,5.597116324296878,0.4415366549492105,41.6370877178491,1447.8079494681933
50.087830981676966,97.88783567949493,-16.708489813462645,3.460825687906424,12.489623163372132,2799.041639313957,0.875933022186205,0.2648163217783188,0.3739387136037746,0,43.224408676069366,0.5703746719822619,47.80000469781796,1046.6700299284616
48.48404943774676,62.04339242033056,-2.594889096046685,1.978694329102064,13.784123377015217,1719.249609722056,0.7831600290279028,0.9335931437012516,0.9509413518658344,0,27.2745667577432,0.8583765863645771,13.5593429825838,1634.9055480639001
23.68869473545328,135.43559836261898,28.947320793942453,2.526469059541184,9.781841896788064,3139.513243824404,0.1681180975977251,0.7199595393694795,0.0222028129878503,0,24.71352089755869,0.4440388184836023,111.7469036271657,69.70602542551251
80.95643339798968,125.69112259283138,-3.666132254410748,5.424403490342431,1.6411683114212023,2446.0488600720937,0.5122605638762605,0.753813712978369,0.3037238516318258,0,8.902359116712564,0.6330371384273148,44.73468919484169,742.9233810607333
70.26790232288616,109.01422015901106,-12.79815612071024,4.1655467613975965,6.090205531634787,3197.746754867608,0.4873748079212449,0.2190591730598833,0.9210694862995814,0,25.369035928547014,0.3532169904905641,38.7463178361249,2945.346960822061
25.147875124998933,132.06980749130904,-0.5208797474730105,4.83062864713783,10.961194081566845,2370.515933742012,0.6250915526865286,0.4430399766351608,0.3209354383194404,0,52.94945813725444,0.5340657646608447,106.9219323663101,760.78257023871
47.86464642366114,134.07530411517627,29.542432719349648,2.998899826872103,11.719331171750015,893.8639160144727,0.9461868939912612,0.6178131945892864,0.2522528338551704,0,35.14510022201796,0.7820000442902738,86.21065769151512,225.47970589553077
110.82658859666536,115.00355720580416,-14.831275736621452,3.966359707008869,1.86145747213722,1429.0751333155672,0.5797714417624796,0.7699736182066009,0.5342204099312473,0,7.383209913795653,0.6748725299845403,4.176968609138797,763.4411035423942
43.95618906669724,130.44159940364065,-29.36145661778306,1.8661098480876412,0.100457710796198,1105.3848447573707,0.5402172667786186,0.1039593759123895,0.8238017499205379,0,0.18746512343312524,0.322088321345504,86.4854103369434,910.6179694467642
34.48948720912231,113.69657540031405,19.08126182977027,4.380034566559175,10.710841983621014,3226.479493150587,0.0503229329346639,0.9623653164545284,0.103146760878361,0,46.91385812521328,0.5063441246945961,79.20708819119173,332.800908758939
68.94527602775631,111.61689261123604,29.33803914372736,2.8518073353683557,5.413283022194464,2781.200201862448,0.0629074760180239,0.890220670554556,0.943020709645736,1,15.437640231119154,0.47656407328628997,42.67161658347973,2622.72938802719
118.56504541106008,104.23336538582213,-35.942626932882,2.9340003314811005,3.891771841112078,2529.195106730018,0.1873467913267889,0.2703485904955843,0.795072881181164,0,11.41845987187165,0.2288476909111866,14.331680025237958,2010.894440577137
44.20552715115004,120.32599674691694,-23.41132985196497,4.071272785172849,0.292172299863929,1402.898958894865,0.0324707716917482,0.822760243032332,0.1812502555515519,0,1.1895131330173752,0.42761550736204007,76.1204695957669,254.27579481270038
87.21355474058785,49.032612635168846,-32.22252092151055,5.649543418079096,8.150461160746344,1052.1343161506406,0.7433528955700124,0.5183239230398234,0.7120079611981627,0,46.04638420500382,0.630838409304918,38.18094210541901,749.1280093490408
96.16196153287176,135.70449110387142,-13.685272957605005,0.8520349063474151,12.782145957847128,2769.3532639667355,0.7233303039939631,0.4618064815620186,0.3849587226375571,0,10.890834534113267,0.5925683927779909,39.54252957099966,1066.0866950287839
43.76375439923997,134.62122332942783,-4.468411898512862,5.036087805408542,14.36871152946156,1922.473837637239,0.1360562344316429,0.3144341058114054,0.4022946780763187,0,72.36209291295448,0.22524517012152415,90.85746893018786,773.400993622418
92.82163486118596,33.5096739641471,22.394370326697583,2.1081071072670623,8.529599764138009,1177.368656451887,0.8360789007952809,0.5809685866315925,0.7832900924388664,0,17.981309884922794,0.7085237437134366,59.31196089703886,922.2212037468225
56.77831327192532,129.09801006777153,13.603282639350674,2.941556999785078,7.765473783324423,2349.865934495825,0.1547860348461119,0.7298891177035978,0.9627848079807322,0,22.84258376398547,0.4423375762748548,72.3196967958462,2262.415222524027
83.23058305935794,45.46438409681343,10.883571073058803,0.6205233082625492,1.3673401437896926,621.0015564153559,0.3011755869973588,0.4109329049627582,0.1266558728471939,0,0.8484664295445697,0.3560542459800585,37.76619896254451,78.65349416725283
83.35297107608946,70.21426251109702,-13.286254805131104,2.1557534280887216,8.278204742984736,1478.5107623847605,0.248976899161365,0.6292191930082921,0.4206302368788194,0,17.845768253109657,0.43909804608482855,13.138708564992442,621.9063322097857
73.57746840747585,119.22099075499293,30.7302797776284,3.2644718344657178,5.76168827658438,1905.670983773404,0.3723070985730478,0.6993129211553037,0.4809416080843035,0,18.80886909788103,0.5358100098641758,45.64352234751708,916.5164674155775
29.02897700544083,49.291187525796985,-2.5841549341651917,0.8089684254109146,9.146315685165296,943.8750023282176,0.2546637658899618,0.7111218170152859,0.3763118169549976,0,7.399080598139321,0.48289279145262387,20.262210520356156,355.19131710453416
103.5302495589238,128.15604289428745,43.11944442136391,3.201026511607408,5.8920225833605455,3453.963432772519,0.488950926438452,0.0519660981311802,0.363189123716225,0,18.860520496326675,0.2704585122848161,24.625793335363653,1254.4419524965356
52.07800649717358,129.85610135492902,12.07279244661632,5.59910845872135,3.680456939410465,1127.2920937688427,0.4074078813546854,0.8597478056850669,0.0522686675615965,0,20.607277581412824,0.6335778435198762,77.77809485775543,58.92205569401971
38.651851039985424,90.89612805130034,-33.63617325919476,1.0796626995929288,1.51498260090281,891.0593901297966,0.9865694907793264,0.4582533147650479,0.6855386205626233,0,1.6356702047270446,0.7224114027721872,52.244277011314914,610.8556251489531
24.077514155476397,30.76630460602003,15.85598058678906,4.704424004415274,4.792284824374546,1110.6046216606892,0.0559263501282256,0.2624160816962144,0.4362144171200454,0,22.544939763782647,0.15917121591222,6.688790450543632,484.46174768854604
79.08929431882419,64.44457598098953,-15.74063861114709,2.75319079356796,1.540008030887509,2807.1833994791727,0.1421813763873516,0.2417645074796816,0.1947938026439267,0,4.239935932660212,0.1919729419335166,14.64471833783466,546.8219291034533
87.75643618422824,104.03123020508906,16.769447701748767,4.103455429883859,2.7357645672773607,1776.5169778155284,0.0528258939086024,0.4830141128439504,0.8160335023020684,0,11.22608796847815,0.2679200033762764,16.274794020860824,1449.6973713058917
21.658782892785617,147.74234136329082,-38.73229666538349,1.9313012889187613,14.811308762835234,2196.247819257614,0.6258411949823758,0.8868315394689592,0.8025607481516279,0,28.605099704237432,0.7563363672256675,126.08355847050521,1762.6222929497721
71.2093058299281,105.8176232420002,-29.26067065416365,1.3772074439774706,6.717142997908617,563.0274709590823,0.0545092774137195,0.3783475816826469,0.4863916280888938,0,9.25089933898089,0.2164284295481832,34.6083174120721,273.8518482585604
42.6495775197938,61.17642972769917,32.016353301520766,1.3825443784917453,8.024889320924746,603.2939257199437,0.8364397373761233,0.7497257467835433,0.2984506611477605,0,11.094765618662947,0.7930827420798333,18.52685220790537,180.05347099754508
84.51727904094498,106.08068437195335,-24.55383986788366,0.8877057010372955,13.11691607818451,1837.4766494810483,0.5119386306819278,0.0968187309872186,0.6380927257964524,0,11.643961182632152,0.3043786808345732,21.56340533100837,1172.4804838546945
37.436642900499145,94.79824556590266,30.3337012718646,1.521056876956837,14.933976617311249,2949.9657296048704,0.5270076245815337,0.4760567021510618,0.288152135777403,0,22.715427834073875,0.5015321633662977,57.36160266540352,850.0389254557883
89.09377381024659,123.58144741813724,-19.865152039103062,4.153206617439325,8.782445295235755,3155.7166361226955,0.5615945077121942,0.9916861403927356,0.236007930323712,0,36.47530991747201,0.7766403240524649,34.487673607890656,744.774151979424
58.67353463005374,42.83767665923501,12.859371905283687,5.349298365139294,12.205859933558155,760.1197027869207,0.1708137063062107,0.770437802792337,0.7305146540263266,0,65.29278658770185,0.47062575454927386,15.83585797081873,555.2785816999816
113.67299887367344,121.32334830024335,17.473551615884787,4.97769127075139,4.971421262616461,2115.089306303068,0.1976903031144875,0.210528488440613,0.0403252397209507,0,24.746200222153814,0.20410939577755025,7.6503494265699175,85.29148330789054
33.75209441459933,94.95198944113324,1.1389277830547613,4.268238704309662,4.655584965964637,3239.6890588378114,0.3188173228730047,0.5014414736979107,0.0947684710345939,0,19.871147942932446,0.4101293982854577,61.19989502653391,307.0203787335619
54.10663510502585,145.55904046307936,-17.522039097294183,1.1073752487610646,6.100285442818946,1663.9182631936592,0.5934964158218514,0.2336247636485665,0.0067881740235897,0,6.755305109755132,0.4135605897352089,91.45240535805351,11.294966731587687
31.347352124058908,71.02465992464232,-25.86200612660135,2.090530954627724,10.120358213837372,2988.6974942851057,0.2101177759402145,0.4095609272625092,0.1529431864754261,0,21.15692211794797,0.30983935160136183,39.677307800583414,457.10091818708565
112.46936182785628,105.91462717607378,-42.01295808938164,2.2039378142735795,10.264656169900972,901.0869631983088,0.1163317271332612,0.7800840237349648,0.0689900087104594,0,22.62266388336136,0.448207875434113,6.554734651782496,62.16599743993274
107.7339353380981,141.8433726612021,-17.64482388833486,1.8747632051869167,4.797067576276817,3306.183469003396,0.9701168864184322,0.7712248152904037,0.9958023677799186,1,8.993365784798959,0.8706708508544179,34.10943732310399,3292.305326748407
45.79416277151556,42.30116735888152,13.784651147815474,3.332531128403477,2.084827869635768,2754.269952593908,0.0219818148096229,0.2281003779023851,0.2888099699540896,0,6.947753772924304,0.125041096356004,3.4929954126340377,795.4606222540983
85.99840460341791,142.46741846837415,39.44743366036344,3.4455459818381997,9.522704221336078,3324.003178360705,0.8026974053360216,0.92222331815486,0.1492680126692472,0,32.81091526605818,0.8624603617454408,56.46901386495624,496.16734854016363
101.72222002012158,112.5462866760976,33.40840340367468,2.462872863441106,2.0120553466125912,2529.85170065752,0.7880351495750221,0.5925681827648268,0.2409962579959179,0,4.95543651291374,0.6903016661699244,10.824066655976011,609.6847931430713
75.52008115994623,38.14044709262063,23.94582988817723,2.445840373050398,8.719538372617018,1590.211795998281,0.297214113845096,0.3799242909620145,0.9361255715401346,0,21.32659898610887,0.33856920240355526,37.3796340673256,1488.6379263987549
72.96505783560065,66.11562803361795,25.96026089279688,5.057055788483448,10.431989708039003,3314.5435175741677,0.1356266160073134,0.5019355807808606,0.5201602230243957,0,52.7551539384384,0.318781098394087,6.849429801982694,1724.093695325444
44.18522909004517,114.9806506374338,14.848641312839575,4.841110665758271,10.53911129627733,1326.700328927535,0.1456286467054234,0.6050712534377437,0.3648180963078569,0,51.021004104021664,0.37534995007158356,70.79542154738863,484.00428837035093
29.310276780589923,38.0820721762526,-21.57418281905973,2.192877074244101,11.326734448827992,1496.5175661851977,0.6974316172371925,0.5598905318457854,0.8733914579092193,0,24.838136298885793,0.6286610745414889,8.771795395662679,1307.0456589172466
109.72157579533268,99.8604552211528,36.647552763524686,5.525836441302927,13.105605381328402,2602.425254005221,0.6428065910861737,0.4864050355361782,0.3949902705490324,0,72.41943180148023,0.564605813311176,9.861120574179878,1027.9326551631566
110.04180571633304,71.50596683435481,15.365908071525062,5.740482593513783,7.5493889802753475,2795.9488985761586,0.7827456742513867,0.5049328040894001,0.3350085699576958,0,43.337136032935405,0.6438392391703934,38.535838881978236,936.6668421867935
83.31014572732678,104.50986213209724,5.439656788239596,2.2970839811652244,10.98071292399061,3288.2104515474616,0.9374811723991048,0.1764119104278861,0.2072825225497355,0,25.223619759472783,0.5569465414134954,21.199716404770456,681.5885570711627
53.90297910487007,35.489044057501545,-35.0109477707867,2.449337218361802,9.325673756950968,1114.4072271686289,0.691927363266592,0.8127329043046794,0.3777968239094115,0,22.841719819199938,0.7523301337856356,18.413935047368525,421.01951096600203
54.92095746126609,134.58441673828514,-4.765001057421713,3.280987843820774,2.8809351029854704,2893.994105657672,0.1558515365514434,0.5417603199410154,0.316684356016926,0,9.452313051731878,0.34880592824622936,79.66345927701906,916.4826596669797
92.59556788702392,146.8186763012876,-3.567755591826632,5.676164468935204,0.4827757085541817,2715.63816019089,0.2434426167654106,0.1310798617047031,0.677303959298141,0,2.740314323360264,0.18726123923505683,54.22310841426369,1839.3124779184093
109.71102599525771,146.26534263428297,32.8107248570403,5.3197568822827135,4.339666646586313,691.3836687607936,0.8421937308731146,0.7661571015827779,0.2895827046707271,0,23.08597150999028,0.8041754162279462,36.55431663902526,200.2127527649207
108.70864242651172,119.95821980915096,4.198339816900962,1.064123794209744,6.701202224430529,1661.669423630621,0.2093060758342085,0.9324439783773508,0.5771997464225614,0,7.13090873682779,0.5708750271057796,11.249577382639245,959.1151699577182
97.98755458576238,45.61034881567584,-10.763950592663129,2.660019087992789,9.29487857198698,1348.296371180296,0.0725223169544814,0.947306899236962,0.0658921650319727,0,24.724554422060525,0.5099146080957216,52.37720577008654,88.84216700182199
84.20316461542878,120.99158351148272,42.912029565959344,3.543541543623745,12.76439402449776,1413.4712730620913,0.7032800540422505,0.3690177324111727,0.1912891566965143,0,45.2311605049905,0.5361488932267116,36.78841889605394,270.38172783879594
28.413996499504883,32.95042997505618,-35.03514660063159,3.26722859903347,3.024061178921868,3448.8406386641027,0.402526355490142,0.135516873560754,0.4074052716113487,0,9.880299169000399,0.269021614525448,4.5364334755512985,1405.0758571392062
36.162871409461374,32.65482618347967,-6.970641451924983,1.5662468736529096,1.9706918694873088,2428.332240439784,0.9200400525459036,0.5183996266330652,0.9369492539086954,0,3.086589979517705,0.7192198395894844,3.5080452259817037,2275.2240809224863
109.85541885270791,68.83322629794495,-41.21777923457353,5.223492241424851,14.45585121736748,2653.028473380499,0.6502550710936615,0.1126092293492206,0.3772519857156954,0,75.51002667711101,0.38143215022144106,41.02219255476297,1000.8602597430731
80.64290596595899,88.63718284855989,21.59137086902373,4.223174306482605,1.709863934708466,3429.852911945028,0.0904189777916607,0.9339874185126172,0.6640741211998341,1,7.221053436642044,0.512203198152139,7.9942768826009,2277.6765583445867
20.919705161662964,122.4488901369352,37.62688969792356,5.10849606168492,7.229516944597118,1631.605347372916,0.9478565672536609,0.183579627355146,0.2550872224213981,0,36.93195883935877,0.5657180973044034,101.52918497527224,416.2016761492575
30.14715428660321,111.99544519278062,-19.79664034045595,5.223203536422097,8.824899559020198,2905.5205053584177,0.2585572636402459,0.2527658599511641,0.1270335759732317,0,46.0942465852441,0.255661561795705,81.84829090617741,369.09865985923113
86.35017691080559,83.5083247652098,32.250750911920875,4.6159571951615685,8.16647887152083,1803.592889913486,0.3372124904062857,0.4066365268849704,0.0585366000800501,0,37.6961169061315,0.37192450864562804,2.84185214559578,105.57619570408755
20.50615838462187,62.83519995379991,-18.7003592584292,2.9156583068734454,1.381879139790854,3108.601015444939,0.402260413683542,0.3831644685591258,0.3054134985427513,0,4.029087393026335,0.39271244112133386,42.32904156917804,949.4087117005881
36.08080514174986,149.65494001892534,36.969314547952365,3.858007152584835,0.9497010186539284,1041.9726239339095,0.0512242964043132,0.794662892397889,0.1576610267969079,0,3.66395332278396,0.42294359440110113,113.57413487717548,164.27847378368855
74.87337893665861,81.14175626831675,22.856571323710558,1.3820097336585873,1.6717030691694317,3343.058531192839,0.4965154222306048,0.4563168205509623,0.1740104480161242,0,2.310309913379089,0.47641612139078354,6.268377331658144,581.727112756992
89.18951976926932,84.16644291956106,27.441609915729472,4.205049796111992,8.825256489701927,1156.315125232639,0.1233184910752922,0.1707682600033369,0.76075930838695,0,37.11064300265712,0.14704337553931454,5.023076849708261,879.677494949352
85.19612595026005,49.63485854300031,-43.37940999595909,1.4858929065660442,8.210738825751385,1478.6615209427946,0.4009703266883517,0.2672098954860741,0.0158380709448742,0,12.200278578850394,0.33409011108721287,35.56126740725974,23.419146072147566
42.426930946055975,125.37714584999152,41.65293213666233,4.316722747805862,3.582737801347489,2768.5767023203416,0.3507097879920843,0.509113385187522,0.5578101257354344,0,15.465685766500666,0.42991158658980316,82.95021490393555,1544.3401184295042
91.2179221347536,113.24186709377864,20.400389286329087,1.7627898841468277,9.602834713499314,1681.2654246962202,0.7728400834265033,0.1474539174261349,0.3794613805934648,0,16.92777989209059,0.4601470004263191,22.023944959025044,637.9752991992856
43.72490874968001,56.49235353465125,-17.572401415248002,1.14653215082621,12.319005780629176,2324.63413029934,0.8031705116327311,0.6116556756460141,0.5065499999085472,0,14.124136193705285,0.7074130936393725,12.76744478497124,1177.5434184905364
52.53996981592677,39.885725473901125,29.64551983729622,1.4090646957862658,0.7195265017142471,1833.7205032082852,0.153412882389088,0.5657473065511459,0.5628302372146029,0,1.0138593912481417,0.35958009447011696,12.654244342025642,1032.0733458060001
94.6491405118024,111.65991624896556,-19.663092142656303,0.5109567437048865,7.522136158865831,2727.1098112693453,0.3665511873792262,0.7147023163822577,0.3133676944572782,0,3.8434861974388683,0.5406267518807419,17.010775737163158,854.5881140892977
84.96328990472146,108.54134571373623,33.547845560951515,4.4530678981944165,10.370725140330086,1184.9937571058326,0.3733531610318317,0.9377046153793676,0.2951088601842853,0,46.18154320340169,0.6555288882055996,23.57805580901477,349.70215698499607
104.9223410494178,62.79114323978512,-34.86776486292567,4.528205769821085,3.8594477133383376,675.373961710631,0.151410443936085,0.9122545611011555,0.7334018493349057,0,17.47637340386145,0.5318325025186202,42.131197809632674,495.32051251121857
85.76128923003434,144.10362747004925,18.331737971471615,3.332133424522927,4.6857864888679215,1399.7881924191988,0.7984535050511905,0.9460756180688312,0.8712769881211572,0,15.61366577973473,0.8722645615600109,58.34233824001491,1219.6032402985584
76.83086033354716,48.126947013708026,3.662862898041929,1.3874954058046105,9.243204754541818,1922.9259946052907,0.7072283283354233,0.2447155970237009,0.1925816324585278,0,12.824904131838105,0.4759719626795621,28.70391331983914,370.32022713802513
29.36747678280925,81.88017612511223,-36.311897682410326,0.9595488563087936,13.47923587231168,1004.0601565780356,0.1903817862970347,0.1315653066393546,0.0976187605351489,0,12.933985365193136,0.16097354646819464,52.51269934230298,98.01510798787537
56.77158030594335,143.23391042011187,-23.22955545670449,0.6052093154050786,12.1678738625132,1564.391868969166,0.366721908593799,0.3022767004964485,0.8977958063920259,0,7.364110610266963,0.3344993045451238,86.46233011416851,1404.5044595143008
46.52023676817255,80.36727803113467,-43.88363673504167,1.4116149733087138,8.788640264583794,1699.9490548807055,0.1058050248565142,0.8950851727663146,0.3498954636473986,0,12.406176192510339,0.5004450988114144,33.84704126296212,594.8044627344415
44.39896433790835,106.62311371969028,-2.8108831081944743,5.399705442407307,10.980303594583011,672.1755310648207,0.6282065970930439,0.9720534746234882,0.5513173906628142,0,59.29040507895441,0.8001300358582661,62.22414938178193,370.58205985404834
117.30105547524455,77.71132775553531,-17.886126531599967,1.8284526293592496,5.5358548060962,2249.9217445526137,0.1213719245486196,0.859324951070476,0.3595431445200034,0,10.122048275957635,0.4903484378095478,39.589727719709245,808.9439389603785
59.30977246667604,62.9058242818404,8.852173586798294,2.448492299694686,9.65038636867149,3153.0302839138626,0.9859341686249178,0.1100177211275436,0.1258023363460513,0,23.628896712770707,0.5479759448762307,3.5960518151643655,396.6585762862174
109.20465551771132,148.0773177551794,-18.24859730622445,1.0794001646473326,7.046105707800598,955.2287388591571,0.7806820746878623,0.9474279980597932,0.589331644947728,0,7.605567661122476,0.8640550363738277,38.87266223746808,562.9465239732108
83.11386259972629,79.12008075780517,-18.007279964371378,1.722987176114937,2.930048433217658,2293.424040204542,0.390238549583995,0.423358027350786,0.5251408517696297,0,5.0484358758296874,0.4067982884673905,3.9937818419211197,1204.3706539419586
99.48113035416485,137.29190444149611,21.887387885844305,3.355735139291128,10.555900280771132,2494.217614732539,0.5785639322793544,0.0093102907623536,0.2029935591911972,0,35.42280549903677,0.293937111520854,37.81077408733127,506.3101110119363
70.2637093105192,57.59455270693034,-40.66714476194819,3.842639757026089,8.391323096497448,1758.004041257865,0.9113418162164088,0.4423937407481936,0.4518690446522778,0,32.244831744652366,0.6768677784823012,12.669156603588867,794.3876066180351
77.69038846263591,55.57256448301,36.26054956727886,1.849437727914161,5.443461571108512,2603.29276209281,0.5540992803958261,0.0460691696754675,0.7969475040156458,0,10.067343200058975,0.3000842250356468,22.11782397962591,2074.6876689718615
69.25176938188639,33.73608994614136,31.70374869520633,0.8175268757381446,13.678953932171598,1732.194630473036,0.1744984863979551,0.5438779211611176,0.5904261031078913,0,11.182912471534255,0.3591882037795363,35.51567943574503,1022.7329254946086
39.52429877980445,108.2000190451062,15.102421490376583,2.6506807802006924,0.4119183556183257,2013.9118639323049,0.3787033555811593,0.3385540274370513,0.0969173270669948,0,1.0918640682493699,0.3586286915091053,68.67572026530175,195.1829548008283
92.24521152615053,74.22316124685133,8.389941309664586,1.7881185400948378,4.8050199536174905,522.0591336632809,0.8431448650297454,0.4734349335940487,0.5480214972291351,0,8.591945264589073,0.6582898993118971,18.022050279299194,286.09962807229635
48.07723624408558,133.72298998075644,35.30722483256871,1.7075465777639107,0.9475328268869336,2575.1603424040663,0.6442130159896179,0.613170360743117,0.7027382992895869,1,1.6179564358697476,0.6286916883663675,85.64575373667086,1809.6637994190237
22.431596643145383,86.78518880298685,-28.3202838424157,5.779245414924004,11.521257011702245,2484.028036834173,0.6507243843338003,0.8688010958178203,0.7927034057807514,0,66.58417175904123,0.7597627400758102,64.35359215984147,1969.0974848533226
84.54722959071678,146.18321134976662,-37.89277540282542,3.8896526725914815,10.56140106629551,615.2026319790336,0.8668214856884892,0.6619015764719286,0.6291175786342668,0,41.08018188382685,0.7643615310802089,61.63598175904984,387.03479020007757
37.71106794070489,52.26306188437454,-23.44408470814157,3.5628314374465275,5.037148059171123,1604.7503221853992,0.8939730574625047,0.4340488684781807,0.1526581645407837,0,17.94650946028764,0.6640109629703427,14.551993943669643,244.97823873105435
114.04585843529144,134.23478015467327,26.512045083017128,2.786763069378271,10.167377242885388,3437.095522375002,0.9197925717794364,0.8194278536703651,0.7101732665901607,1,28.334071412910067,0.8696102127249008,20.188921719381838,2440.93335470747
115.39285770025872,123.191622335009,-41.8796759946165,2.8591938338657936,5.999464670319653,1762.2096877058505,0.0948491932531561,0.9055821375731322,0.6773418460815164,0,17.15363239187363,0.5002156654131442,7.798764634750285,1193.6183630534133
111.48643902204483,122.51062135728624,7.452615157514067,3.4749775211094445,11.368181492194273,2005.8362153955247,0.5441260019631009,0.1197599664321972,0.0244268829406332,0,39.50417514126752,0.33194298419764906,11.024182335241406,48.99632643154921
57.01587002554444,131.3739873740265,44.589376457217895,4.330363938698589,6.86733657477692,3229.790474479156,0.7405095212183186,0.5319329775527915,0.4117476675902431,0,29.738066658319863,0.636221249385555,74.35811734848207,1329.858694671977
21.545661652886743,121.32287891315988,32.012648445378545,4.361803529000062,6.2429679446918165,2651.785627597269,0.7569268451270138,0.2845119597424441,0.3329502469623733,0,27.23059961259103,0.5207194024347289,99.77721726027315,882.9126795997828
112.83185625877252,105.14643859576984,1.9301120139230503,1.4443164923799725,14.027475740775683,2246.2103933726708,0.6067162019700039,0.0470611978769474,0.6694120642536434,0,20.26011455886229,0.32688869992347563,7.685417663002681,1503.640336175588
62.81841483173143,45.74938532188651,-39.27231816420219,3.2506201364214484,3.838098588371434,2893.4140440232177,0.1667873351836741,0.6685466951139853,0.2161358123109207,0,12.47620055693092,0.41766701514882976,17.069029509844924,625.3703947567842
116.66548190436696,33.90314153895023,29.823616294713887,2.765769522687561,1.894665365948825,3093.09879936792,0.7974205539416643,0.8627707774592256,0.5908719229742585,0,5.240207724832935,0.830095665700445,82.76234036541672,1827.6252355318932
116.36199770892529,140.5017417378824,8.908065735948952,5.287898314481613,8.809692387565926,1870.6642152118009,0.7201113335149457,0.162902654477394,0.9132059618141724,0,46.58475752731136,0.4415069939961699,24.139744028957125,1708.3017138838466
105.300945546736,103.99803774248856,-34.656030264638986,3.97280406670107,14.542895003034266,1925.3250947955064,0.0861357715490362,0.8124136576239005,0.7978023722086077,0,57.776072409661204,0.44927471458646834,1.3029078042474396,1536.0289279006176
49.44488920695856,125.58447491714116,-36.55284436589794,3.4287723652879,5.7298042845350805,1658.1528069555077,0.4638098246743762,0.8533957335369416,0.9214577362165304,0,19.64619458932209,0.6586027791056589,76.13958571018262,1527.9177317983076
58.50977286019253,87.782682181506,36.86641374929332,1.1346705319840455,1.0243477780688448,3400.1184200553816,0.1739773995218035,0.9143404426664836,0.97850596693269,1,1.1622972382780512,0.5441589210941435,29.272909321313477,3327.036162301941
105.11366715168568,44.076982675487336,15.228023664427056,3.831008391278763,5.155648482912555,2591.498762871051,0.3374770457129719,0.2652850890860524,0.0106701270061627,0,19.75133260052162,0.30138106739951215,61.03668447619834,27.65162093614763
51.69220051562777,45.02229506430605,29.635811938508,1.1446214812412838,7.6383816493614205,749.6691986242168,0.0180810922056854,0.9039530651898892,0.6227412763774776,0,8.74305571777831,0.4610170786977873,6.669905451321718,466.84995361212555
36.94927466860925,112.26783446747656,34.10810102540405,2.354636165611637,2.5126527988199845,3088.878869939055,0.4003298684107582,0.3206627547364322,0.4128393977589064,0,5.916383151726836,0.3604963115735952,75.31855979886731,1275.2108924158508
75.68012624583501,81.63670738793553,6.459511684348996,1.285630806478825,9.90572304904173,1941.679822508804,0.5498769211562105,0.5523380134555028,0.8598544903351217,0,12.735102712295406,0.5511074673058567,5.956581142100518,1669.5621141772972
113.6154774160781,54.062967204040405,1.5701716579537148,4.306405058634029,14.96646589625199,706.2617192674624,0.6195825928270868,0.0505074708322821,0.2518147020091317,0,64.45166444549325,0.3350450318296845,59.55251021203769,177.84708437779307
89.6029796674973,88.99134560897242,-6.2615330711108825,1.6343866260988391,6.830918192123512,2149.151765489933,0.6634903451287101,0.0438810883687436,0.981029489115076,0,11.164361337181928,0.35368571674872684,0.6116340585248707,2108.3812585293526
77.0061170089365,37.70507244901609,-16.474807098799264,2.6552265525341427,5.385455495280168,1751.4928369271065,0.83629131310246,0.7203732127322029,0.6137079695437473,0,14.299604428558816,0.7783322629173315,39.301044559920406,1074.9051126209522
29.717649377076853,99.83656822972786,-5.886363522715939,5.426211276903283,6.0704920858335525,3133.248214587875,0.21546290727573,0.444479977977791,0.793537402228831,0,32.93977261250215,0.3299714426267605,70.118918852651,2486.349648742185
81.50072266991697,62.27920853221172,24.64916901571408,1.6237401086943366,1.815678058088497,1111.983810828162,0.1204818224384679,0.2562923753692175,0.0855995528227683,0,2.948189287394538,0.1883870989038427,19.22151413770525,95.18531695304843
119.00538501042632,125.70709207646256,9.17310879136184,3.292927851773285,13.260776661250734,2979.3938284765486,0.8515371718979257,0.1904134960249102,0.183457884758865,0,43.666780803977694,0.5209753339614179,6.701707066036235,546.5932896359242
34.0084015236524,67.24343507082885,35.32709609593614,2.805994136413121,6.280902267268144,2173.066073556358,0.1566128148926499,0.6699534908592181,0.7584036730342032,0,17.62417493333829,0.413283152875934,33.23503354717645,1648.061291931156
71.83296523637367,84.62641788981614,-5.095798705873108,0.5996822257515135,5.870388730230135,663.8309096404071,0.9747600813361952,0.0004015440253398,0.0219865220393236,0,3.520367779771009,0.4875808126807675,12.793452653442472,14.595332925193045
107.73730719279554,31.39446478897208,9.63806208468786,4.86016962465047,9.929385066664068,3415.535903976454,0.842538229398637,0.8058911691968542,0.8168779858937828,1,48.25849569245869,0.8242146992977456,76.34284240382345,2790.0760899881866
94.07686177542044,38.693626535347065,11.817679778278986,0.8797524847302984,6.68629797187374,2037.8457323096,0.5008766058895991,0.0792496061299288,0.0139490186919114,0,5.882287254403078,0.290063106009764,55.383235240073375,28.425948211218486
89.7015740995268,77.09922676880217,8.252744607569298,3.1084026153732447,9.758678685236903,1372.6305626947474,0.9814214249220252,0.1914896149081194,0.6571188390612733,0,30.333902347777528,0.5864555199150723,12.602347330724626,901.9814018179948
90.24840839871092,87.59266016605483,18.23703957769647,3.5837306221642247,1.0155497229487338,1908.2205259677744,0.0973767291080042,0.3862363952990896,0.3650939202318058,0,3.6394566404617716,0.2418065622035469,2.6557482326560944,696.6797124923731
55.94911512197552,102.00246577431643,-23.630987846267438,3.956345511380229,12.224477821461187,3073.5733505524668,0.3030657611751016,0.4848587397161036,0.6114948527191991,0,48.36425795790513,0.3939622504456026,46.05335065234092,1879.474283317736
49.35918442644933,64.99950944511639,1.1127399791211587,4.287473961193316,14.1135088979031,1414.7093731551904,0.6382244150406114,0.3549951158139418,0.6960314069891137,0,60.51130190082972,0.49660976542727664,15.640325018667056,984.6821554778943
100.93611554785136,113.3978263351851,-35.61976774724871,1.892998109374933,9.766604253774853,1078.029189460101,0.3500068684731787,0.3207121649842939,0.3424752191863042,0,18.488163387408974,0.3353595167287363,12.461710787333743,369.19828294958194
101.01133946791808,133.2146876627045,-10.393980511966872,0.5548832716214716,14.32303233999628,887.2137407926443,0.9283725519807918,0.9639160120731884,0.1079624481108355,0,7.947611044357277,0.9461442820269901,32.20334819478643,95.78576745354611
106.70723185801036,123.58211866720198,-1.1099638240862006,4.478940142952016,2.3563414841124533,1393.5781951706338,0.0656260881778175,0.6415796812433943,0.0696458677482656,0,10.553912463694397,0.35360288471060586,16.874886809191622,97.05696267772063
111.32405525564712,34.754259041802854,13.70018335909252,3.446111296411682,7.213501223257269,2840.1442611201305,0.5494118320609646,0.0234329553673882,0.5889360225625478,0,24.85852805214636,0.2864223937141764,76.56979621384427,1672.6632646479359
71.13423988609378,87.66083367093947,40.54779473275832,5.0986473676398685,9.066920335787165,1914.879095585785,0.5908662673951145,0.4301759084443132,0.5206553537341115,0,46.22902950266162,0.5105210879197138,16.526593784845687,996.9920528702725
70.15162946871996,42.59162141018098,9.058595989352028,5.017635995953818,8.767876046575681,1182.44481108062,0.6527281237772241,0.8750086997439702,0.7422010091211325,0,43.994010459359394,0.7638684117605972,27.560008058538983,877.611732014083
99.82951789667752,59.0454019035033,21.923452455890384,5.138293922833357,6.081780508426744,998.5549988292476,0.2556662233318144,0.3014561864106679,0.5097355100039371,0,31.2499758264555,0.27856120487124114,40.78411599317422,508.9989415952073
84.99639307777652,148.39951119205756,0.5639453545682471,3.168020629887471,5.137457699557294,1498.1884295311374,0.3645664275198644,0.0945563447743882,0.4224457900308791,0,16.275571977371737,0.2295613861471263,63.40311811428104,632.9033947284034
90.19668772577032,47.09946514818159,12.069362823869817,2.334956177102761,1.98967793600124,3319.7731186571264,0.8436805296649776,0.7583847715899178,0.3980871782362308,0,4.645810787111167,0.8010326506274477,43.09722257758873,1321.5591131907072
99.57926694361012,89.86657841416273,-38.61610054796039,4.853570114252535,5.936962513377945,1529.0801377700732,0.1949427689701598,0.6060138319360813,0.0264469025976674,0,28.81546382436881,0.40047830045312055,9.71268852944739,40.43943346763297
109.00053418175663,104.17868811817428,-22.10475772423377,2.982117621660902,2.5236461450717287,3464.372227863906,0.826867847173362,0.5703125078265039,0.3355572016966571,0,7.525809640055007,0.698590177499933,4.821846063582356,1162.495050417626
53.79951568515358,114.29579646529248,-12.43322161153752,1.50893208021889,11.042048579734054,1955.6913672960688,0.5626554229027424,0.0535765596074079,0.9760201575244942,0,16.661701333296143,0.30811599125507516,60.4962807801389,1908.7941963776027
57.5582952639944,97.15784201842968,-2.475598049413776,5.202357107588109,3.2115809388693908,1037.4917548704525,0.7621875111940821,0.1404990097955173,0.8735555762270888,0,16.707790923921667,0.4513432604947997,39.59954675443527,906.3067077567117
29.3981939840869,31.17250169030204,-40.89161290478546,5.35407932224791,0.9726230487395544,3173.420275380528,0.7136073662634715,0.6225493962131138,0.3293780670342177,0,5.207500953598169,0.6680783812382927,1.77430770621514,1045.255036192033
77.8280140996174,69.17535698927902,-32.39783122020141,3.064703658770936,8.330255453476791,1881.0661194044808,0.207511495384879,0.2078238414588358,0.5877954050663722,0,25.529764366766866,0.2076676684218574,8.652657110338382,1105.6820216119856
23.59422737967421,92.12539720616536,-20.08671229878248,0.9163485002038312,8.968923017519083,2629.0140305135733,0.5688127364338729,0.5040700797484243,0.847296745535494,1,8.218659155547233,0.5364414080911486,68.53116982649115,2227.5550320213024
66.55980181324603,40.54397989738,42.43794218109456,2.633043494543122,13.091504613079533,3451.134749627455,0.8677231528050924,0.5448816860293935,0.4412743367500686,0,34.47050105525033,0.7063024194172429,26.015821915866027,1522.8971976769694
74.26446347075766,72.07523174510169,-15.178769360725433,4.919457127044319,8.69702602502346,650.526050959922,0.4321162368019293,0.2835071902709394,0.0179578637501509,0,42.78464666289158,0.3578117135364344,2.189231725655972,11.682058189062001
48.65412521282844,33.98437305496399,-1.616304769912574,5.459757157004257,5.247664720479341,790.0836793627013,0.9665907702233169,0.9484251555414928,0.07451046181864,0,28.65097501519583,0.9575079628824048,14.669752157864451,58.86949982468517
79.08332605690107,39.42941965860249,-27.351205853544634,1.619100083736777,12.064877034742176,2661.3702243882685,0.452215100101718,0.8424641068355752,0.5103927213487066,0,19.534243417224975,0.6473396034686466,39.65390639829858,1358.3439913419463
23.05002499390494,77.63079314419153,9.970206396819144,0.8683548661389934,8.150155508492574,1345.475009886416,0.1427856366678846,0.7223735076327985,0.9694393756758783,0,7.077227195589049,0.43257957215034154,54.58076815028659,1304.3564535717835
23.73481887492144,45.92589048516725,-19.73851060356231,5.325427492230613,1.2812762410047571,1052.9041908502973,0.3894346800776732,0.077993866409409,0.6932095422188678,0,6.82334371898863,0.2337142732435411,22.19107161024581,729.8832321396619
102.26005606596584,98.10490179138698,-26.37066794054159,2.641727164383814,8.531173348667375,618.0856394591885,0.9517024063905372,0.1061300193090194,0.0709161914385695,0,22.537032379241833,0.5289162128497783,4.155154274578862,43.83227953331846
56.019064141126286,112.73579629647188,1.4915365601381154,3.479685303471598,13.62947632678277,565.5401359586054,0.3197208493398542,0.4927813458649557,0.1893608757918627,0,47.42628846832007,0.40625109760240496,56.71673215534559,107.09117544057062
32.70605126518848,126.07040389308996,-44.504478075562126,5.824361966279174,6.005058119923486,2823.4568093593725,0.8680981598670628,0.1607133491909856,0.77132314321685,0,34.975632118978275,0.5144057545290243,93.36435262790148,2177.7975809320897
72.22432600548044,54.01802930937721,-44.31023706156972,0.8661060035282258,4.5152544483070205,903.30028210865,0.8812506816818898,0.978265463529474,0.8414397599562448,0,3.9106889851362374,0.9297580726056819,18.206296696103223,760.0727725459107
96.99935530986107,50.09790987108837,-25.2838071808328,4.065749040986526,2.237694909568499,1903.161847913453,0.350186524331961,0.1585202340274094,0.6176945861885909,0,9.097905932598556,0.2543533791796852,46.901445438772704,1175.572770096814
41.58210274968432,42.54814084012803,-41.6950773749261,0.907579824161769,2.356538276836824,2317.690445538449,0.0832576580506321,0.487467835463974,0.6444231696298166,0,2.138746594922043,0.28536274675730305,0.9660380904437105,1493.573423134629
82.28904758190004,106.3716299452364,-35.27768212823778,2.565079106565752,6.548295116693101,1785.0554017065388,0.7245579091588182,0.3641210568415054,0.0283374503833846,0,16.796894987456017,0.5443394830001618,24.08258236333637,50.58391887745171
28.5347464993768,114.77708717842812,-14.502541559512355,4.920979998563957,8.97562938000679,581.3199570086994,0.311512299013986,0.639386421454098,0.8285302595815085,0,44.168892653536425,0.475449360234042,86.24234067905132,481.64117488032906
25.16817211686077,33.790337379077044,27.23271116218315,2.884097280155989,1.3011695370270662,2850.5045077637265,0.7829236142575724,0.1290364088894249,0.7882752081708296,0,3.7526995227615894,0.45598001157349866,8.622165262216274,2246.98203424934
73.13546315681481,142.34546954924278,6.484377903237075,5.984502946466227,14.09957197647497,531.5396736249604,0.4426548482604331,0.4303164280423909,0.2590351441033471,0,84.3789300371271,0.436485638151412,69.21000639242797,137.6874559540877
74.06351216101065,36.23655403817669,1.1400953360774793,3.574826067206312,11.35149089993342,2785.669683132452,0.4852667423426215,0.2747050328071436,0.708676719965507,0,40.57960557073723,0.37998588757488255,37.82695812283396,1974.1392539496592
83.74299014982066,94.95556023612846,-18.58600591126905,2.2663918394977443,8.840696382426573,3179.913481364368,0.7779094067485368,0.887751524671688,0.2148546064249981,0,20.036482136608814,0.8328304657101124,11.212570086307807,683.2190595040869
92.60913337226616,115.08726233410997,38.85783474895348,1.7106122924761422,12.443736196990963,1798.5197631715168,0.3823633310616279,0.040585712134695,0.0403301610515129,0,21.286408102903064,0.21147452159816144,22.478128961843808,72.53459170303611
117.58520794625346,134.51629484953023,-9.268646288652748,2.42786293857389,1.2947826765004882,2106.6274192933947,0.4431273453229145,0.9137274940064593,0.2011365425903772,0,3.1435548737830414,0.6784274196646869,16.931086903276764,423.71975564276227
71.63003483011954,115.69043185589132,-37.161650988380565,2.548933005677529,7.204899278223553,1930.9501778529611,0.3761904687696221,0.8329941385530004,0.1786288767542995,0,18.36480557284622,0.6045923036613112,44.06039702577178,344.9234613383893
52.2956472941246,126.20736996837502,10.535986450602117,0.8779252274817854,9.488387590238784,1667.6258558703164,0.3673405152772799,0.2975707164408154,0.3377479967348472,0,8.330094833595734,0.33245561585904765,73.91172267425043,563.2372921234344
99.51861947687036,70.73402310513673,-34.75454458710587,2.5326580968472525,12.44692830116251,3162.273606111081,0.5259465769014594,0.7892906546771047,0.4184494971754581,0,31.523813742816447,0.657618615789282,28.784596371733628,1323.2518004084045
47.083225126207424,127.77901364958149,-13.92991714784771,3.053311858565737,11.773696444734089,3181.8005320099714,0.8087994445011507,0.0312135603387475,0.5085388914977079,0,35.948766973859854,0.4200065024199491,80.69578852337406,1618.0693155151682
63.89714207056361,39.613781566161016,0.6670744846028,4.475057637313426,4.228331820729654,1507.4490939246036,0.3617683119225658,0.9668655502933936,0.4767538755083281,0,18.92202860745162,0.6643169311079797,24.283360504402594,718.6821976600725
27.8456381342266,137.37799872726333,33.680027221665824,4.112012165968844,14.119114526432144,2345.209262044094,0.5242547205377367,0.5265949425897893,0.2706746059652893,0,58.05797070539641,0.5254248315637631,109.53236059303673,634.788592909932
22.53507434154575,95.71108513844835,-0.5808077693893168,4.398211103760348,1.9527530373199684,3280.7226864375925,0.6707273254426008,0.3032810260654452,0.0291706685740744,0,8.58862009164243,0.487004175754023,73.1760107969026,95.70087416951802
116.26484146779252,128.07573239549924,18.20328894284978,0.546000250322714,13.139490917455166,3386.175496824055,0.269439446303655,0.3625832125946771,0.6051016222371507,0,7.174165330043548,0.31601132944916605,11.810890927706723,2048.9802863079253
103.59801205122058,84.27819414219601,44.353515509916335,1.697170697692948,14.567009719108816,2026.8771212661427,0.2775228049023925,0.0664053534604973,0.3957448298473544,0,24.722702048279864,0.1719640791814449,19.319817909024565,802.1261414769651
89.59742060936979,107.229323423583,-33.16597920918166,4.139263586199211,2.739587496017121,1858.4744158529804,0.9334131270234548,0.9893495140420392,0.2986721573875497,0,11.339874763470343,0.961381320532747,17.631902814213205,555.0745632323759
60.89529444142699,93.16831931233358,-20.27416270324324,3.161941524988609,10.8587843566364,1336.0829477855773,0.7235345733310886,0.0392919451506924,0.8669410428305123,0,34.33484116814535,0.38141325924089053,32.27302487090659,1158.3051440612933
37.32943200708458,117.79074261063982,-9.488153196211826,0.5292241161759027,0.7002542297921771,3376.61561957123,0.5771866762233089,0.654907123147859,0.7467433077981598,1,0.3705914258602024,0.6160468996855839,80.46131060355525,2521.465116921553
35.6437042671086,39.79559784367075,-7.035463931505177,4.924720533375023,6.140800094573408,928.442913418602,0.647720054420612,0.4427359277064583,0.8577655483724422,0,30.241724317096946,0.5452279910635351,4.151893576562145,796.386344761015
45.02428981645953,37.242250078867656,-8.008103226100879,4.750452653096856,7.792621158045343,2239.4887281431747,0.0292994431034183,0.9489162181887152,0.494982794712461,0,37.01847785481519,0.4891078306460667,7.782039737591873,1108.5083893833635
74.92266647061206,59.65238808121757,36.68499023008994,3.5163053964645945,8.751613866053548,1347.6508025559165,0.6181029655616969,0.2459997403067951,0.1309312521267774,0,30.773347064978463,0.432051352934246,15.270278389394484,176.4496070083026
91.45959227000624,49.1453616135826,19.26293800201708,0.8655482917694967,14.045464998903537,1337.0248710433898,0.5095088732242019,0.5320868239380113,0.6962214361212724,0,12.15702823690921,0.5207978485811067,42.31423065642364,930.8653758476879
86.01973767177313,134.6140279910642,9.711469268163334,4.715832772429216,10.1165352406835,1714.9057621285654,0.5457496797794357,0.4823562085827529,0.2060737799371752,0,47.70788843145034,0.5140529441810943,48.594290319291076,353.3971126378757
47.993389694594285,56.30567848296532,-17.156455392349613,3.710424732522502,7.271041473166631,3496.3788074469635,0.3594238268308171,0.7028664440501013,0.4412296690917168,0,26.978652113234315,0.5311451354404593,8.312288788371035,1542.706064229115
115.4865280663194,147.10383069829575,29.141134579916525,4.800779874368775,12.164158040361752,664.8989205194662,0.0814738977129418,0.0680102319524205,0.0650007889488885,0,58.39744510880982,0.07474206483268114,31.617302631976358,43.218954405029606
93.78969166957684,70.42749501253283,40.95544603364901,4.634608458177122,14.262939032220691,2235.6254546105943,0.1933392336120521,0.1937891300233548,0.8253084024229824,0,66.10313787719463,0.19356418181770346,23.36219665704401,1845.0804723608233
75.43540525114007,51.85414988264391,28.907845429520396,4.916511395768104,0.4287856153661336,747.7164741058316,0.9507447132126716,0.2145648200928498,0.1259406410475005,0,2.108129364289035,0.5826547666527607,23.58125536849616,94.16789207066523
81.17207462343522,124.7638208570975,-44.85914053276744,3.3490443652254367,14.739566956614976,963.5624899715568,0.4086995622709339,0.7381507548416897,0.9030975070493096,0,49.36346366191442,0.5734251585563118,43.59174623366228,870.1908825795383
61.96000624277899,109.04493306010514,12.276123316506634,1.2717848500643325,1.383368872048837,1818.688825318696,0.4666831558308641,0.18913869632674,0.8642306022615571,0,1.759347573522295,0.32791092607880207,47.08492681732615,1571.7665388315404
44.77309895011575,89.78348597437667,-40.39781567021093,4.191366103588288,12.234363011104543,2031.380394039324,0.0527097898534389,0.5734917638909767,0.464582764439246,0,51.27869442373792,0.3131007768722078,45.01038702426092,943.744319090474
55.59726786512616,96.64362611251576,-21.815350169965036,3.9126058177858383,4.276987813016046,1276.377225093572,0.0375662295439805,0.2152438205009537,0.7443682043039906,0,16.73416739980571,0.1264050250224671,41.0463582473896,950.0946230574126
95.78461104643692,116.30421339267166,-39.64277696870055,4.58239252959498,2.069476900532689,1449.3713926232483,0.7171814470467577,0.8616249500839784,0.6194450738181533,0,9.483155489170368,0.789403198565368,20.519602346234734,897.8059692934277
21.439348862975585,57.41456895975585,9.3415907654449,1.4343455332790442,6.65384903173614,760.9010607677992,0.5380946641211113,0.9421854544896384,0.8030756423377449,0,9.543918637783825,0.7401400593053749,35.97522009678026,611.0611081315718
31.607264050691622,149.56006992680904,16.793092214334614,1.5723635994515908,9.694953033769442,1409.6593515327515,0.5087059842162667,0.5184929749422404,0.431805100785912,0,15.24399124869184,0.5135994795792536,117.95280587611741,608.6980983624031
24.600264202175275,146.975179457614,-34.696112574068536,5.397252344706307,5.776182490849777,3399.6753181416325,0.2431245304226686,0.3523088842091783,0.78580848424435,0,31.175514492190477,0.2977167073159234,122.37491525543871,2671.4937086718046
24.072880231897013,108.03908236163242,-10.454500525951843,4.624877891486389,0.9130245834122144,3334.1221450174453,0.7447507316299222,0.2340577750174991,0.4624568170651479,0,4.222627210206721,0.4894042533237107,83.96620212973541,1541.8875148911911
105.54605840110072,53.94509411149741,-3.938714194001221,5.495256687851776,9.031970980914878,1504.634870410955,0.1682365791084918,0.0497810015230437,0.9409657878427938,0,49.632998937355644,0.10900879031576774,51.60096428960331,1415.8099362519843
90.36578593800236,111.62738909175496,-11.785228041517506,4.672934266401564,13.545808814049051,2212.5618088362844,0.18993474366102,0.2685000761974954,0.4863721008251476,0,63.29867417329414,0.2292174099292577,21.261603153752603,1076.1283351691923
67.41738290873252,38.6638090775011,-34.107749956332626,3.78435418294666,5.80990895261405,3228.786173332833,0.4607121713482754,0.6542357799453179,0.4626192719337295,0,21.986753247364227,0.5574739756467967,28.75357383123142,1493.6987087369278
29.78341606510015,33.67830026469673,-7.294698883127211,4.097730053653305,3.323358386699323,518.55146792269,0.2862798621119409,0.5336169313092108,0.7850718615635127,0,13.618225540238578,0.40994839671057587,3.894884199596582,407.10016623855836
69.16158751168324,60.92194662134564,22.606024302757632,5.390203581670055,6.694402454398949,2932.0507110127755,0.2474629812331463,0.9440412782809274,0.821577691760838,1,36.08419208684202,0.5957521297570368,8.239640890337597,2408.9074552795996
67.34717707805657,85.51475480871795,-38.60931019200701,3.683437149815673,0.820604394626835,3345.108658366757,0.6452376445533317,0.3962772624917006,0.5544891143211708,0,3.0226447124704845,0.5207574535225161,18.167577730661378,1854.8263372858628
37.32018699100152,134.19270064900564,-37.78379873262869,3.9781522838061303,12.325265008756094,773.9772030006711,0.6509717452185445,0.6938633423283945,0.1797978134950754,0,49.03178114309884,0.6724175437734695,96.87251365800412,139.15940879455476
63.385164923797305,117.26028837195696,-13.07058373476142,1.3606219380198032,12.412478083157785,984.3430580987632,0.8245170697999292,0.4893227474751214,0.4677582309575795,0,16.888689985134477,0.6569199086375253,53.875123448159655,460.4345675116514
59.85047343973734,119.12478254399772,39.75531404570326,3.106566710638565,8.861206905101463,3382.238908314066,0.4177085669729758,0.5125762159242117,0.9680725029096784,1,27.52793038746879,0.4651423914485937,59.27430910426038,3274.252485410096
81.58500980522165,81.05920013376904,15.171538205062262,4.4401841157695445,5.361233045182003,2112.620430921039,0.0730850910261502,0.2677743146041175,0.7529861930391851,0,23.804861808155916,0.17042970281513384,0.5258096714526062,1590.7740156160357
83.50936508676438,71.51219910563555,16.08029610053083,1.9901848407400096,12.016772130242172,542.5899034151711,0.2736663849214577,0.4549507768419997,0.8111626038791322,0,23.915597728235003,0.3643085808817287,11.99716598112883,440.128638892777
24.53040097720445,74.52465155815233,-12.427200824592155,1.612397992884942,8.364836669346671,1272.8959962905874,0.9800054631968168,0.4707849970127072,0.0328254988192401,0,13.487445856464934,0.725395230104762,49.99425058094788,41.783446023252125
57.46126146264712,148.51794764832692,8.429471208768462,2.2260474452342853,12.40639139739524,1849.8310228065789,0.5962585752327021,0.7066425217489339,0.4678594626341599,0,27.61721587474829,0.651450548490818,91.05668618567981,865.4609482942843
82.58599157142365,34.8131029694979,-44.08819343750309,1.828253453960584,9.508736009487007,2578.726733074303,0.7097370848010203,0.940639999186114,0.6466211336575554,1,17.384379452144,0.8251885419935672,47.77288860192575,1667.45920353355
70.31362585800878,134.04377953469384,12.248644176858797,1.682019503700177,11.78764155087068,2699.4811344103987,0.0073578296254145,0.3293212774825043,0.8300326836280747,0,19.827042991191085,0.16833955355395938,63.73015367668506,2240.6575703980225
105.64898411883225,99.4410490286872,37.1958252818613,2.836679635774478,9.018588598944625,3486.264538776368,0.5182057321825209,0.0422004685812984,0.0492736535827714,0,25.5828466220541,0.28020310038190965,6.2079350901450425,171.7809911815671
85.8693631618945,82.63385030275086,10.131612151033728,5.493111826359438,6.270701916413426,1362.5335981512771,0.0375286575318031,0.4962951255006397,0.8524388856418731,0,34.44566685662538,0.2669118915162214,3.2355128591436397,1161.4766220576864
36.29344270814297,117.03091924981638,33.63287341197105,3.2888280570629504,14.37339331289945,2114.660305605425,0.569230212091448,0.5444613321491686,0.5484009367419117,0,47.2716192026647,0.5568457721203083,80.7374765416734,1159.6816924849525
27.056874740042986,88.40027297096435,20.15757499194844,1.5335620944842767,8.162595990694786,2099.970643578815,0.9207708496360754,0.1684405511319152,0.1973139705760599,0,12.517847803918857,0.5446057003839953,61.343398230921366,414.3535457776998
84.24192782063156,134.81078856979929,-34.149742523667875,0.9233441815948074,9.115833826254022,1716.9357783417124,0.9684191305004078,0.7604646062760667,0.3172552164497,0,8.41705212385678,0.8644418683882373,50.568860749167726,544.7068319880341
22.65113105416218,138.08422368135103,36.22079765572576,4.328858798258588,3.385265827279764,1007.4856815272606,0.5405526753889242,0.9849291084414916,0.2819295517515607,0,14.654337760864147,0.7627408919152079,115.43309262718886,284.0399865890962
78.57755812734632,80.60651122481465,-39.02005400798026,2.605393204400133,9.42219676246642,3432.369689551528,0.4582048052522159,0.9457747170084608,0.5308590342884758,0,24.548527415450945,0.7019897611303384,2.0289530974683316,1822.1044587163597
114.02302414249576,63.21933566820619,3.0570725292987437,5.020070206219476,8.616953977295863,3059.951559999758,0.945017094248494,0.1971060388236521,0.0516856799111318,0,43.25771392978737,0.5710615665360731,50.803688474289565,158.15567687371592
77.5474177875879,101.08203943120348,-32.207658858588815,4.127309227524236,2.854092129410672,1994.999084882712,0.6736098319966951,0.8753632399007607,0.1585361584999235,0,11.779720781920963,0.7744865359487278,23.53462164361558,316.27949112816793
58.816992620652194,139.4836014740029,-43.94640503421864,4.879327977977527,0.9878477505618414,2309.736268052089,0.0648992795384094,0.7044936364116847,0.8126930433757824,0,4.820033167298559,0.38469645797504703,80.66660885335071,1877.1065970786742
84.32882184423532,55.27946268067999,-7.016916588512487,1.995703216801468,9.104953863750088,1181.7831606789869,0.4657255776674975,0.4538465638069116,0.132603990746811,0,18.170785714715006,0.45978607073720457,29.04935916355533,156.70916330341345
65.82528904915166,104.75599002761794,-18.44633631112594,4.30797407353582,11.479014813319775,2131.361211175241,0.2402450184643039,0.540610994324729,0.2333962694581269,0,49.45129820551521,0.39042800639451647,38.93070097846628,497.4517555560562
74.56167893159349,105.78722641110248,-1.2599555582157294,1.9523409158154528,7.898680426737922,2584.910399364428,0.4698043214486815,0.8496001749824581,0.4533706056041573,0,15.420916978071107,0.6597022482155698,31.22554747950899,1171.922393192335
114.14648087765252,117.97356268983371,6.947989806109575,5.664876636976604,3.478912117262721,2045.5010851597665,0.4554655720063617,0.4801349396383731,0.5171208881133305,0,19.7076079751764,0.4678002558223674,3.8270818121811914,1057.7713377945997
58.61026378007743,45.78812221527117,-41.063483492194734,4.000058548433559,10.03117745272622,3470.855511754824,0.582144802814742,0.3732073691051268,0.7636104796141586,0,40.125297120631494,0.4776760859599344,12.822141564806259,2650.381642002547
116.11905638239142,115.89899576185064,-33.929703438862894,2.284814900964381,1.2935753264830736,2334.0249687431788,0.3567704903492512,0.4932474930259858,0.4473324266661878,0,2.9555801814683904,0.4250089916876185,0.22006062054077802,1044.0850531673593
110.53506419560637,139.08390247987694,5.277815680538282,1.9823152426074997,6.683322201549124,1612.921137776507,0.164270449455928,0.5791298040350491,0.7898646210355388,0,13.24845147138794,0.3717001267454886,28.548838284270573,1273.9893432500508
39.57911347892964,51.56197306442904,-14.11493821446076,1.5500962178940392,2.534164700136461,2816.456082847514,0.5037194345899563,0.1890776537783488,0.6183463070454575,0,3.92819911720211,0.3463985441841525,11.982859585499398,1741.5452177844754
26.936130087516545,58.50519899086532,20.625613879450317,4.320525273915503,2.8484398607922623,1011.387534744926,0.8302028843457621,0.9009077302669908,0.1130997394238224,0,12.306756409781325,0.8655553073063764,31.56906890334877,114.38766663615326
30.077800137742663,146.56741128499675,13.706248373274567,1.7029358714886,3.1141798424572347,1653.5474411187995,0.6640122280676023,0.6741869488296138,0.1563314383928385,0,5.303248563987142,0.6690995884486081,116.4896111472541,258.50144992089935
21.82218256515497,51.717234325138776,31.10439266909161,3.7741679626011897,5.86193514995527,1540.8768511327576,0.3383678659252158,0.6332689173374889,0.4370337254497708,0,22.12392784180698,0.4858183916313523,29.895051759983804,673.415150709861
29.44429607559284,132.5262112043495,17.324354400230277,1.9554926480894652,0.8621380637439247,1795.421285323332,0.9355230227588572,0.0994962261806381,0.3968893930890396,0,1.6859046452893314,0.5175096244697477,103.08191512875666,712.5836642711206
88.30067734163569,89.07334277376418,-6.306203034886671,4.140829196366277,6.027122269843563,2845.339477786179,0.9122075712491822,0.6041739381725918,0.7435442696372946,1,24.957283865037613,0.758190754710887,0.7726654321284911,2115.6358638806855
27.1188648460229,59.66772892838125,15.566996015498916,4.9821685069729655,7.724440962009043,1952.5190964902224,0.2093483993840987,0.1209606622384923,0.5807371397973519,0,38.48446649489341,0.1651545308112955,32.54886408235835,1133.9003554954415
51.89756302937613,134.48998815270136,-20.21569431701233,4.7791388372955925,7.301084845998245,2882.0433507978883,0.0394175851203629,0.078697675195399,0.3881330810022493,0,34.892898141900524,0.059057630157880944,82.59242512332523,1118.6163653272308
104.48753109694546,83.43663060031986,-17.43178510996086,4.6846823201193,5.803483096005304,2229.466709419597,0.7413087083507622,0.5273108956423933,0.1707602834503856,0,27.187474654967268,0.6343098019965778,21.0509004966256,380.70436724368886
22.327193573582587,91.77808247156284,26.008664392871395,1.5324732313073863,12.603284460254212,1526.208303972666,0.8276102613491533,0.402785534046495,0.2268371023254951,0,19.31419606189194,0.6151978976978241,69.45088889798025,346.20066921826793
101.44684825889358,73.10800432797188,-4.822243523857601,0.9861172084148528,2.2653677170655118,2929.936231050417,0.9678645659513552,0.5888102701562232,0.575501018469059,0,2.233918089185771,0.7783374180537892,28.338843930921698,1686.1812850189112
48.18547747734,101.15410217219129,26.85423064665173,4.344218556680621,7.634881482342472,1214.8690116592747,0.8898363940883107,0.0892221680572386,0.4234388048997924,0,33.16759381364942,0.48952928107277466,52.968624694851286,514.4226824067953
31.816482762165627,49.622864710202734,29.018013630145063,2.5259096758689323,1.0244171126526591,1173.1489393993866,0.6005347682064148,0.4309830628472584,0.5149275088606721,0,2.5875850969750656,0.5157589155268366,17.806381948037107,604.0866608874657
89.67371653641507,76.92978439821128,32.180610389515536,2.87790424521841,1.1602196152808553,2013.5087721645075,0.5300523392123808,0.1747867150451579,0.1706774353022336,0,3.339000956202444,0.35241952712876934,12.743932138203789,343.66051319158754
82.8942846779884,146.3294786802345,37.497171225708655,0.6713200103636509,8.650601160188735,1282.5477378862668,0.0278410512625862,0.9871000859241166,0.6629062523445658,0,5.807321660509712,0.5074705685933514,63.43519400224611,850.2089143751856
107.74720135270528,60.97601192413531,-6.211330153803338,1.9276704710127703,8.533674530828533,527.2611048536489,0.2466564468447778,0.5611502124351744,0.852538740855967,0,16.45011240231192,0.4039033296399761,46.77118942856997,449.51051843425586
93.50710438038858,108.80839974495508,-16.301986351097504,0.6852202213095522,13.182699341382408,2444.8925818964044,0.4596147517329264,0.6874368609408673,0.2579395067869006,0,9.033052160159341,0.5735258063368969,15.3012953645665,630.6343867213105
100.34809303848486,69.02280770696339,7.397887193470247,5.335521749306862,8.41231776733509,2033.281464417194,0.6285039000835678,0.3254182806826078,0.4915142258318266,0,44.88410440969691,0.4769610903830878,31.32528533152147,999.3867648812197
48.20345725713065,122.81677508239208,-11.594481890613515,1.8386817577019177,14.400886204032268,1836.553443479484,0.5572518333184107,0.0947389147793441,0.9755273290209018,0,26.478646758095348,0.32599537404887735,74.61331782526143,1791.6080753216806
37.74395437797229,45.70483928620198,9.096675012020969,3.565354432651544,0.8255532411589536,3400.9055438549462,0.7426359896816905,0.9758708627835366,0.3332417405507276,0,2.943389907755924,0.8592534262326136,7.960884908229694,1133.323682882841
95.06147516408583,146.37852540942538,18.50272763794422,0.7143862636362173,1.560314503233042,2213.597551888741,0.2797669308870408,0.2862590353831832,0.5950463449237612,0,1.1146672480620534,0.28301298313511203,51.317050245339544,1317.193132383581
100.6834739267264,84.45474496603671,16.956451664292317,4.16766065218112,0.7565813373986827,3090.2947333681536,0.5649526076524732,0.4238081851735742,0.0901957002002443,0,3.1531742700510583,0.4943803964130237,16.228728960689693,278.7312973012679
119.05051420006733,58.32605560157568,-11.29024016818908,2.276650401647516,2.860625069969746,918.3507086154804,0.0881422433907921,0.649863921702575,0.6060150024794432,0,6.512643214509577,0.36900308254668357,60.724458598491644,556.5343069586087
61.26176769114265,38.81960967960152,-29.982581847112247,5.438555528267162,8.164924653031003,2207.619389388283,0.4136655235832069,0.0246972976861112,0.0896317733046179,0,44.405396109626594,0.21918141063465904,22.44215801154113,197.87284065252956
57.20180857927832,50.37094861050489,-6.252359538401322,5.384650039137197,9.719025503268677,3103.938880192709,0.750160832954601,0.8102591305172869,0.959235435323822,1,52.3335510565511,0.780209981735944,6.8308599687734315,2977.4081629601897
97.64129607419969,92.37287382672211,-32.16652703262821,2.2890984009896127,0.7792188534351651,2249.317271839694,0.693400853429044,0.5365781900286203,0.7156626520723114,0,1.7837086314193957,0.6149895217288321,5.268422247477574,1609.7523641168516
54.08035402530179,70.44038117175435,35.10873316654275,5.4552849262975736,14.194966258699427,2654.0425343810048,0.990642737172179,0.2782171870688221,0.7881597881357064,0,77.43758546038565,0.6344299621205005,16.360027146452566,2091.8096016008863
113.07573256035649,129.46600390591314,-13.871028533592836,5.978867204243284,12.648264112090676,1616.130703436622,0.277891125987756,0.0616079852924692,0.7041043607716369,0,75.62229149038623,0.1697495556401126,16.390271345556656,1137.9246758666586
105.84127518430118,81.70650283941671,-31.09862274990086,5.039786152681715,4.519525984140687,777.3485511111999,0.4981892991739791,0.1624984154744414,0.5897290360764658,0,22.777444471557434,0.33034385732421023,24.134772344884468,458.4250117422452
62.89940273750184,59.84571271051559,-42.70970160848242,5.14679241265376,1.250094200374373,1873.7008853812144,0.3295304137739967,0.8950338588534369,0.4499127810855053,0,6.433975345589292,0.6122821363137168,3.0536900269862457,843.0019762642359
95.08710677914974,104.0573983924836,13.124014765783585,1.8695480485999945,2.6313173909639533,1683.4381725165726,0.4406031140591747,0.686024223935891,0.8583733797610624,0,4.919374293523887,0.5633136689975329,8.97029161333387,1445.0185137618369
95.45428740846825,114.8132660262535,12.321208570926892,3.67186319371766,1.991471764949093,3101.180547136842,0.8569501298693881,0.2499017216368898,0.956835667543063,0,7.312411875044521,0.553425925753139,19.358978617785255,2967.320158991242
30.312386883593263,50.04502894811398,-14.34562500768375,0.8699075268205232,1.936928311554308,1231.9859070574166,0.6842090751884866,0.0656007649450295,0.4990361729040813,0,1.6849485171328598,0.3749049200667581,19.732642064520718,614.8055321296964
110.25529066795669,50.11430595459812,-38.54593000371141,1.0220486525191834,7.826569161119435,3400.2026826053243,0.8824411913475817,0.6906153123866363,0.931535049155262,1,7.999134464970314,0.7865282518671091,60.14098471335856,3167.4079730786043
70.52523724478571,34.40057123202516,-8.133399459429121,5.993909366183098,3.763126893151664,3374.4143594134885,0.2035111083318864,0.5724077259677651,0.5833329099885175,0,22.555841530997263,0.38795941714982574,36.12466601276056,1968.4069477837095
102.64574661077415,118.36824180787686,-16.990425444294576,2.29651587184251,5.436281776284252,1242.894929214316,0.873361117841438,0.404519524458235,0.5383841868964332,0,12.484507383044978,0.6389403211498366,15.722495197102702,669.1549758627494
52.00496010306117,109.6565433146166,15.94085757615084,4.615011516268655,14.843629467426403,1544.1558664319614,0.0597622741783844,0.3636114491900638,0.4544827329553567,0,68.50352093539762,0.2116868616842241,57.651583211555426,701.7921782850445
109.55232284962004,86.95570508997767,9.520132450742132,4.936657791647491,10.296282308987635,3186.667222621655,0.8885992804371524,0.2168142759291083,0.2092877615301198,0,50.82922228566603,0.5527067781831303,22.59661775964237,666.9304497638901
58.92016787341631,131.30045387630366,-12.186564462221398,5.219127990539761,14.23981193900032,3399.8666626883223,0.3290737794607279,0.6696112565375176,0.0037196608180591,0,74.31940107085883,0.49934251799912277,72.38028600288735,12.646350811827107
21.08376514802984,126.68041835400638,-25.38967011705089,5.986955635711861,2.2240926699934227,1830.317308508132,0.3145876334140665,0.9706680277938704,0.2415062268560612,0,13.315544144962562,0.6426278306039684,105.59665320597654,442.0330271271403
110.53819764192636,100.24252372761026,43.92323695400327,1.8282306689127727,5.793878175005282,1462.9911369226934,0.5120885766986639,0.1757152458368258,0.5097231716035652,0,10.592545771489021,0.34390191126774483,10.295673914316097,745.720482340141
29.128667678613358,134.19255366159103,-4.139854092349665,0.7219295477283484,8.365503868907078,2078.282039754626,0.9406901877232318,0.5971166200155034,0.3799599522597525,0,6.039304424599836,0.7689034038693676,105.06388598297768,789.6639446074688
51.93136375904149,54.70094520441219,16.944681220221334,2.761553348970222,1.2436951221421966,2563.307619097204,0.0477813646814053,0.4241850557459762,0.4484852280026338,0,3.4345304296497123,0.23598321021369076,2.7695814453707044,1149.605601991698
115.0061967050805,43.43035432772734,-32.35023291794753,1.2154436840592082,0.1623929100565722,1320.4235461249395,0.3522309750707453,0.4466887217446649,0.9806482195640496,0,0.19737943686425574,0.3994598484077051,71.57584237735315,1294.8709995778706
115.0607146937556,62.36995338203875,-1.2969270306541958,0.6233423903913031,10.089471573574071,2709.4195238572183,0.8565719886833357,0.2541472801278144,0.3502723706693276,0,6.289195328456764,0.5553596344055751,52.69076131171685,949.0347997592287
77.34378881232861,36.85042273071778,-42.52169521174811,2.482347549278173,9.663110800341386,654.9720713439231,0.3960544774354667,0.8251348756614191,0.4521829393601079,0,23.987199413630883,0.6105946765484429,40.49336608161083,296.16719641907343
83.18372121697993,93.74034336012384,0.4909606119404941,4.810560380913801,6.220753268994215,647.8834782932494,0.199156897597067,0.4852556041472411,0.1335155513528195,0,29.92530921526358,0.34220625087215406,10.556622143143912,86.50251981670566
64.84455219783197,142.39268307539538,41.761566640593216,3.6139938017378896,7.395696732877286,1658.8631154366358,0.4247941813314118,0.5434058521982641,0.0479577324369876,0,26.72800215215167,0.48410001676483794,77.54813087756341,79.55531343969785
49.32107716980646,34.72122488022116,-10.421395831277977,2.2202789406569474,6.290100708822135,1560.4195761821618,0.3855525014916693,0.3047609127973257,0.7754095145924946,0,13.965778138409124,0.34515670714449753,14.5998522895853,1209.9641861280363
52.8664545369916,44.653189681203216,-41.49035886825796,4.098881030209959,0.457675168188844,1446.8996461014567,0.9154162014667034,0.1818084656669497,0.5706831750719786,0,1.8759560648874054,0.5486123335668266,8.213264855788381,825.7212840477016
87.25184560770384,84.26388339401223,-42.21397881725908,1.776099991698459,5.09703693264019,1973.05928800673,0.7619343757430971,0.0859103882028204,0.760704806043895,0,9.05284725374898,0.42392238197295873,2.987962213691617,1500.915682996265
95.237452943768,142.0650021033486,-10.081191604781743,0.5790979533964676,2.7385256054196185,1462.2007469347136,0.5051155557440064,0.7141191409249159,0.1498627988865516,0,1.5858745734223236,0.6096173483344611,46.8275491595806,219.1294964696425
99.15790437258484,67.93873259721006,-30.59775571831253,4.703943625400351,1.5665204176103944,1076.7737554042758,0.9883705667215712,0.1962342816878556,0.5718287711826909,0,7.36882373247791,0.5923024242047134,31.219171775374775,615.7302133945984
98.96181427945538,90.8681770426071,-42.89831133046327,3.93058696675205,14.355134464951313,1428.4086472658028,0.4652775312759233,0.6900753541887977,0.2536424743413755,0,56.42410443391079,0.5776764427323605,8.09363723684828,362.30510366311523
29.12061030486904,34.98874308604705,23.059225255515912,4.69266443475528,9.030459903128268,3424.712818430705,0.0582378308202752,0.3903764460469539,0.2280618169000199,0,42.37691801689364,0.22430713843361455,5.868132781178012,781.0462277320945
69.44203047025815,47.80118411545067,-3.73292920062984,0.7141590917821609,10.95697863512538,1733.3402509845455,0.2622743218149849,0.4157748009896514,0.0115260140529852,0,7.825025910737681,0.3390245614023182,21.64084635480748,19.978504091452766
25.75587600166443,148.39561475506162,-18.96797052246109,5.104157953068587,4.79891977466515,1834.1383305750076,0.4360704802193126,0.4691774960927717,0.1303407235690719,0,24.494444533995242,0.45262398815604216,122.63973875339718,239.06291713291606
74.95288823237355,145.81424357232547,36.00748647148326,3.907394100199668,5.9578922294608265,2229.63496985342,0.1569026241461201,0.3677085081275432,0.3092681114996953,0,23.27983294702068,0.26230556613683165,70.86135533995191,689.5549964602473
64.1530501373377,30.592797712129155,-34.54749358195269,3.5986744289195207,3.63016750906118,3450.0223052426795,0.947565126324043,0.10061997722259,0.116878760590939,0,13.063790987552942,0.5240925517733165,33.560252425208546,403.23433104785863
108.77041827582998,144.2174142507887,41.03269460597873,3.935377264629924,1.5447884973848287,1224.803829307289,0.7668488978177731,0.3096318100028458,0.9858584404109376,0,6.079325531270078,0.5382403539103094,35.44699597495871,1207.4831929702284
55.09150125520787,106.69439253786004,-16.742995436038246,5.254382857776003,2.767571397879599,2543.8463315973013,0.2682872004277726,0.6637343606939384,0.3086326485239506,0,14.541879710689733,0.46601078056085554,51.60289128265217,785.114030758811
31.706701642760585,134.15019534240264,34.95633050778132,3.728150786073989,11.982959274917638,2647.9540806251725,0.5908045335179158,0.665784401468871,0.1303239467023281,0,44.67427904027679,0.6282944674933935,102.44349369964206,345.0918264736072
34.299168205283586,84.5687826760631,9.26485888315154,3.695227089384986,10.19543249723826,2321.973250379197,0.721449157109572,0.2862243072399943,0.1990823128279577,0,37.67443835179083,0.5038367321747832,50.26961447077951,462.2638050101411
96.15106317174724,91.87152342951003,29.40366237673388,5.948735363861712,8.249240252183606,765.7350189099323,0.941278928906798,0.4601026265576879,0.5877032283414765,0,49.07254721315613,0.700690777732243,4.279539742237205,450.02494266748874
81.8218063316261,88.66158963083042,43.56118468894178,4.662015918877124,7.178839105714844,2530.6168274827296,0.8816353491754106,0.1934472280119374,0.0640435238647885,0,33.46786218990022,0.537541288593674,6.8397832992043135,162.06961918352553
30.112267612279027,110.02371090553252,-19.043510596312885,2.932615929981244,13.844270826476254,692.2841331085265,0.5151922261382137,0.2103720815298357,0.8624341301411569,0,40.59992916469887,0.3627821538340247,79.9114432932535,597.0494641479769
28.410680611499743,46.75815057075755,41.50219368668337,4.390683500181103,1.1837507219021592,2288.4279486496907,0.7746526197930176,0.0230470884066074,0.9614996792371472,0,5.19747476298328,0.3988498540998125,18.347469959257808,2200.3227385840005
90.096913145912,33.596830784721355,-9.94662945878217,2.6407675943048368,4.280952117244948,2718.743531665228,0.562144753827585,0.8967465499077446,0.2467474206673808,0,11.304999623991138,0.7294456518676649,56.50008236119064,670.8429538945206
27.276300636419357,66.95159299094291,-10.303928573676991,1.7588150436592445,5.314074018203639,1132.9096718598512,0.5527038900455401,0.2107066650749062,0.4500952685908593,0,9.34647332633529,0.38170527756022316,39.675292354523556,509.917283044942
102.18600592903562,114.5616915283976,-14.365160617094489,3.782685322882677,11.75814460197054,3024.8660226283223,0.1147419583381919,0.2275338769364633,0.022134451029497,0,44.47736101020614,0.1711379176373276,12.375685599361987,66.95374884865596
90.62422271564962,54.2224142547538,3.726684661282668,5.605001539626733,14.888467840413371,591.0614165990128,0.126137658016152,0.2796014326451318,0.6407102247272215,0,83.44988516820005,0.20286954533064191,36.40180846089582,378.6990930567434
28.134878064189976,110.81189199899008,-31.126946113936164,5.610267360085045,3.6859906698815808,3031.4385909749185,0.5295336150224574,0.127408071695429,0.4139260580525888,0,20.679393144814643,0.3284708433589432,82.6770139348001,1254.7914261907422
28.483771408519196,146.38944553287246,4.834033682221005,2.3804790295801967,13.1271792786425,1880.9871519282951,0.2688615449790066,0.6392628831813628,0.2700584661015557,0,31.248974990348163,0.4540622140801847,117.90567412435325,507.9765050064893
118.66395785011754,41.268085894730206,3.7534331169003607,3.4022260642193225,12.47627913043369,1152.7638197949336,0.0210369024604686,0.0751429531775865,0.2068371106166084,0,42.44712204203709,0.04808992781902755,77.39587195538734,238.43433770974872
57.427079575612034,110.71225418701516,23.571163134438294,1.6639974421342365,3.4473952248623227,901.334434981904,0.7228392039002123,0.1342024263263502,0.6540230776587604,0,5.736456836196687,0.4285208151132812,53.28517461140313,589.4935211666848
57.06421470668909,83.25002631654854,30.0284965743827,5.975971102243859,6.050055444968416,3359.9215027471178,0.0324865966901649,0.6447567265900929,0.4162170310323144,0,36.15495650610437,0.33862166164012886,26.18581160985945,1398.4565523750375
101.27995672575024,134.17707052530065,-5.360278471881834,5.896148493273646,6.204125752458535,717.9967627434701,0.5952768411040545,0.3396606204814427,0.179659289029912,0,36.58044670743862,0.46746873079274864,32.89711379955041,128.99478792027023
114.72485773838586,51.25797473368631,-17.790007558365563,4.07229911339096,14.675487961045718,1097.280259807777,0.5391937941273144,0.707947826701189,0.689109081486824,0,59.76297661234618,0.6235708104142517,63.466883004699554,756.1457919697608
118.6001063822871,113.11511426713976,-21.659859241461497,4.924277328226103,2.795289330545585,1543.4670422991378,0.9688146905778044,0.557424744670142,0.5650722830366937,0,13.764779876237947,0.7631197176239732,5.484992115147335,872.1704453838668
95.33781852589416,130.57383475777323,-27.48385469656153,4.43305088706035,12.007453769461252,2360.704546883361,0.4842131393476416,0.256021173061513,0.8586720549294962,0,53.229653584046346,0.3701171562045773,35.23601623187906,2027.071024353741
57.62595855309158,143.3537063368828,-39.81171760208776,3.762370204717075,5.079471441179337,2134.403255828295,0.0636014363777973,0.6508279504893281,0.1174758988764929,0,19.11085200600444,0.3572146934335627,85.72774778379122,250.74094104334202
28.35007166986688,111.9897633947575,-14.1796819048758,0.7934139834389373,10.98996815206479,876.9304772369419,0.5516879678064617,0.1162736802928806,0.7856666019444561,0,8.719594409396782,0.3339808240496711,83.63969172489062,688.9749881922784
97.71469159274368,89.66097168101128,-20.677707708229505,3.001203884039636,6.358163964005376,1369.183951214644,0.8410961706161014,0.5364103830800304,0.673516786817259,0,19.082146384133782,0.688753276848066,8.0537199117324,922.1683753838457
75.8404249735805,104.14166882414564,41.977564727976656,4.211324661920758,8.717560470436446,1216.2553132580722,0.99684928428144,0.4371481050450346,0.1150109368280978,0,36.712477400934524,0.7169986946632373,28.301243850565143,139.88266299996246
62.42220092469763,134.2685981374462,5.193794362503951,4.226423876360266,12.505915422559356,1140.628563471024,0.4303431736890725,0.2678735828174408,0.6948207298717207,0,52.85529953764694,0.34910837825325663,71.84639721274857,792.5323709834693
110.6354385094736,98.47316959665956,-13.74506648725432,2.55217440132311,12.082066918259873,1733.433009439961,0.3202987424967425,0.6040049977395001,0.4415472888798304,0,30.835541903855642,0.4621518701181213,12.162268912814042,765.3926457730203
31.119748230615134,33.64644716362042,7.242084089432637,5.679305926619168,13.009705434741532,2612.094357774971,0.9066532969519988,0.8713335923402825,0.9449847855558432,1,73.88609717909719,0.8889934446461407,2.5266989330052887,2468.389426533609
69.26251042908592,141.71384346083732,-32.472296878887406,1.4204636773022954,0.9882981476354196,1152.358796651708,0.1912421290761213,0.9989046997630768,0.1416113506178993,0,1.403841621061255,0.595073414419599,72.4513330317514,163.18708559026555
21.135364476741906,112.74321012378734,-5.036062571801736,3.2519769541855834,10.411553240292198,1600.0366391089442,0.6154289150329266,0.6077627687434245,0.642833390815738,0,33.858131194706466,0.6115958418881755,91.60784564704542,1028.5569781478198
66.86606419941262,111.18160629326958,11.361088927895745,4.299861871029526,2.185811913154267,1672.752280523487,0.4057144241809477,0.4047058743291701,0.3819800454629459,0,9.398689302614134,0.40521014925505894,44.31554209385696,638.957992162608
25.63032756818373,55.881018287726064,-0.9991951386793758,4.334246932404951,6.295696663474324,3429.3695883062305,0.0410823649555552,0.2252071002162016,0.9568146705908778,0,27.287103951015673,0.1331447325858784,30.250690719542334,3281.2711329696
31.881791626807196,109.06625642791886,-8.839907941110816,4.067514262228485,8.273967384314858,3363.9990706372064,0.3472884743056977,0.2570960893951117,0.3299748952902764,0,33.654480340914,0.3021922818504047,77.18446480111166,1110.0352410900994
31.75262467771049,77.26372867849902,44.44635500097283,2.014085173985231,6.100818322727778,2900.412748256228,0.2652285225026746,0.4794549781497657,0.9621859094918002,0,12.287567732983462,0.37234175032622013,45.511104000788535,2790.7362780825306
84.92103021160635,108.14795724497904,34.22832859340343,1.359136127776421,7.842213969464812,1224.9767624575557,0.6860911539434869,0.3672777012807092,0.9014858511007492,0,10.658636327652559,0.526684427612098,23.22692703337269,1104.2992192826898
94.60448792654232,42.791163636958885,11.106536234349612,3.99767179754691,14.948242001099423,704.111942275009,0.948790497691918,0.9138145226249442,0.2703832353106563,0,59.75816547070135,0.9313025101584311,51.813324289583434,190.380064973187
78.33687650971596,108.94143655236432,6.2439625064054525,3.796161638766908,2.114737974321536,1450.7124131618743,0.2680471873786377,0.3682954676557095,0.8035417768264277,0,8.027887174163054,0.3181713275171736,30.60456004264836,1165.708030136247
116.2172548474542,149.92964709247997,10.859443184212566,1.4864580565908254,10.16429507551274,1300.3836483014925,0.8114659391516817,0.3734445911454355,0.995604201803506,0,15.108798304562365,0.5924552651485586,33.71239224502577,1294.6674242055385
57.48705795237041,35.78544466326672,-26.881910295981008,4.378265300638098,6.000414399145667,2017.7774004391815,0.0553598169384095,0.3835345124339769,0.2526630021712823,0,26.27140615322868,0.2194471646861932,21.701613289103683,509.81769570832927
48.57120862818607,147.2609021065581,-9.437603106211329,3.00344595453511,2.081846003719199,2833.183730203379,0.5381210100398132,0.8366202103676581,0.4367771693233196,0,6.252711957835514,0.6873706102037356,98.68969347837202,1237.4699698511156
106.85991281894604,78.82895528674447,-41.44864203981906,4.1726832538173415,2.4651777742772123,3074.968816636574,0.0705500637098945,0.6507883208469019,0.5201807365667597,0,10.28640601640923,0.36066919227839817,28.03095753220157,1599.5395439578303
42.35958385194526,134.49041404047108,-2.200856626185597,5.105518938735829,14.244169283059692,3034.5922562315254,0.9340329911306392,0.6141688503188927,0.2949311358038643,0,72.72387604122041,0.774100920724766,92.13083018852582,894.995740831975
116.32225394406112,123.8862580869928,3.872212556189688,1.4335063571730773,13.206062301005254,1579.0266836692033,0.7663512805573902,0.3341430223838622,0.0152648396460297,0,18.93097426171475,0.5502471514706262,7.5640041429316796,24.103589123012455
21.215447468981637,98.04195131840014,-24.502523750711138,0.6052967739826017,13.614925210183824,2561.703030382049,0.6579499112045923,0.8179041768324394,0.2201292441975266,0,8.241070307738664,0.7379270440185159,76.8265038494185,563.905751936514
116.98788267076392,118.61390511015918,41.76259624489623,4.785064225176828,14.87383835982806,1438.50259257266,0.8238963816246643,0.0383638613557011,0.2819368843417584,0,71.17227182667604,0.4311301214901827,1.626022439395257,405.5669390674776
24.315991195057613,135.42186735616173,36.850914984351775,3.853335838339388,3.203899311126918,682.7166297055481,0.6475197955701631,0.8707971723381132,0.4435997013181871,0,12.34570003799623,0.7591584839541381,111.1058761611041,302.8528930223405
109.11431136980713,78.49683859812396,19.99289119103153,4.348017632921669,5.39604612672452,2604.695796808827,0.9689443971742911,0.5127498997939296,0.1711024784134018,0,23.46210370705689,0.7408471484841104,30.61747277168317,445.66990634696066
72.77011090862999,69.24397938758864,3.004796588882634,5.109852362437534,10.071363545880514,529.4826577093636,0.7139579478647715,0.3982502348634128,0.8732543566916726,0,51.463180807884804,0.5561040913640922,3.52613152104135,462.37303763738737
119.29647961193004,110.11120626763017,33.29722436829165,4.915460141534753,7.308657843923644,1727.5477623754657,0.9246586095822468,0.4971672807176857,0.7049111327313361,0,35.925416319922,0.7109129451499663,9.185273344299873,1217.7676500235746
27.379656473539885,126.94151303295104,-33.24128905588834,5.785060808108535,6.334004047337169,1488.1378079062272,0.517131892010638,0.6674155305338311,0.0852004775596619,0,36.642598572651096,0.5922737112722345,99.56185655941115,126.79005190819896
75.38542844013207,121.4742161731939,26.145881484739647,3.4476429336866503,5.431387615100336,2580.132615556557,0.1170644129818626,0.0127654265178973,0.6500924511399314,0,18.72548513131386,0.06491491974987995,46.08878773306182,1677.3247363132446
116.9302535619099,125.73763786303614,-33.76612674298365,3.18672597962948,8.947331415957438,2798.7364182811366,0.5281777214230171,0.8715518564582477,0.6536564764056204,1,28.512693471586587,0.6998647889406324,8.807384301126248,1829.4121855617343
72.30978441701488,82.26999777755196,26.478959629446493,2.7103795993990154,8.676342086737222,1412.2839079138516,0.1268728280630933,0.4467395253113928,0.9562211736436276,0,23.516180589299648,0.28680617668724306,9.960213360537082,1350.4557759433922
82.93986381352624,128.1401059410026,-20.180918857377875,1.345300735643125,2.505721727557177,2934.8810433345607,0.592493479176405,0.3429665197000782,0.0030208713561612,0,3.370949283399632,0.4677299994382416,45.20024212747634,8.865898077549872
89.57486889846172,44.42508664447301,33.93815229163701,3.649339780851123,7.128923579024742,1381.7502815148014,0.4824930605276629,0.1382455656340571,0.2479324498058072,0,26.01586441158256,0.31036931308086,45.149782253988704,342.58073231582847
65.45410647677733,95.33869175530197,39.96378844428581,2.023568883792884,8.346729465526764,1838.979079959684,0.6225753978327817,0.4394653743584421,0.9277914793753156,0,16.890182027877167,0.5310203860956119,29.88458527852464,1706.1891211360519
82.75580800840635,30.691039259774588,-31.608362753539595,5.567191317171365,8.597275387097717,2681.0555810424016,0.0100469810548315,0.4963227712843788,0.932133915398283,0,47.8626768863815,0.25318487616960517,52.064768748631764,2499.1028361574727
78.43143119231001,68.95029958803244,-3.359195544114584,3.707549423524037,3.230597174394042,2578.7606876743657,0.1948404916553641,0.4036466944934778,0.7205864193706374,0,11.977598691563012,0.29924359307442094,9.481131604277579,1858.2199303450338
110.11580104909888,73.97538418456774,43.28886403464166,3.760620992794606,11.159843744559073,3462.1054169366,0.4913304319121309,0.6786600938268971,0.76576332104754,1,41.96794266209641,0.584995262869514,36.14041686453113,2651.1533418900485
24.544638034145787,77.54072299311065,-1.4933307624168035,2.452085634823555,0.4754665128339376,1175.4830726477958,0.9505035615891348,0.420896528759226,0.0914829579296471,0,1.1658846059597479,0.6857000451741804,52.99608495896486,107.5366684820506
48.09631895922304,113.45606480278346,32.71927702630906,0.7859414358773912,5.386994647593124,2486.953740618748,0.3836090403551584,0.9614175778465732,0.5138758347782336,0,4.23386230839316,0.6725133091008658,65.35974584356042,1277.9854295153098
115.04114840765588,76.62697215244148,7.985836991818786,0.6745907095514374,11.72516846318094,2329.0457248273324,0.4243720260536346,0.5992775178235918,0.2315829912889994,0,7.909689713187368,0.5118247719386132,38.4141762552144,539.3673758043694
109.02637838909163,83.84323471470367,-11.22030828723583,2.8283432928425865,8.502004523725494,3245.29536347009,0.7146960890066222,0.807477935651909,0.1812180436136172,0,24.046587470396332,0.7610870123292656,25.183143674387964,588.1060767163924
65.56567527857129,58.50529570491929,-19.279480002671683,0.965109579534808,3.991320244411818,969.0864249346253,0.603792757286118,0.1093559031094788,0.8103032991233325,0,3.8520614028730567,0.35657433019779844,7.060379573652,785.2539272601626
82.01325978015367,74.79021499552081,-26.709921802252147,3.837658255470765,10.454801478211412,2755.394490760799,0.2989261500983332,0.3972912929459057,0.1350381366805474,0,40.12195520216598,0.34810872152211947,7.223044784632862,372.08333785218406
47.738118298113264,57.27235527157818,23.561837223992757,5.345351531018116,8.554125067925494,2204.805848806305,0.4108163955674278,0.3368477014471527,0.4686516369963852,0,45.72480552835598,0.37383204850729024,9.534236973464914,1033.2858703022794
38.81211597237613,38.78351085221324,-10.211354385927493,5.356031490852972,11.96402978090017,1323.9976093637165,0.2176997988572324,0.5694823881365918,0.938578239586033,0,64.0797202640041,0.3935910934969121,0.02860512016288652,1242.6753454127133
66.36984049399823,102.41383120576536,1.0147915980676032,4.124749755727278,11.051875274228369,1923.3047424415224,0.9660214591302084,0.8611135200614256,0.1858320555653425,0,45.586219837701805,0.913567489595817,36.04399071176714,357.41167376647974
55.33522280260528,110.18553582660196,-0.6907067998936256,1.6617750731011205,9.190608038339896,1501.3297912093933,0.1306343815573597,0.0783382177620066,0.9779934237382346,0,15.272723344756026,0.10448629965968315,54.850313023996684,1468.2906626650836
78.3656111850872,104.33884152115374,6.955112630981809,5.246482572473797,7.373847362131129,2237.9402083653827,0.3718367845664194,0.0725747980447107,0.994287985761059,0,38.686761677502844,0.22220579130556506,25.973230336066536,2225.157062029301
27.77346369649848,85.61928525606868,32.9019431062097,5.373513894222645,2.084413672446099,3167.001832443997,0.0258389722200111,0.8503177081575989,0.5556171546824029,0,11.200625830196762,0.438078340188805,57.8458215595702,1759.6405470164898
117.43948076661664,75.57429362150758,43.26654092250864,1.581594717241273,3.993861966492218,2207.914953236606,0.2217794919335464,0.2128500860383574,0.1701427401771579,0,6.316670987594934,0.2173147889859519,41.86518714510906,375.6607002217975
118.62107444796028,133.60003794861905,-8.317421228356473,4.555843471738725,6.34458214646457,2395.167254979752,0.7804711383801549,0.6687532544498137,0.3161048879408956,0,28.904923152880677,0.7246121964149843,14.978963500658764,757.1240767350771
89.81617140197451,92.28981421634616,29.476702989567272,2.075857519099176,9.029559376395191,2056.243541344128,0.2011752322888794,0.5428781323608052,0.4244928326765351,0,18.744078725642424,0.37202668232484226,2.473642814371644,872.860645537999
73.60963663441204,87.50182531556771,23.80750151892458,4.914521717941113,7.754247042708042,653.4965193364277,0.0800634025289656,0.8328935948872295,0.3093242243582229,0,38.10841549766933,0.45647849870809754,13.892188681155673,202.14230396453888
50.95276162863277,33.077047896772285,6.617605631001595,5.984808449469814,4.393949436796989,1198.5756706282828,0.4744531798445233,0.1250889098364035,0.2806355798765158,0,26.29694571588575,0.2997710448404634,17.875713731860486,336.3629783526519
101.37950197069486,70.94973931513877,41.04424292507397,0.6651430293116605,0.1963189310666872,1976.005188296248,0.0099692347345184,0.1297829657226112,0.9722297092163577,0,0.13058016852092338,0.0698761002285648,30.42976265555609,1921.1309496272752
88.47311725538793,75.62347425430285,-26.957293602443748,5.435512261850126,7.493964406322127,1430.7058512341143,0.0847661544263331,0.5568183602783076,0.1533648274157456,0,40.73353542043232,0.3207922573523203,12.849643001085084,219.41995595721735
36.26169393448913,77.85873370762806,-35.16622107213407,3.9244679347926192,4.355827229577422,1045.2907932835826,0.8076258695629751,0.9463786533583708,0.7333279087168623,0,17.09430429197316,0.877002261460673,41.59703977313893,766.5409114396397
111.09271844938424,99.62068430727987,31.85657702598799,5.853604405406516,11.045663680586973,2012.398525755315,0.7714733448596064,0.4149977583707542,0.0004102894391748,0,64.65694558132266,0.5932355516151803,11.472034142104363,0.8256658625283424
102.2537242923169,94.0323056072254,-5.476516502962653,3.057552346395352,0.456799352530204,1468.429380343551,0.915138820404896,0.3269421002546949,0.5961826694023769,0,1.3966879321606027,0.6210404603297954,8.221418685091507,875.4521478020963
114.9799913291924,102.94861113521335,31.22719687863544,5.160633618142556,8.813934388456284,1274.322929520244,0.8545154359107495,0.6066893231978858,0.9159430039540524,0,45.485486113170246,0.7306023795543177,12.031380193979047,1167.2071720723006
92.571950838836,121.7859913850554,35.37811846758734,0.8431673772905248,14.127966138840376,1891.9562523211423,0.6831755632398181,0.9304486005450312,0.287934094093219,0,11.912240155735383,0.8068120818924247,29.214040546219394,544.7587095760898
81.341519593579,127.5582886459312,-39.37881657428357,2.3440347754306265,2.6986980799613427,899.8527742465194,0.0523328573006628,0.8369278328446237,0.1855259752577192,0,6.325842147817249,0.44463034507264326,46.216769052352205,166.94606353044972
61.82430362906189,116.17476914717932,34.511828668745466,0.8685909576316548,7.127577412183871,3283.237199226222,0.7828486179866575,0.99548361073322,0.651679794878427,1,6.19094929004254,0.8891661143599388,54.35046551811743,2139.6193445289655
113.27284833540132,144.66284351459217,-4.651285016752006,5.864387234134888,1.4621876780753589,3103.106293757717,0.8455108108405605,0.022568583202377,0.7126014072983932,0,8.574834753214468,0.4340396970214687,31.389995179190848,2211.2779119282504
106.60638895004084,32.1879099211634,0.9389240103809016,4.993356489995102,9.422660492694154,2622.861757221606,0.7990821457719545,0.1128581447127622,0.6880305189519813,0,47.0507029242148,0.45597014524235835,74.41847902887744,1804.608935960487
24.52186701061894,53.49335828202553,11.393325998388924,5.1890108168528375,8.302922040883761,818.6414827653687,0.5084790353080261,0.609467763366622,0.319316880021374,0,43.083952281631674,0.558973399337324,28.97149127140659,261.4060441327089
22.6366974497252,30.90754499737705,38.374434605707805,5.6588087728864185,6.169746310771202,2827.631763409079,0.2329018386494816,0.8205764393338497,0.2522024021593309,0,34.91341454987569,0.5267391389916657,8.27084754765185,713.1355231537946
57.64633668780496,107.69696569855236,-43.27955150132124,0.9680691736588194,7.868517619958744,2923.871984327057,0.8453299756887267,0.2852443423067665,0.9559187999620442,0,7.617269350273321,0.5652871589977466,50.0506290107474,2794.984198500561
101.0553330781833,137.76366587399843,-2.084087851396461,2.6207867588233333,13.458962411188253,2803.293853143013,0.7271628097401385,0.2392110880342187,0.9232995082699296,0,35.273070474743136,0.4831869488871786,36.70833279581514,2588.27983614306
118.72761293149443,59.21787558915591,16.89498381875046,0.8906918897420117,3.024785104434899,841.8976613577236,0.9807611743888516,0.7869757993812009,0.4573166098928203,0,2.6941515607326085,0.8838684868850262,59.509737342338525,385.0137843688078
35.04168911035282,141.2441453755568,20.043626192840563,1.6593620585251574,0.4362112244096738,2431.723871203294,0.1556925977559329,0.0563818538532315,0.8461938661543734,0,0.7238323552882157,0.10603722580458219,106.20245626520398,2057.709823993395
79.4130715352135,37.2320868347473,17.32791883833972,1.761511773707198,12.938806782016604,3002.974387248196,0.225664583052055,0.3693826475825851,0.452323477634296,0,22.79186048424479,0.2975236153173201,42.180984700466205,1358.315818086823
58.08908566310215,142.13232321666172,-32.90083835326904,3.080089660761683,8.699044527579806,2232.060203659003,0.2117981498815027,0.5058092225923297,0.4243890180725104,0,26.793837107904057,0.3588036862369162,84.04323755355956,947.2618381095718
116.99143978146031,72.19472246875613,-18.05439704654869,1.9770919209950344,13.370810986381452,2439.2221256842668,0.7925397676213367,0.5603486743503234,0.1567629475992946,0,26.435322378326415,0.6764442209858301,44.79671731270419,382.3796502716827
104.21189231357089,42.17049941390599,-12.715602712468788,1.055379587497686,8.994483828856271,1875.0904382789183,0.1869072964501181,0.7286151567927769,0.4264060564919728,0,9.492594633052938,0.45776122662144747,62.04139289966489,799.5499193523184
103.83287047111378,88.30461110235908,27.399348691155453,1.4212009900175924,12.171400240399567,2086.121959652158,0.0666598298233061,0.3548457234306582,0.537416938599807,0,17.298006071556227,0.21075277662698214,15.528259368754703,1121.1172771020927
66.86931597949703,60.81318812646096,-19.911611482690223,1.3100155995365002,6.502133113991704,603.1305750551757,0.9985608065856286,0.6126843446746072,0.0225043274286864,0,8.517895809591973,0.8056225756301179,6.056127853036074,13.573047943293592
61.48195023376652,64.18474823543073,-26.03655325195172,5.85192238851764,11.272912976195204,2416.8890659198537,0.0248172114451491,0.5853754227909563,0.4441130051754064,0,65.96821182920775,0.30509631711805274,2.7027980016642132,1073.371866241247
47.34070719307063,66.87479579115438,41.17032171342865,4.676108788051605,13.704317856658854,744.3416386734775,0.8352440601588657,0.5476161006537471,0.7813562183952003,0,64.082881163775,0.6914300804063064,19.534088598083756,581.595967987995
25.637549665092717,126.3631077399196,-44.2023043397878,5.822688058982591,8.624632159460873,1805.0437830206704,0.3653668415506528,0.6404832931422122,0.6800460563742698,0,50.21854268801006,0.5029250673464325,100.72555807482688,1227.5129062261
106.47223762550531,94.69935320103052,44.803877011378034,2.918572675793497,2.793698743379456,1377.9652930022237,0.8416154597578153,0.2594491710680763,0.635156988863935,0,8.153612816825907,0.5505323154129458,11.772884424474796,875.2242862623024
101.29010091300776,67.35692389872044,15.913916897165606,2.031026649144611,4.105084463949953,2136.283850635139,0.554620491211145,0.0846487535846289,0.9095554284372024,0,8.337535943271876,0.3196346223978869,33.933177014287324,1943.0685730279204
119.97176732861304,103.2400539973102,29.56223695042054,4.890612584650527,3.0598041957713464,900.2490065696213,0.90163122948636,0.1192716720397434,0.01803200982523,0,14.964316906405832,0.5104514507630517,16.731713331302842,16.233298931616957
119.66368370739052,115.93808090678324,-18.484254328842617,2.2943965492263074,3.778169711176421,2574.9302059199545,0.9261929864146268,0.224582382653901,0.5570475861922342,0,8.668619547714535,0.5753876845342639,3.7256028006072768,1434.358655821183
75.54317056026275,62.71488008802405,-43.7116250099646,2.146608555379416,4.6655901953304415,2885.034610785411,0.0090981812807759,0.5001979355227852,0.7873488484097071,1,10.015195829190645,0.25464805840178056,12.828290472238699,2271.528678424041
96.89874151805104,79.62589218304218,21.40825667053771,1.7787829571430716,8.371493422622509,990.0633492294696,0.0754121759927882,0.8404427505460201,0.5413353827012672,0,14.891069825996238,0.45792746326940414,17.272849335008857,535.9563220536334
114.4765729882428,44.62633120043371,30.073013730060826,1.2132343802332946,8.861075279011109,812.9392620556465,0.2503587295708555,0.7012933420883841,0.3238955525803791,0,10.75056117433161,0.4758260358296198,69.85024178780908,263.30741149779925
104.96473906774116,51.73792194416164,21.64285187581672,1.9105468355922128,6.454846233903731,936.5464483620774,0.6693154163635017,0.7890406042020471,0.1362505650919778,0,12.332286046419085,0.7291780102827744,53.22681712357952,127.60498282421786
44.73481017431976,111.73414247579794,-32.143474142924525,2.4542586166063822,9.269769619330448,3131.382685695505,0.888272196511506,0.3509756239260914,0.8875630718161913,0,22.750411962197816,0.6196239102187987,66.99933230147818,2779.2996355479377
65.05441353100935,51.77260172347523,22.808513003127217,4.206968144801517,1.3154663916093523,2084.5677852690687,0.4599419512939627,0.4046537416485501,0.470762392387603,0,5.534125205057543,0.4322978464712564,13.281811807534112,981.3361176873939
32.9159415151495,93.01960604004722,24.20305038968769,0.8441066322069837,1.4080447321665837,1901.782988022508,0.6069731162742654,0.3936818859906128,0.8781151969857014,0,1.1885398968659193,0.5003275011324391,60.103664524897724,1669.9845431514404
115.40510272587224,115.08555140669192,14.26864641030494,1.6577881681593862,2.660258959329111,820.1354573070628,0.1884998527955611,0.1918731844045015,0.5858521224331683,0,4.4101458270158025,0.1901865186000313,0.3195513191803201,480.4780983460398
80.617463445088,42.82523077136926,23.95043395160276,4.94963002160422,7.819354720801137,2448.6680202708853,0.8049668338816853,0.061216658143572,0.6741921166150008,0,38.702912875649986,0.4330917460126287,37.79223267371874,1650.8726754738918
42.86428055034627,98.07746635546845,31.1329295709959,1.3080705797107393,3.288520712604872,3103.9987756852697,0.9673281113534696,0.5909160928272268,0.80426115437845,1,4.301617194927829,0.7791221020903483,55.21318580512217,2496.4256385219305
87.17006844058567,60.78753404416365,10.224370281371256,2.384548305873869,4.320937612039402,2984.5576079703587,0.2685989329145974,0.989216683420586,0.6591555446001344,1,10.303484462575238,0.6289078081675917,26.382534396422017,1967.2876954721762
81.81282404578958,145.55122502850958,-37.02557574272888,5.2556240702197705,6.064661258977611,2378.1641269424035,0.4948259516005463,0.1668297049502628,0.3980548406789377,0,31.87357969041207,0.3308278282754046,63.738400982719995,946.6397426584234
55.81627180328405,88.02547760639096,-1.1134971299510212,1.352089211288935,12.19680524775466,725.8361499550209,0.0861161105063738,0.0466848198992737,0.513633383928651,0,16.491168787681342,0.06640046520282375,32.20920580310691,372.81367787914115
31.355759219962906,126.71910597301896,-38.01155987955554,0.9550525959000444,0.3065458251016157,837.1910815280389,0.5591366564629684,0.779531681823933,0.8030455246758799,0,0.2927673860256191,0.6693341691434507,95.36334675305605,672.3025513196513
87.15731955927996,96.0271850587514,-8.321127207081226,3.16495897294006,9.775744421525674,647.926961329474,0.5027834418466806,0.2525860066847242,0.3736502963729842,0,30.939830024076418,0.3776847242657024,8.869865499471445,242.09810112880504
72.03077009037932,35.2095039425783,-8.36041597869351,2.16330731203195,10.066260312506213,1272.4376494774078,0.1444364841550776,0.8296438053529284,0.3881214567684971,0,21.776414538861715,0.487040144754003,36.82126614780102,493.86035416225377
97.23183917356393,105.97816507128267,-39.05911402737826,3.598746004661198,11.999971127313884,906.9844014811332,0.442066213118075,0.7039366670345154,0.0956901160580011,0,43.18484815047057,0.5730014400762952,8.746325897718748,86.7894426405263
72.01635011119933,144.16840106479884,-13.606151942746862,4.920926897659113,13.998018791998666,1280.1441207573016,0.3341046520865632,0.9456735370508046,0.9145844352217476,0,68.88322718748395,0.6398890945686839,72.15205095359951,1170.7998876852573
105.218150031854,102.19341841755974,-35.01017110878166,1.2543166848400875,0.4000539493444184,1655.174167156885,0.5218308753051893,0.408927235756672,0.0910363149454417,0,0.5017943434988752,0.4653790555309307,3.0247316142942537,150.68095677085336
75.19068387744855,128.30266313121484,27.74116890082999,3.693844965048568,2.391377212146921,3328.948352213407,0.5856543354287992,0.6619698394506341,0.6482091774485559,1,8.833376674620785,0.6238120874397166,53.11197925376629,2157.854873156978
76.09379715353862,136.10477560180894,40.29192233680237,3.2802981821442514,13.303952281434295,2331.128179345076,0.0084955786072095,0.4648547808132707,0.4131944788027977,0,43.640930484122784,0.2366751797102401,60.01097844827032,963.2092930870035
107.66536026583452,57.3695726338719,-38.491517226785525,1.2924333230725975,6.9319265765865286,3004.921357048887,0.7610059829495553,0.6305886973085435,0.4056193902554423,0,8.959052900672981,0.6957973401290494,50.295787631962625,1218.8543686117257
60.3482866212397,55.4453807889872,40.96036865625312,3.931991670409403,8.512400520108606,2631.0545021369967,0.7130142918617408,0.4495989060077373,0.6795518365726839,0,33.47068794025571,0.581306598934739,4.9029058322525,1787.9379190500247
33.40152284506407,103.317718662119,2.0318939403070644,2.005022298234244,9.979105335474896,837.5093915798952,0.3662863862065222,0.1886322464240748,0.0670937326298787,0,20.00832871405548,0.2774593163152985,69.91619581705493,56.19163119367387
22.878267631333895,79.32341637680457,-18.03908898415135,3.1830887519920688,10.218092406984995,2707.7612191218464,0.0529359355688182,0.5078974160033809,0.5937057829514346,0,32.525095007489504,0.2804166757860995,56.445148745470675,1607.613494644267
95.5137255673619,130.78335634400645,-38.08241322514529,0.9524977835238404,13.982932009415972,1325.2966446773733,0.7549325397850504,0.5285842014374423,0.7720317859723548,0,13.318711746133273,0.6417583706112464,35.26963077664455,1023.1711355334418
82.03095513534646,138.00277480776134,0.0561841263376052,3.0277123146749267,14.954546319433875,2417.323540984119,0.9551751604781324,0.8106038482601611,0.8282127578865942,0,45.278064051726545,0.8828895043691467,55.97181967241488,2002.0581965826448
90.40797680992236,72.41056551632617,26.506399004167378,2.185549074235512,10.83034616787101,1522.8859209289656,0.2401515960220142,0.7355207057935812,0.1705303893937753,0,23.67025304084061,0.4878361509077977,17.997411293596187,259.6983290983146
41.29641615089108,58.42446707693784,18.63778295400284,5.023096661519449,4.3795960171567465,3493.0167897939778,0.3235246137370379,0.6637916239414441,0.8974190500781737,1,21.99913413258393,0.493658118839241,17.128050926046754,3134.699809404023
33.63714755867697,123.6630618292634,-40.47965896824236,0.8133829984855255,13.20831079418572,1290.6544384903334,0.1838128894818149,0.1133870955525725,0.6561460918474422,0,10.743415438703515,0.1485999925171937,90.02591427058643,846.8578657409872
21.45446656678819,62.97672426577633,-38.438834816888686,2.8023400120508146,0.8333916266573479,1337.391412322809,0.5769361233448397,0.720616290663715,0.8818548008206828,0,2.3354467010900004,0.6487762070042773,41.52225769898814,1179.3850375332224
55.058755880659696,128.7137182216414,-8.741404563062659,3.021372832722909,3.5431047078299938,3292.016766687195,0.1548413946474549,0.5003051563545148,0.4852807171101982,0,10.705040307730183,0.3275732755009848,73.65496234098168,1597.552257276758
78.99176868546331,80.84859043785154,-18.423855535685107,4.487533419645153,13.471047190209353,573.933213908968,0.3561939434613794,0.8940995361061592,0.542033345097202,0,60.45177446368141,0.6251467397837693,1.8568217523882282,311.0909397974659
59.22440450997323,110.10598791497644,-24.085410924955696,3.658581662996161,3.917253565146389,2590.0669636195908,0.697013013934263,0.9198709341305428,0.9190382770286712,1,14.331592062750916,0.8084419740324029,50.881583405003205,2380.3706796338306
63.7474922023729,41.46423766016018,-19.70959509821577,4.169667854567996,3.3877007883640524,2675.9791722076343,0.5601159830093484,0.0551565906017854,0.8999095433546718,0,14.125587078136249,0.30763628680556687,22.283254542212717,2408.1391948879846
110.41586944937484,104.86311896118876,27.31344689671961,4.773771071084659,2.158066867789684,3009.135732231198,0.3864625643279352,0.8206415603544788,0.448160873369002,0,10.302117182920675,0.603552062341207,5.552750488186078,1348.576897842605
54.82554670233004,84.21212144846749,38.630524826866846,5.242116355120039,12.900765188939056,3423.317931915426,0.4202496018075419,0.0376973904226706,0.2744126316356817,0,67.62731219050069,0.22897349611510626,29.38657474613745,939.4016826225314
71.39894891598108,100.39301558105689,-8.54075749251902,2.2263152319735875,7.550868061947192,3426.8057574699574,0.5621108826232295,0.3671696256950226,0.3931704345642641,0,16.810612580935913,0.464640254159126,28.994066665075806,1347.3187088317852
98.3653012741143,50.16170492938361,36.549990191924735,3.4591248795014664,10.155908725506906,695.8302726993917,0.0058647278871613,0.5422999756210791,0.3877643285297497,0,35.130556546346966,0.2740823517541202,48.20359634473069,269.8181584639522
59.65427823212701,118.42484939330186,-16.065386887690625,5.120594431415599,3.6620891227179424,2965.517968258708,0.0785098684536098,0.1481007986271274,0.2868668749827939,0,18.75207316913713,0.1133053335403686,58.77057116117484,850.7088722596998
82.20867002278735,133.5356493051874,-2.120671229058757,5.94198122030781,11.394802273067125,2438.929800972144,0.8812580677630116,0.7463138125690768,0.2685796043329665,0,67.70770111568561,0.8137859401660442,51.32697928240006,655.0468009409792
106.23637087467452,56.00877601089308,-24.657390196560023,5.392356210740697,11.424082619935268,2442.0264031192737,0.0778789890912907,0.0083547041721385,0.8610629364797194,0,61.602722867622795,0.043116846631714605,50.22759486378144,2102.7384256308887
114.9520623657642,41.48574666241941,12.64284379582596,2.5430699444340723,4.757710571133671,885.0497798440845,0.7068035962105051,0.1685990484340368,0.0698619206846616,0,12.099190757766303,0.437701322322271,73.4663157033448,61.83127752144464
34.70734809290379,32.836630325560364,43.1083003657328,1.5734158447025772,6.219171231853214,2450.56149933696,0.9200381641090526,0.5807968298534757,0.6776111820995941,0,9.785342557116293,0.7504174969812641,1.8707177673434288,1660.5278743734711
112.65876251614944,107.03658005319193,9.314378643904078,3.191658955736238,3.2243851337099927,3447.447741803744,0.2706836043017311,0.7143875620372924,0.1728200514564523,0,10.291137688748286,0.49253558316951174,5.622182462957511,595.7880961319534
69.21162930795381,102.8512843306537,-12.796732429780604,4.579027985098232,14.650759247511274,3235.455708618341,0.3704914370595142,0.916643102693916,0.3445058933940632,0,67.08623659729085,0.6435672698767151,33.639655022699884,1114.6335594344832
45.82443882989584,95.6036895256884,13.303570139147553,3.209129889143137,9.719478398170333,1817.391982414552,0.5689214058447163,0.7054966519346239,0.0615430341348368,0,31.191068634449472,0.6372090288896701,49.779250695792555,111.8478168101175
65.91357562382613,57.83365153391705,-33.93713893811512,3.1574947482251767,14.02470382266118,619.843919858283,0.8817089696385847,0.671779270254866,0.269973636855462,0,44.28292866546624,0.7767441199467253,8.079924089909085,167.3415173268862
118.0032575285477,76.90871950866176,34.97931722388587,5.110267315949903,4.620444600074084,1586.8804700006144,0.9419055872604202,0.3943411463506643,0.7684210711172421,0,23.611707024915813,0.6681233668055422,41.094538019885945,1219.3923904929047
69.26180939928696,101.33716022234076,0.277555570185271,2.487720784869525,11.750174603653656,2979.1709348016657,0.7395632481112681,0.0012844255268014,0.8850153245472586,0,29.231153587355234,0.37042383681903474,32.075350823053796,2636.611931745256
52.87516102875082,89.61202306310032,-4.558523216432214,5.228870711464051,11.511293793882656,2604.4973043954983,0.086619760854694,0.1201592587356219,0.221527151902367,0,60.19106696989092,0.10338950979515796,36.73686203434951,576.966869980127
83.34008543167258,148.5342624257865,7.727830960816725,2.7374264052344794,10.40566921281147,1878.0309667818688,0.6691541555348508,0.5345545447560391,0.4635478392589218,0,28.484753667285595,0.601854350145445,65.19417699411392,870.5571967130792
44.0145618778193,46.37277030680798,11.230547651046225,2.3052820812308665,14.488020731475329,665.3046054764933,0.410303721872662,0.6751298858444197,0.4703240479372064,0,33.39897458477139,0.5427168038585408,2.358208428988682,312.9087551589704
27.58633281086639,113.41734648571124,-38.54017743961383,2.9969445115983446,5.963974507984101,1780.6841834699078,0.4707009994910616,0.4174482838964625,0.8735753057597342,0,17.873700669015392,0.44407464169376204,85.83101367484484,1555.5617300362474
32.88797219106492,78.51825217251505,16.435549910106218,4.693458272711776,2.047688121487384,1907.0748191536504,0.049148390345177,0.7306790115283902,0.7627990528758054,0,9.610738753728599,0.3899137009367836,45.63027998145013,1454.7148658137023
32.80458389577724,81.38395379107376,-23.226148771602336,1.1930111532519685,10.108462002736506,3285.666598682408,0.1910621393463581,0.5218622953321788,0.5130772183680499,0,12.059507911488382,0.3564622173392684,48.57936989529652,1685.8006789367817
35.19026935122943,116.11173187898116,19.255736925593084,1.5803056872960957,10.966716027110373,2423.2583107464784,0.7905136075336477,0.0741761955943122,0.6707472004717734,0,17.330763708603765,0.43234490156398,80.92146252775173,1625.393727953159
33.882717264941014,113.09233815892436,29.028131494577707,5.7329465411470055,8.668402544536338,1434.9587499639467,0.4539588330478598,0.1920162509679488,0.8473550539093668,0,49.6954883849695,0.3229875420079043,79.20962089398336,1215.9195489334177
84.08747448032146,148.9507192442626,27.35626567972683,1.4652039505974654,3.1815866076876045,2075.9547933521644,0.3016622416311488,0.8399982232439429,0.0095389540255449,0,4.661673266751866,0.5708302324375458,64.86324476394113,19.80243733289586
38.18800843991448,45.40731473449503,4.725087066710017,3.6225002486208,7.616393530873394,698.1659234664802,0.3840190739649581,0.7249127466244395,0.4028900310500486,0,27.590387459182722,0.5544659102946988,7.219306294580548,281.2840905834961
54.56672833238632,42.49315792609996,1.815290307967608,3.6862295666406575,4.751627074880028,3417.7047069492105,0.8543995133256802,0.894761987012495,0.9072431672770788,1,17.51558821307302,0.8745807501690877,12.073570406286358,3100.689243150382
109.6788409906012,116.92065805544894,-32.14116347945294,3.1929345412763466,6.469251269683667,1580.179705792178,0.7489990174049569,0.1175572491209365,0.7403130308439514,0,20.65589583516884,0.4332781332629467,7.241817064847737,1169.8276272731107
67.39616402628724,99.4064300407691,24.781153536282204,4.0460988671725024,9.713756780085491,1933.6020647394075,0.2723153971810828,0.990222534615074,0.5428413743340746,0,39.30282030389312,0.6312689658980783,32.01026601448186,1049.6392022383443
86.75577385210272,62.89927998717671,-20.573155759795707,1.7640469918869013,11.203699666093437,1565.851922710768,0.1175018402123733,0.2094067139499336,0.5296445270351334,0,19.763852693976407,0.16345427708115345,23.85649386492601,829.344901011199
37.23198712016298,39.53032427867839,-0.2974119463848126,3.539642472772115,3.560147894430013,2547.5351903486007,0.2519982216440717,0.011779876286642,0.3477700976044378,0,12.601650696474689,0.13188904896535686,2.298337158515416,885.9565617982729
39.22890188086708,40.27898995157166,-19.415331636523497,2.5469529038579344,6.139347873639605,2486.6964749887798,0.9207564510547336,0.9974229390535542,0.5205205336415145,0,15.636629894560427,0.9590896950541439,1.0500880707045823,1294.3765761656327
24.086861626647888,137.3029049596942,-32.95544733002762,4.139169927960539,4.110507407775275,2645.966931587407,0.5815888378497553,0.2810738854451131,0.6553831994634532,0,17.01408865092245,0.43133136164743424,113.2160433330463,1734.122273298251
36.893506307216455,53.02407896624915,11.66019272025629,1.2767294885523222,3.05961104654185,1304.4296888357626,0.5334802087447829,0.6680194525125599,0.4183630384287931,0,3.906295646620411,0.6007498306286714,16.130572659032694,545.7251680380548
47.859033903195865,68.8045874538625,-40.11011686593866,3.639825792617119,11.772469577937992,1447.005443492198,0.5963935996924615,0.1766823141763052,0.714153146392174,0,42.84973841257907,0.38653795693438336,20.94555355066663,1033.3834903165564
37.70104842767468,57.19876826723856,22.378071071357997,1.5189869546082804,13.647865147111188,875.7536932886238,0.3660282657465152,0.5802285321991417,0.8612322272603858,0,20.730929116714915,0.47312839897282843,19.497719839563885,754.2273038024703
28.87025337570556,72.59955669983248,-16.4171884264995,2.0325368471327003,5.616459566700193,2466.5299155383377,0.8071070203195128,0.9040349864545592,0.1546848481848611,0,11.415661019749104,0.855571003387036,43.72930332412692,381.53480552846605
32.063587110060084,38.3308611295312,-44.98787762959632,1.702903901779708,11.294055973169126,619.3913820069577,0.5232862493002498,0.3201811674284386,0.4515470228174244,0,19.232691983628122,0.4217337083643442,6.267274019471117,279.68433450401176
66.07787680327257,92.28717490899244,1.0016225313506837,1.505607789278494,13.465229811529726,2293.047006570377,0.1167479027687955,0.6702539760443592,0.4080200912850811,0,20.273354888664144,0.3935009394065774,26.209298105719867,935.6092489418272
40.63337184057925,38.11350763106579,-40.78332823251572,5.041410233583669,12.70725073690045,3109.0876545549017,0.1290651248290629,0.1879035887984165,0.6874648040497281,0,64.06246390572355,0.1584843568137397,2.5198642095134645,2137.388335212014
56.42698610480755,126.0427809386834,-20.144739796119048,2.0713916221348967,2.8239194892344663,3172.4964448689007,0.5368591465026183,0.6247953987187252,0.2498674652579293,0,5.84944317158373,0.5808272726106718,69.61579483387587,792.7036452191843
70.34172708548569,58.045449829251965,18.62788387101445,5.599180800254471,14.348749034549083,1847.113281109885,0.9365702180708392,0.3364503518175101,0.6402509149522763,0,80.34124010191711,0.6365102849441746,12.296277256233722,1182.615968251105
89.03948286293652,94.80142975254128,-39.35793405403207,5.83459588939855,5.712478962398991,1877.9110646392207,0.3083521216761987,0.2112082585879516,0.877489241731488,0,33.33000627228884,0.25978019013207515,5.761946889604758,1647.8467561494413
23.931213984109892,135.60949050737497,30.54046431204021,3.641932584654035,5.154685851490161,730.9075490240521,0.8695411688592183,0.3131820507036351,0.4181315997936227,0,18.773018366197146,0.5913616097814267,111.67827652326508,305.6155427746626
99.94103989090426,108.1052842856633,-44.65620696072752,1.2865061746614952,1.030226776438927,2512.295076329108,0.7640955865788793,0.1788410685077993,0.91101569997922,0,1.3253931091902873,0.47146832754333934,8.164244394759038,2288.74025751631
82.79003894909079,93.95493438616025,-22.7858517718288,2.560015338587697,7.343987446162757,2963.7782611185366,0.2478124429069068,0.9019161078378828,0.9931637389334784,1,18.800720508572144,0.5748642753723948,11.164895437069461,2943.517099182249
28.17590319488719,68.92005037384507,21.681365053686434,4.887527448415177,1.7243028730498378,1233.965163814139,0.0363407483162424,0.3971868863171288,0.106092049947952,0,8.427577621412233,0.2167638173166856,40.74414717895788,130.91389379340242
107.35786241067773,69.96022956698374,-16.53568652436239,2.5206490078338875,3.803243331818648,1763.902644900094,0.1018472651423827,0.2452793049743673,0.2330531879848586,0,9.586641530899524,0.173563285058375,37.397632843693984,411.0831346888909
112.08724005318132,110.33843462378282,-35.82968507405878,0.9785947006653382,4.822445064332492,3016.518010295811,0.7284939338474402,0.4484078410159329,0.9503797514820932,0,4.7192191842054925,0.5884508874316865,1.7488054293985016,2866.837636966191
26.107795985486376,149.2967233465401,-12.578947307961492,3.562317010105033,12.151512220026092,3131.361402986864,0.1996697380406467,0.3205361668064955,0.9583276864813868,0,43.28753867989812,0.26010295242357107,123.18892736105371,3000.870328861511
47.68776481472037,109.42070278192544,-20.6646042253927,5.148164683228191,13.144780890898858,1229.539940792678,0.3712709205053938,0.744419253813326,0.0977072753867585,0,67.67149675129829,0.5578450871593599,61.732937967205075,120.13499759404893
100.62012797930612,96.93401008440298,30.84407119444994,4.877595129289263,4.606748130175898,2151.711903624093,0.5016991660064248,0.9712199118854944,0.0149985003771366,0,22.469852241608383,0.7364595389459596,3.686117894903134,32.27245179799527
94.82596903836584,117.67806122870954,-16.798687417337117,1.4631772707169428,12.894602006544153,1077.4794519074812,0.7254681684501628,0.4380336566976468,0.1611000232564222,0,18.867088570916486,0.5817509125739049,22.852092190343697,173.58196476061227
38.45210193563773,85.82467347404618,26.00392245984065,4.200205379268567,12.872740966809888,805.6362924186697,0.1132312232591253,0.8610333999722404,0.9960127833822484,0,54.068155854725745,0.4871323116156828,47.37257153840845,802.4240460056742
40.93493233367103,37.21708111209423,35.26849303296612,1.712773448896059,11.493299160734615,3233.3615041758726,0.4063664052774615,0.5658630735596195,0.1799996166106868,0,19.685417642725607,0.4861147394185405,3.717851221576801,582.0038311154107
57.0472102791382,97.47561790534918,-5.956432238112342,1.7001414400369472,2.285757198826205,2961.522512696328,0.4850729091426954,0.1572356650942334,0.5025476067220231,0,3.886110535587203,0.3211542871184644,40.42840762621098,1488.306051008932
68.45229851910213,144.91503414064562,36.89488294689528,5.307394753178518,10.385810418820862,2780.1047054095216,0.5408270639715397,0.6906227420813416,0.848417726430511,1,55.12159572435663,0.6157249030264407,76.46273562154349,2358.690113402312
81.8254771530296,51.03635308291916,-11.041375143312642,1.873179240071266,14.180858562250474,646.2989564394213,0.8183606413952167,0.5134344971258201,0.0204016106882063,0,26.56328986519445,0.6658975692605185,30.789124070110432,13.185539697471077
56.89136395697725,112.80058689847988,41.76705748410974,1.9478604058490612,10.26985313363064,3031.1863781307725,0.1716781950432169,0.6506065232521034,0.6044889822584595,1,20.00424029288403,0.4111423591476602,55.90922294150263,1832.3187687519767
66.25347161331479,54.11204263908678,-36.96394279269843,0.5035936491871476,5.041091051706726,1814.1322277161512,0.8078314518266223,0.889687412571665,0.2770254488696243,0,2.5386614386136657,0.8487594321991436,12.141428974228006,502.5607946919183
94.74709381337566,94.29932213676976,16.831733985291848,5.288679687690348,7.558631829719386,1527.1853698875789,0.6928784276966522,0.4404345706560461,0.8623349164397316,0,39.97518262456665,0.5666564991763492,0.4477716766058961,1316.945268329986
23.66832028905979,41.60117395760636,-0.5567363588764209,4.859271472650241,9.7213031459307,2139.429083076129,0.5558708141989593,0.9011776232173556,0.2834611492640791,0,47.23845105400609,0.7285242187081575,17.932853668546574,606.4450266577545
45.24369443440207,84.04451235098222,-10.111607508991767,3.950309142998729,7.707499090054703,774.0597281706675,0.6995278704025719,0.7506690142816549,0.6867557202819089,0,30.44700412509748,0.7250984423421134,38.800817916580144,531.5899461610654
91.33495858845524,120.73959946742951,11.944069087374082,4.626461701663632,1.8872988317914503,2769.9396480571963,0.4120177389516564,0.4886049258779847,0.6742196324473969,0,8.731515764877658,0.4503113324148206,29.404640878974277,1867.547691414595
109.52068376871992,71.70858290867784,18.34713824708981,1.3362671208347048,4.749754265315107,2247.305230664888,0.1383975859681245,0.6032221356579637,0.22149354885964,0,6.346940456784977,0.37080986081304407,37.81210086004208,497.7636109107979
71.16774421156661,109.78940693846616,-44.60730573147218,3.0207797702316648,12.055700855249125,1059.7702906195027,0.6657652402653673,0.3255811325190114,0.0347991998683501,0,36.417617259501135,0.4956731863921894,38.621662726899544,36.87915815780755
73.21134852653157,125.45399529476752,-29.974222012752115,2.4317066304182946,12.93512888682321,1064.6965993071367,0.5246723066856223,0.9835972997387742,0.4092495737853973,0,31.45443867940321,0.7541348032121982,52.24264676823596,435.7266294772076
30.717201133977603,141.2613383375343,19.17414455708868,1.0157708944135906,2.1457704874619967,1052.7459547180226,0.6393748005427755,0.667351163050396,0.2891931519658697,0,2.1796112072555585,0.6533629817965858,110.54413720355672,304.4469208642237
64.74123668234546,58.15704982265443,14.974687222038582,3.1737176686820825,14.290562610740997,671.007162655802,0.33799878102849,0.0438468524966298,0.8089777496137086,0,45.35421105311625,0.1909228167625599,6.58418685969103,542.8298644199704
73.2617266455023,77.91790989711697,41.94427546158094,5.564068076884495,4.999457005944278,2263.3953481150543,0.906866577339836,0.3266219057480087,0.8003641884553453,0,27.817319128531096,0.6167442415439224,4.656183251614664,1811.5405809477093
44.247050363472965,48.28992159965009,23.493401122570475,0.7203251547788196,9.968474707087728,3021.0445327655243,0.5873698685755769,0.6233144337590575,0.4570239521926255,0,7.180543086291716,0.6053421511673172,4.0428712361771275,1380.6897121144236
46.924323094938096,149.098020259005,40.56954369582043,2.1030350242158664,11.30219467475455,552.4946419621658,0.0854024842908738,0.0563332777992398,0.6065122253232189,0,23.76891125151487,0.0708678810450568,102.17369716406691,335.09475477562825
57.728416310462265,141.24011615091544,18.228645138132627,1.641475149131369,12.197998896104462,647.0139349138207,0.4498039907044286,0.0238841913191427,0.6042595159869252,0,20.022712057087347,0.23684409101178566,83.51169984045318,390.96432714782117
22.00711977777264,94.79485563366715,-18.17530122245012,1.8098065951613296,14.191670563166358,2218.3108300608374,0.7563560547436343,0.4500242395278025,0.8271581484276234,0,25.684178981575375,0.6031901471357184,72.78773585589451,1834.8938788300666
52.20791655831783,131.04399532517056,-35.51715699742292,5.496390035336564,4.7625012656294565,2958.487056158157,0.7941345617322724,0.33269017969267,0.4250024141231975,0,26.17656449968352,0.5634123707124712,78.83607876685272,1257.3641410194484
41.14480069965447,92.51495727264506,25.364147701044203,3.074379798288596,12.891746172818165,1480.2166717059008,0.4945970527637587,0.4382986080331659,0.2754466797905091,0,39.63412399837649,0.46644783039846227,51.370156572990595,407.72076759194834
52.74973521779147,104.83028256033116,12.973429932832431,3.0646467711690035,2.062134861199485,1548.8431964231663,0.8947475708313011,0.2626933098800051,0.2650349181405474,0,6.319714944090043,0.5787204403556531,52.08054734253969,410.4975297765577
31.97621318192512,40.69493185392199,-40.66325888460334,4.683166033504053,10.605109504668532,2289.039492490328,0.2676684371942975,0.1647177469429809,0.5361922792822041,0,49.665488613854656,0.2161930920686392,8.718718671996871,1227.365302845369
109.0527280739895,120.63245045961696,-12.595458068911952,1.349707122027092,11.15546816975839,1322.638667372441,0.4105986972382666,0.6891433569803377,0.4491482027322125,0,15.056614838269427,0.5498710271093021,11.579722385627463,594.0607803144605
79.35924535540487,45.32561803622818,41.11198339358576,3.1799594475502797,10.198076293899677,579.8250982330524,0.8985969105689701,0.5145711162678005,0.4401207709849362,0,32.42946905762482,0.7065840134183853,34.03362731917669,255.19306927074737
87.91023191444896,129.1281156303034,0.0361031139181093,2.8649186776658286,3.85948956841378,2705.685554304788,0.8962567164715789,0.2001542112493668,0.0911373390897072,0,11.057123750805067,0.5482054638604729,41.21788371585444,246.58898183279786
98.91712386073382,123.84337052044631,-6.054377758226579,3.783008798006609,13.10834289052653,2376.9497388243594,0.6857127688246809,0.3195894262599983,0.7186037406901956,0,49.58897648214924,0.5026510975423396,24.92624665971249,1708.084973751768
69.84421989290573,115.04936372915718,-3.8070355356635446,5.997567367877412,2.6159911042188857,2242.267997166977,0.8589805471222202,0.5918079076633259,0.2137366879819107,0,15.689582881320787,0.725394227392773,45.20514383625145,479.2549352823019
28.69202880874237,34.33924566297145,-26.200554839535265,4.731968917451259,0.8991583936603795,2725.0523869754693,0.0887732669562326,0.0722293482724778,0.1969536302087213,0,4.254789570666319,0.0805013076143552,5.647216854229079,536.7089601237599
73.71065418185478,66.37540271343943,-11.816354622168433,2.688261366595849,10.79022836011749,2525.6925126861124,0.8649949762077763,0.1474530092661795,0.4127583202773934,0,29.006954037250733,0.5062239927369779,7.3352514684153505,1042.500599073509
78.68411180208791,61.57350838930114,-11.716806961154106,5.051541787507258,7.184588156967732,1117.6459645349637,0.3206199065502267,0.0732456041073901,0.2277783416178014,0,36.29324730095225,0.1969327553288084,17.110603412786773,254.5755443176021
94.543947418433,73.21636889658228,-40.288048183127486,1.4388959982186411,12.751560497384274,1557.4431408300534,0.1783315124282163,0.8123173327141189,0.5838582673080154,0,18.348169370729135,0.4953244225711676,21.327578521850725,909.3260536357883
63.16595462296794,40.51712961166062,24.08108656661264,0.6675502746992807,5.812617401768058,878.330425035875,0.2393698363420463,0.7524092332120093,0.3714633393344715,0,3.880214343272087,0.4958895347770278,22.648825011307316,326.2675527228918
32.75803027955638,142.43493876372753,-7.514601128650895,1.624466048553502,2.607350968764921,889.5710402536431,0.4179685080138871,0.7533129318792571,0.4489117225927901,0,4.2355531254216965,0.5856407199465721,109.67690848417115,399.33886804892313
48.37759057987245,96.45626888548516,28.996189813478097,2.372263558628428,12.56298866780106,2528.5872390696177,0.2511920046044672,0.716325343476028,0.5371693216040289,0,29.80272020408636,0.48375867404024764,48.07867830561271,1358.2794918276309
56.30822963986351,66.66291727896282,31.53132010079058,3.3081941660275795,8.278753511437067,3075.8003209474946,0.320567586016499,0.6693854236698692,0.2035355224818048,0,27.387724068516444,0.4949765048431841,10.35468763909931,626.0346253737512
84.59172413316013,77.637782048914,-25.92053507712077,3.883210272976599,2.919017306616288,3388.197751583417,0.1349784860716421,0.476991915378175,0.1557516228655298,0,11.335157992048853,0.30598520072490853,6.953942084246123,527.7172983984564
77.07783046689119,83.66430486058027,14.161813395311569,5.508331444679319,10.83372157893804,2385.041352648333,0.2961767655589985,0.642278163507115,0.8804219028736048,0,59.67572923616529,0.46922746453305675,6.5864743936890875,2099.842646130882
55.60967258978462,102.07132000327408,-2.4946376253316487,3.3041970525275173,7.715593213493558,1052.3039700828708,0.5722838145420012,0.0383615547879746,0.433723702831421,0,25.49384035452673,0.3053226846649879,46.46164741348946,456.4091744085476
118.65152487929797,91.88153132357974,34.21410641293366,3.257016045441512,9.104263435380766,816.9510363467921,0.4418537080910639,0.6214644226567846,0.4120936096325391,0,29.652732090961617,0.5316590653739243,26.76999355571823,336.6603014611932
80.57748193568872,140.3270367857301,-25.58333887411913,0.7763365540264018,6.9673852392780695,2938.552914610273,0.3467187612359111,0.7778777055368772,0.0356121502728414,0,5.409035847235553,0.5622982333863942,59.74955485004136,104.64818797979711
43.722679173599445,89.63561794869963,16.00318802790398,0.692013539609231,12.447763858888296,2236.2694290799977,0.746452128857114,0.5003583603843902,0.4979763025873932,0,8.61402112820915,0.6234052446207521,45.91293877510019,1113.609181882478
30.17824726204037,149.05896177879754,9.697691002745032,3.531379790540046,12.460484463677442,2354.85506304116,0.8935099713933179,0.3575133284272369,0.5541697216110001,0,44.002703015368745,0.6255116499102774,118.88071451675717,1304.9893747197737
35.2859139184332,132.1709949294115,-18.42286701853505,2.909982372865895,10.669893445183355,2844.386266264128,0.756789222902397,0.2774267348009791,0.5588408709546665,0,31.04920184584092,0.5171079788516881,96.8850810109783,1589.5592983705374
44.59577283845081,55.0212617228803,-32.705918671394464,5.115492172391642,1.670480523207288,2609.831683197355,0.3320007021176792,0.6428020501620825,0.7070311693228843,1,8.545330040599575,0.4874013761398808,10.425488884429484,1845.2323467069373
36.06813732595557,141.67142575726996,13.647578442954888,1.3837377159151485,12.598922542370628,3003.37475856829,0.7444421678375537,0.6928011986299087,0.1774818349910117,0,17.43360430177181,0.7186216832337312,105.60328843131438,533.0444633163868
38.656702405130574,43.96396774625713,21.473771231909765,0.6373441416437728,10.098093409940356,668.6417163796355,0.1519801824740512,0.8709675998625426,0.2522231342306188,0,6.435960676597075,0.5114738911682969,5.307265341126559,168.64690938261214
48.50951686938471,128.09396501894298,-16.5935390612985,2.969713223615692,10.485660073464064,2742.5619102395144,0.1303179880912909,0.3423340824609907,0.8107304652304127,0,31.139403378505317,0.23632603527614077,79.58444814955827,2223.478493411691
37.33735952947548,75.67479521718961,13.034934362008244,1.806132062137416,5.508444322017687,3052.558271966286,0.3456270370361589,0.7697723073855856,0.947170616843394,1,9.948977902494946,0.5576996722108722,38.337435687714134,2891.293501408712
109.67654246264252,135.35691845340835,-9.438218314964708,0.772879053363606,13.2012653867394,1358.405127374943,0.807702369044057,0.5613558241893379,0.1359327473673206,0,10.202981495304886,0.6845290966166975,25.68037599076584,184.6517410019311
28.02337456616422,134.16680281289405,19.18861949543559,4.485290577661959,10.908036843499376,2421.3418219797586,0.2463482472423018,0.8828364906780791,0.4976495545052182,0,48.92571487493725,0.5645923689601905,106.14342824672983,1204.9796790130802
72.45113895702546,126.71104801411454,-27.07062525953522,1.113761499764861,1.7775979512849978,1442.4861915109163,0.0632534088986795,0.5278121082956208,0.2141762527395868,0,1.9798201602021235,0.2955327585971501,54.259909057089075,308.946287126406
61.03968269896615,124.80365235684737,35.11935023725569,3.845757250042744,6.175892712651824,3373.913199447362,0.1317095352063551,0.5176298283979672,0.0600731683549824,0,23.750984175166902,0.32466968180216116,63.76396965788121,202.6816556454987
118.23786169086064,66.56149669176489,-19.133136318097822,2.0457736259178905,13.307067393206111,600.2707173065113,0.8587449685295802,0.5778770814409091,0.3255033381261354,0,27.223247511332996,0.7183110249852447,51.67636499909575,195.39012226263918
31.203890216805235,39.71031396615026,-11.899261101946236,1.4542282769526211,0.8032308552909471,2239.3785314988654,0.6337832847472876,0.7493153551424344,0.1436876251842127,0,1.168081022684934,0.691549319944861,8.506423749345025,321.7709830795816
59.78555990457416,78.35762145181937,-39.77172431276852,2.588633376056246,14.425107632666537,999.5106411485452,0.2532011633699766,0.9646904788284608,0.7099330734342463,0,37.3413150711243,0.6089458210992187,18.572061547245212,709.5856614008208
116.94704332753687,50.82294179838104,-34.963900891085125,4.907951769226245,10.219522267961484,2636.660615531476,0.5552958253281813,0.0735633542157656,0.5337254136714444,0,50.156922395688575,0.31442958977197344,66.12410152915584,1407.2527777357425
106.55071258939805,113.3941306682954,1.4275712441095294,2.65651467297515,9.507502066886312,1027.6708502559864,0.5275796224253504,0.0534346023910171,0.1438344709903108,0,25.256818744025054,0.2905071124081837,6.843418078897358,147.8144930987327
101.707207094928,71.53196718453427,-20.916659094482565,4.629233070660806,4.131332921671072,1206.1497856950728,0.6554359784406613,0.9375503374073384,0.0092415884055143,0,19.124902986909458,0.7964931579239998,30.175239910393728,11.146739874793141
45.79028270449398,147.07322410318977,30.193220316797493,1.1901746323953288,3.8069976522137385,1983.1124331372744,0.2331875544216163,0.5298756255182061,0.8081570490242127,0,4.5309920312533665,0.3815315899699112,101.28294139869578,1602.666291847446
37.08875873900658,106.91664928143985,-43.67759502105415,4.750242808157935,14.136667470380072,3244.5048499906343,0.8644029871943977,0.6149030145669361,0.1761944061642475,0,67.15260298249316,0.7396530008806669,69.82789054243327,571.6636053411207
86.8643219924431,128.6976676361233,-10.881535619525742,1.8031332869865675,4.544259568088429,1135.1431164439125,0.3093685620800128,0.4824236015947288,0.606216642220766,0,8.193905691927448,0.3958960818373708,41.833345643680204,688.1426484906447
112.93759891275856,45.90296072902181,-14.638900790781658,4.2256622143888,11.655028921113091,932.7200633543106,0.6941316539762369,0.0936574526074744,0.3369219130767455,0,49.25021531955625,0.39389455329185563,67.03463818373675,314.2538281103976
75.67628930139298,133.44173787271473,-43.26051321741591,3.61179855162548,5.957514793285479,2776.930495562092,0.0161246463722148,0.7680893784186665,0.5854859383150356,0,21.51734330167586,0.39210701239544066,57.76544857132174,1625.8537568298082
77.16126894698999,140.7308628616073,-33.80684408995408,5.61029594466428,2.174885654692089,2001.858597001793,0.3726571298941472,0.7472246450885869,0.315653626982324,0,12.201752168627545,0.5599408874913671,63.569593914617315,631.8939268493625
47.997909366028416,88.4474302582723,-7.772159257322826,2.630273848864227,0.2596579356608484,3235.355337145314,0.3517098179588083,0.311703321492812,0.0869395606922541,0,0.6829714778187995,0.33170656972581014,40.44952089224389,281.2803716947532
96.94929331919369,102.7503525301173,-0.6421873997298064,0.8639085385894225,8.209434321527237,939.8436714795268,0.5434844285830145,0.3062392452284004,0.2229500085577536,0,7.092200407356443,0.42486183690570745,5.801059210923611,209.53815459931107
38.704374855752334,121.77717610835946,-8.613922747061778,0.6053551705318909,14.639104396379096,2437.783679069118,0.0727362617771965,0.8378413809055185,0.1880585664790756,0,8.861857538304221,0.4552888213413575,83.07280125260712,458.44610407182523
52.367923640424365,50.980635271249504,2.784391057088442,5.047722085350142,5.600129287757147,1198.6374384554451,0.7901313737261083,0.0723572577413266,0.4280193524396438,0,28.267896286627913,0.43124431573371746,1.3872883691748612,513.040020217613
62.54364386164168,90.30792917561308,8.561850741511336,3.386046007137877,5.422165776496368,970.2812859549178,0.2177808017675685,0.8811051483565658,0.6582837834261573,0,18.359702777545174,0.5494429750620672,27.764285313971406,638.7204359060006
70.7610378684455,77.83956333267757,-44.1068560984948,4.763842285092221,5.226965105956687,2550.2882454718115,0.6770378148820102,0.2566616898959144,0.2638060749463575,0,24.900437394458006,0.4668497523889623,7.078525464232072,672.7815320197512
44.24097324150802,47.564879059469895,-3.231435649184654,1.7893408000633308,7.8561031758423905,2281.0538597262,0.8032121232440932,0.5929847477554939,0.0120699353006179,0,14.057245942041897,0.6980984354997936,3.3239058179618723,27.532172504119973
31.483682473920357,74.10413067498376,41.71493167988295,2.3979606003227856,6.665906763021974,2764.4823750869937,0.5618769562415131,0.9359941790017776,0.5189373642647569,0,15.98458178315189,0.7489355676216454,42.62044820106341,1434.5931972840194
81.06200424416326,38.180677126259226,1.7129052116593826,0.6655712971622542,13.210727938232516,1428.3877293385472,0.7408832067219855,0.6781225015366464,0.6057594893589721,0,8.792681330307047,0.709502854129316,42.881327117904036,865.2594215307399
48.86305532402558,33.09742883393844,15.978804071305788,5.788207785157617,7.632259796680005,1843.9149691465695,0.6618603122150055,0.4144298124670366,0.9628704940018096,0,44.177105573488696,0.5381450623410211,15.765626490087143,1775.4513172394888
78.12382214226122,46.21995469857873,-16.93225278748051,4.173273486854473,7.665591789009674,1716.4150289912554,0.3555297971520076,0.6895342089054152,0.5894708030932468,0,31.99061097412342,0.5225320030287114,31.903867443682486,1011.7765455807939
35.43627152742023,145.57381339070088,24.65922403374863,5.632627982676184,2.161736761336293,3452.2683918995426,0.8088585390335653,0.3439796363163702,0.4711725593781418,0,12.176258973082591,0.5764190876749677,110.13754186328065,1626.6141338715693
68.11401018548175,95.94354430740204,24.562933368850352,1.9602302408598975,14.742819159564752,1376.7468702181636,0.294701369885528,0.2772584163491861,0.5734016258977038,0,28.899319952107525,0.28597989311735705,27.82953412192029,789.42889383267
73.25894325515858,145.89865933838638,1.9166442888725044,3.863049861741135,3.824596073945562,1384.4517150403008,0.5712129177515172,0.9966832779346796,0.927900629862027,0,14.77460533467109,0.7839480978430984,72.6397160832278,1284.6336183994586
25.18235368224269,81.89974539961584,42.84124409512923,4.2317498256095085,1.19312460514808,1563.644626485822,0.7453977391415395,0.7507902311797877,0.8283781456016462,0,5.049004839765801,0.7480939851606636,56.71739171737315,1295.289036068304
53.660427819392055,67.41793597023116,-33.7004806713612,2.2465233514167364,9.98087910973061,2193.7822438709645,0.3789559098125076,0.6447199773818176,0.322978733363808,0,22.422277987677305,0.5118379435971626,13.7575081508391,708.5450104014567
33.44146769389742,90.73702354082928,-43.47471015993771,5.164600792585965,8.970958915337402,1256.9682327912356,0.302767607617425,0.3552896432193188,0.2372543636571372,0,46.33142152440767,0.32902862541837186,57.29555584693186,298.2211982081209
26.337497047276774,82.74140263594921,24.31423905813864,5.709388045951363,6.285670244491911,3245.869821137822,0.4593460101728227,0.0491608291550481,0.2626336123660736,0,35.8873305546943,0.25425341966393544,56.403905588672444,852.4745163954473
118.99602323899452,42.67976211140927,27.643998362839422,5.366703147328024,6.390664284822103,1297.0566945987905,0.8179634943491536,0.0310568760351556,0.504421039715213,0,34.29679813087157,0.4245101851921546,76.31626112758525,654.2626864590994
52.235384497472296,106.89915776282474,-34.18134937914814,4.564868367666549,11.797452423591825,3187.447194680584,0.9299217631456648,0.5541812554487988,0.7440494512285778,1,53.85381738750539,0.7420515092972317,54.66377326535245,2371.618336022158
100.98744458546348,55.92458190115195,-21.097545033725453,2.0260557384872477,3.0161183374847718,810.425190939754,0.5450834128598901,0.7620327210390511,0.5032192071829621,0,6.110823865617639,0.6535580669494706,45.062862684311526,407.82152206580366
45.46406547637638,104.35055458773957,-43.4202872970034,2.0488882315809747,12.321774452278856,2469.688107198957,0.6614662053236519,0.5373791904438551,0.0677963958281125,0,25.245938667469257,0.5994226978837535,58.88648911136318,167.43595248764242
88.15027222239293,108.0241310877784,-18.602225029749174,5.798481762453209,9.76633199703577,3220.9565553147318,0.9032736222389142,0.8407850719391146,0.7235807004399809,1,56.62989797087514,0.8720293470890144,19.873858865385472,2330.622000381382
96.02278598896864,48.24298237543778,24.582768652680443,0.5565647276463062,6.342649629314913,1006.2483151946884,0.0985468514129424,0.0334265330932216,0.8059701286709539,0,3.530095063495599,0.065986692253082,47.77980361353086,811.0060840723936
79.56387406078443,37.36195525328018,1.6164474941321032,4.438274852831794,6.924626387099642,3404.980880297765,0.232078577866165,0.3667520764259401,0.2894978651197196,0,30.733395159119823,0.29941532714605257,42.20191880750425,985.7346956196665
67.15761885501584,123.69139032821278,-13.671396614854071,4.384353894053942,3.9240433870728273,1858.6500812465351,0.7089000062515824,0.237070391174178,0.6641257392833504,0,17.20439490454937,0.47298519871288025,56.533771473196936,1234.3773592769144
61.18409141472685,85.17605085231841,-11.543463458430274,3.924792475223886,11.306503557184923,3337.1453253230734,0.8237444619122997,0.447272968157122,0.4265919010543934,0,44.375680082331485,0.6355087150347108,23.99195943759156,1423.599168424352
54.88682665429953,36.97965546065709,-44.87817368560787,5.945598653477762,7.741833660348489,2530.460130890141,0.8570290283305779,0.0723763931941224,0.8891193557274428,0,46.02983578641679,0.46470271076235015,17.90717119364244,2249.881081271023
112.9529144247826,149.38395806037204,-18.01795251912877,2.2153368967004887,4.880732686972669,1404.7606096206546,0.4151071768549326,0.9541316415710726,0.8452255581607399,0,10.81246720438267,0.6846194092130026,36.43104363558943,1187.339570348839
103.06194077877292,36.933667319564,13.181286747413743,2.369845250862865,8.981146724838158,1064.907574751319,0.0893399022918668,0.2232554010693609,0.5254319983096423,0,21.283927913160284,0.15629765168061385,66.12827345920891,559.5365150166604
116.50269106665124,113.4042274630264,42.67749994347214,0.9341667162060556,14.936443335564713,1411.2051386752985,0.4377814772996199,0.9223077754835848,0.6915055458135945,0,13.953128222582311,0.6800446263916023,3.098463603624836,975.8561796746116
32.42972234855447,148.04147103160963,31.23547442855096,2.935389750990556,6.585407966882652,779.052227788025,0.2307345902070537,0.4258931550366818,0.883349701022104,0,19.330739052078894,0.32831387262186773,115.61174868305517,688.1755524971559
93.08674752036444,58.70161250591107,-42.87645318190238,1.9357668942916644,13.818301871601433,931.6038990299892,0.2911964549966241,0.985524133255218,0.4957170100782755,0,26.749011298374597,0.6383602941259211,34.38513501445337,461.8118994044099
113.83404568210378,47.06992424246354,35.87045442073554,2.388626861977043,5.240750914876035,813.9813210394434,0.7722675568375058,0.5540583834602107,0.3132507404888219,0,12.51819841220366,0.6631629701488583,66.76412143964023,254.9802515596751
38.12330661656601,44.56619273069147,25.48785719687633,5.090144846405952,0.9155173331822896,1768.8306312246732,0.0755270860258868,0.9308328641758076,0.7536661379095813,0,4.660115835293152,0.5031799751008472,6.442886114125457,1333.1077504512662
26.64962673667775,66.39301770811147,25.23385112138824,5.645164824401227,3.1432073848895903,2886.7351287727597,0.8275812174807021,0.0053489886942228,0.2200662547846917,0,17.743923764976884,0.4164651030874625,39.743390971433726,635.2729883444259
94.11206492900592,42.12549732127761,-3.7803816896785634,1.521531896028521,6.338557635582495,924.1506626490204,0.427669085824169,0.7482388061809001,0.388531148006042,0,9.644317617353892,0.5879539460025346,51.98656760772832,359.06131788956833
77.4473113179912,113.05936100329583,-9.17952363409475,2.5487991235440624,3.372560436059078,890.9612995170077,0.5960639311005951,0.9030506531025154,0.8657272371067937,0,8.595979083526759,0.7495572921015552,35.61204968530464,771.3294641999375
104.1828776758272,37.47501577560752,-17.737584405012665,5.607468091634668,0.1033828694520075,2430.286848551992,0.089652231235679,0.139720566978954,0.7244223402693151,0,0.5797161416737645,0.1146863991073165,66.70786190021968,1760.5540863537726
33.97723766262895,91.13065537797476,-39.08746269410708,0.8399465337907245,13.733522912438156,1091.5489459041987,0.3373590783572796,0.0961258517321514,0.4038110052474992,0,11.535424967037924,0.21674246504471548,57.15341771534581,440.7794771224226
99.52673118598902,149.6036224623572,-24.45881728556708,1.007982904612582,12.673803227340844,792.8301143269748,0.0897009190148457,0.4245726071859556,0.2147445024083574,0,12.774976989583342,0.2571367631004006,50.07689127636819,170.25590839550733
40.162732004774455,127.67643234072226,-22.805672851977786,1.3953504406342616,11.160154249155513,1000.545734616733,0.9615437228811096,0.9336789061329352,0.3559683908322365,0,15.572326149105471,0.9476113145070224,87.5137003359478,356.1626551055764
36.36559428657045,103.82633258772132,-1.4330637260818548,3.7736705876978114,2.6004374751258266,3271.1941876303285,0.8072616493262504,0.5423865601904387,0.284104149227433,0,9.813194415029491,0.6748241047583445,67.46073830115088,929.3598416344383
36.42657979309929,66.7504344943934,22.26999659370246,1.327597490532986,1.8934172855287923,2964.4137583285724,0.4596327543564602,0.5274564637217322,0.1760892879438539,0,2.5136960367998027,0.4935446090390962,30.32385470129411,522.0015078750421
101.4574720231382,104.86750035499662,-2.3571154441848066,5.824420097979035,1.1073107671385092,1562.1936870652823,0.2236025483236711,0.1411261182993218,0.7433329135656567,0,6.449443086830116,0.18236433331149646,3.4100283318584275,1161.229984960112
86.51972206962002,93.2449756693982,-39.79399954975555,2.956929899921862,10.888034912716526,2467.4623019821784,0.9334551052498522,0.0007895110932187,0.2520698868501715,0,32.195155984804614,0.46712230817153544,6.725253599778185,621.9729432677115
72.30654247691193,81.13000606684457,41.20108208893835,3.258348781925915,13.93923861424949,2111.827021004114,0.3445965957269717,0.8101400907454612,0.4541674701677638,0,45.4189011597145,0.5773683432362164,8.823463589932643,959.1231355613636
55.88304841235025,45.685245208823936,39.8451887184701,1.856622386929736,6.514983731604251,2531.372790447692,0.1609844316873747,0.0875745629862382,0.385859446836109,0,12.095864646579484,0.12427949733680645,10.197803203526313,976.7541046581241
107.72005408131082,136.392505828856,25.66705888335676,3.090281388391034,1.8751960127411176,2548.013457388278,0.5631643884539549,0.633849818735324,0.9820773786356308,1,5.794883337758952,0.5985071035946394,28.672451747545182,2502.3463769601904
59.244510742263536,83.9741578585587,44.21951114077986,4.140524979503564,7.7346530289083875,2386.202045179979,0.943774120344816,0.9146164545151916,0.3910922441482205,0,32.02552407398808,0.9291952874300038,24.729647116295162,933.2251128405115
101.65994394715771,53.35470141849181,4.003409952023667,4.631474253247236,5.297595421133589,1298.304105611926,0.0038302905003225,0.208651913158431,0.0799824827967548,0,24.535676797100667,0.10624110182937675,48.30524252866591,103.84158579206199
63.91349085702184,74.13112210527476,41.64915152278854,4.646274454904521,5.684891372814966,617.0192622884543,0.2381248432539987,0.6652728362369108,0.089825752572084,0,26.413565564417272,0.45169883974545477,10.217631248252914,55.4242195865325
57.69444294249076,79.69557030347124,-38.19554634449243,3.6784011198174857,9.357826299920038,1866.7003459703265,0.9384476404104076,0.0786985767075094,0.5907537213530648,0,34.42183874068339,0.5085731085589585,22.001127360980483,1102.760176033024
66.26797856696064,129.3045474680249,-12.08873265647658,5.473978762466214,10.808899887606817,3172.921654072112,0.171085966857162,0.603755143837613,0.5993635517382656,0,59.167688430383166,0.3874205553473875,63.03656890106427,1901.7335919719135
50.13778741641421,118.03372566736824,-24.715685879391074,4.9957431601836015,1.7479936232100968,2208.491775555728,0.1132434516398198,0.1639317209532027,0.4187589904826549,0,8.732527187196393,0.13858758629651124,67.89593825095403,924.8257864209628
94.76093801762512,122.31658723696076,-27.3750224279157,4.66376463084244,0.6302944390164982,2997.173125105724,0.5701872157998045,0.735953560515178,0.4318436923120297,0,2.9395449117018213,0.6530703881574913,27.555649219335635,1294.3103088440407
70.27203900924792,31.323751731437667,-32.32773459965915,0.8058303692425335,14.915521510017152,3474.8730288836846,0.8618438232948299,0.3012312947939082,0.0539325828408712,0,12.019380205862072,0.581537559044369,38.94828727781025,187.40887749177833
43.22126951468173,79.93847978157137,11.017227740939704,0.5378287922080712,3.5676523988417226,990.8486124148288,0.4771098176939261,0.4633910088046462,0.5165465103892622,0,1.9187861806872717,0.4702504132492861,36.717210266889644,511.8193930669225
109.95745732745684,87.76129819623884,25.31896701725745,1.6684600245751011,0.9020748211360402,2575.332917425947,0.9945642566845248,0.5994305420276217,0.5047394753803517,0,1.5050757782412176,0.7969973993560733,22.196159131217996,1299.872185671323
58.38912213732114,32.303073218766805,7.046855947832462,4.149379766523987,2.929142403529208,2522.880721100074,0.6791716995379928,0.1712734106662395,0.1495493185569445,0,12.154124222471536,0.42522255510211615,26.086048918554333,377.29509264096885
74.35528611139887,61.17758504940411,-31.77335613706113,2.761586188854002,0.6804719105921169,3439.8663420748358,0.0740749072104477,0.7416378186176209,0.1038393861109275,0,1.8791818301942853,0.4078563629140343,13.17770106199476,357.19360926469267
110.6472110964547,121.2347787746562,28.001139294012376,2.7132344261462147,5.937982329795858,3456.802201858401,0.9928321316819754,0.3026403406368145,0.1235724905994904,0,16.11113807905003,0.6477362361593949,10.58756767820151,427.16565759344496
82.42379959139922,46.45316468747989,12.235923644735564,5.365227885262875,12.05578658832473,2560.0358351723885,0.4078942367801904,0.6623718599127535,0.1010282464912585,0,64.68204238245804,0.5351330483464719,35.970634903919326,258.6359313822509
31.68980407083641,94.237215774311,-10.065086448570405,5.425595664725113,5.184542301390037,1230.8443759465829,0.2874025338454825,0.1582830506993736,0.6097081955367598,0,28.129230234005743,0.22284279227242804,62.54741170347459,750.4559034449603
113.98321236134753,55.8242246420685,15.67172659824567,5.500463952294721,6.718332762487662,2895.6675143917973,0.5578791835778856,0.6881176592063503,0.1964826524029186,0,36.953947179584,0.6229984213921179,58.158987719279025,568.9484337046667
82.77080530714179,31.454492957267192,-21.60855186814504,2.2263294208326503,10.16624292615484,821.0874026331144,0.3043075918208643,0.1281880728104617,0.2514301521874634,0,22.633405725830332,0.21624783231566302,51.31631234987459,206.44613060325298
53.49056146570861,58.94417491194498,-13.932701235521057,4.30080697006594,7.6825216440412145,2842.097912514886,0.0864575071201523,0.4253564962699836,0.1735721441514397,0,33.041042634374904,0.25590700169506797,5.453613446236368,493.3090285635397
33.927207266338726,147.10485058920645,37.57372588187911,1.993982497009033,12.93554072171773,3230.5883724340893,0.0014283430791767,0.2472060737388768,0.9578353044485032,0,25.79324178845275,0.12431720840902674,113.17764332286772,3094.3715972582004
99.4025189270296,126.18445342595876,-18.854594489572165,1.548354081909474,13.003931558181772,1648.5001843053058,0.4495833529202623,0.7483752494281826,0.8546174631518354,0,20.134690508982175,0.5989793011742224,26.78193449892916,1408.8370455163335
82.00727559285136,145.149197318524,-2.7010558657857047,1.5154785154105306,0.2476693628181893,2391.905884949241,0.8368634222265923,0.2620350045068745,0.2304948373515208,0,0.3753375982763816,0.5494492133667334,63.14192172567263,551.3219579115207
73.34610919763216,88.54248527116349,35.11270236564131,2.3815919147497677,11.692889966599669,1790.4281962904788,0.5723151856300766,0.8817173063953962,0.327566293922126,0,27.84769220451245,0.7270162460127364,15.196376073531326,586.4839287925489
109.38925830509577,43.16834384130042,18.694921524077472,2.8647669087890195,6.96493064360094,1813.295164964385,0.9992072989434408,0.8918202114066128,0.2098928423049971,0,19.95290282979858,0.9455137551750268,66.22091446379534,380.5976761122834
98.85972112245308,95.75513867684316,-39.40170964517675,5.070220440802876,14.83372406542458,1431.1126673243602,0.2868466456471999,0.1964413152227858,0.4918759594608237,0,75.21025096974525,0.24164398043499286,3.104582445609921,703.9299163367083
35.167487973275115,84.5252801471953,-31.742726014892668,1.1594010140999165,7.300157930543984,2786.388861350974,0.2804550647600553,0.6138459450077243,0.0196105324742535,0,8.463810507762242,0.44715050488388974,49.35779217392019,54.64256925142151
51.17220677955483,131.3228499287539,-44.29425683052749,4.542092160671918,14.804749586285633,3308.5296924995155,0.1597494602339442,0.0877176417199643,0.6713680088967957,0,67.24453703657879,0.12373355097695425,80.15064314919907,2221.2409920293276
44.84891398144657,41.76990969410935,11.782961120624703,3.4230020280411795,11.343083481965476,3322.2525777033834,0.1640635882653351,0.3915370996016292,0.5231581498176416,0,38.82739776300823,0.27780034393348213,3.07900428733722,1738.0635117781928
94.3946292572677,88.58893644261337,-4.709391713062352,2.0836993847179586,3.804212780738264,1024.3438546248017,0.2851865960100478,0.7133217295012723,0.8986389283011033,0,7.926835830560515,0.49925416275566004,5.805692814654321,920.5152637318529
23.353243473577937,48.00583976327811,-32.915263418795206,3.2105077149305354,8.12208519137567,3124.230948969698,0.7928400452735271,0.6594232468499163,0.1643926843284141,0,26.076017168234642,0.7261316460617218,24.652596289700174,513.6007121630372
76.98896848713164,68.96111122680719,41.214070895109344,2.1496813837736246,14.882821028230882,2712.2943242813662,0.905756790636448,0.624700669406608,0.8041092460611317,1,31.993323302422564,0.7652287300215279,8.027857260324453,2180.980944193776
96.24586857406904,118.48284928653597,2.66937515510579,3.778450753810683,12.877206055503663,1258.5122020708675,0.9750871697076812,0.2825408636624436,0.7919610144667157,0,48.655888927393306,0.6288140166850624,22.23698071246693,996.6926002707846
107.67656367617496,87.12217552425199,-23.229603529839974,2.886141575703843,1.5507667174891946,701.8538387645436,0.2322896540964526,0.378024949434402,0.1271811892168869,0,4.475732297563341,0.3051573017654273,20.55438815192298,89.26260587051185
54.20817487159075,75.10659421749233,0.0543214039236801,1.404230409933833,10.62494275246894,1303.991800653134,0.8812975456140917,0.1029461447002861,0.3985592241441276,0,14.919867716822967,0.4921218451571889,20.89841934590158,519.717960358617
102.12573046720128,77.33715342840424,16.165829946159704,1.141206910056332,5.249135829475114,3236.6247103445767,0.328255089277337,0.719022820433601,0.1701526411445169,0,5.990350080421276,0.523638954855469,24.788577038797044,550.7202428587367
31.063173695520724,85.1336122087184,-38.1384703823792,3.506826251396716,0.2040357020171869,2399.536024687317,0.1128405445168844,0.5038887967912735,0.2547205004575489,0,0.715517756056029,0.30836467065407897,54.07043851319768,611.2110170742708
104.64522917345182,124.20198526044685,-20.27665664568972,5.463271683073569,6.111866438502294,2663.163982693616,0.8700249255201656,0.7087656323456546,0.2632461748305443,0,33.39078684419729,0.7893952789329102,19.556756086995023,701.0677313905724
32.74886623319824,137.05016267282812,27.62689417955943,2.3917672760672706,3.597840883702073,1271.4570533272877,0.6361056346436186,0.2489435247968727,0.5562363940257727,0,8.605198090135568,0.4425245797202456,104.30129643962988,707.2306865014051
59.72872905603673,144.6401623804714,-3.6301616637604894,4.531500589724428,12.301152130755026,2658.164466724461,0.1647308960810617,0.3244382286350662,0.4114109317604655,0,55.742678134806305,0.24458456235806397,84.91143332443467,1093.5979200276713
99.72953657795536,124.4284063506354,4.191942782906544,4.122637452168718,5.126226071801906,584.3645188337713,0.4298312575130025,0.3342153372601146,0.9477328040063052,0,21.133571591894263,0.38202329738655855,24.69886977268004,553.8214239961254
34.99174273487738,67.84882748976153,-6.046559801147765,5.623552028702146,12.430103039911874,1625.9640373190414,0.2872576948770676,0.0257424097472162,0.1263701419470051,0,69.90133116707312,0.1565000523121419,32.857084754884156,205.47330619673278
42.92513952326415,112.57616473038506,-41.04900516212954,5.015395595145275,0.1089092886384501,2380.260045626994,0.736794568710197,0.3410478728306235,0.9736921348501988,0,0.546223166507688,0.5389212207704103,69.65102520712091,2317.6404853251793
92.22525683930662,82.51237488664702,-30.082519816185965,3.6163289239800473,4.686505335389176,938.2896966239608,0.453416230624268,0.8033045735180335,0.2306386402142639,0,16.94794479675469,0.6283604020711507,9.7128819526596,216.4058597564045
92.00365365460743,60.56047464552614,-4.901252513229821,4.113667740287591,3.693361693185653,2969.0107233408044,0.989279945106385,0.8972984957497385,0.7728739363818531,1,15.193262850471775,0.9432892204280617,31.44317900908129,2294.6710049083404
84.11476328852973,130.90458953111073,-26.17330811328649,5.441125566212191,3.580153679922304,1205.093896435756,0.0547449822595951,0.5182183156359275,0.3389699261728214,0,19.480065718793906,0.2864816489477613,46.789826242581,408.49058910614593
89.39484444671,34.611161875479,-40.50188742062891,2.697353315228141,1.1159806345053942,2456.8433384553387,0.3550152661362467,0.4555016952192202,0.1430813954173139,0,3.0101940642135294,0.4052584806777334,54.783682571231,351.5285731879219
74.27244433475963,138.2114390562508,30.92846976466413,2.297370882217776,2.888151629116476,1715.591427725989,0.4819001671099774,0.0308246186993702,0.8578891852462399,0,6.635155456162026,0.2563623929046738,63.938994721491184,1471.787332147282
45.17990589069528,85.3772957549681,43.30732762477042,0.5594609599935798,8.377688591295737,2288.130786432941,0.5031335547483198,0.8792043375853826,0.3088608992364632,0,4.686989701813574,0.6911689461668512,40.19738986427282,706.714132268314
54.56959935039195,106.46417721699363,26.38285865970656,5.046030908053053,4.441279985282392,822.3516578867243,0.3159358223856368,0.0130102134258727,0.6588554042268422,0,22.410836077052362,0.16447301790575475,51.894577866601686,541.8108339735716
38.15977168014257,109.12247066469392,31.84064295342003,4.9053938522185065,6.319182256704305,550.738399764822,0.729240249097568,0.9447500802102118,0.5664436850866266,0,30.998077793085564,0.8369951646538899,70.96269898455135,311.9622886814975
110.84505613336285,137.41412888478436,-23.222058271465915,1.0744998495508329,5.715316517173108,3228.693282140904,0.8747470734889747,0.4892162486880906,0.4717563093908743,0,6.141106737837895,0.6819816610885326,26.569072751421515,1523.1564269379019
78.33917947661205,106.40036186006488,41.45642779618798,3.672715596229851,13.15098338249843,1308.8900263015485,0.938719301977863,0.3419344935747266,0.4958194726485391,0,48.29982177466158,0.6403268977762948,28.06118238345283,648.9731625957662
60.08514167636399,103.6720301712074,-27.276686599191446,3.0518993399178806,13.58895508525668,2959.0310083413774,0.8050933767995262,0.92421843484266,0.7322379140922876,1,41.47212305486859,0.8646559058210931,43.58688849484341,2166.7146932822884
66.20058036441327,37.99824486728279,40.6286829325649,1.152900025300113,7.445058877672315,3498.0509014166005,0.8505801973065994,0.0243909931100967,0.0877729141234405,0,8.583408568429242,0.43748559520834807,28.202335497130477,307.0341213694629
114.72833396118152,92.20896263342448,44.5337364569356,5.89312524883398,5.019323659702505,1134.2937739967335,0.5505453006199955,0.5814248948690871,0.6681806619579052,0,29.579502991062608,0.5659850977445413,22.519371327757042,757.9131647638678
35.33514031160802,48.020280098045,19.05505251714439,1.6808273810484549,1.6913304896352184,1295.512223550067,0.8258882264268146,0.5489325244993376,0.8958121013985787,0,2.842834597380965,0.687410375463076,12.685139786436977,1160.5355273659306
78.62298320167972,118.49205224657828,43.302935861263975,0.8697879904980863,14.305702902793216,2488.579362903997,0.3035039091479522,0.219320401211382,0.0577881970198641,0,12.442928580483152,0.2614121551796671,39.869069044898566,143.81051452306409
70.5888678884466,91.46663049752094,6.258580161039333,3.771660587260503,0.997381479014432,3396.345903801864,0.3984787621092144,0.4288874313502105,0.1406533392336667,0,3.761784414862322,0.4136830967297125,20.87776260907434,477.707392562318
81.14542354346477,111.6273335050024,-21.64123951415187,4.563766724231679,4.534989135767378,3247.443044572232,0.3169130138185443,0.6522640059437702,0.7166319367020314,1,20.69663251256734,0.48458850988115726,30.481909961537625,2327.2213983613397
21.81101838208405,35.000748072286115,-5.67037029009412,0.6784389532595283,4.541186397433061,2008.6265601967548,0.4673873354479254,0.7271311968819275,0.4372816482446175,0,3.0809177460308943,0.5972592661649264,13.189729690202064,878.3355329507534
107.21239089441517,40.17504192549639,8.42048418409074,4.122947012998622,4.873979163489202,2885.330847580174,0.2855796162386363,0.0007168587065797,0.4035486208136883,0,20.095157833525327,0.14314823747260802,67.03734896891878,1164.3712841321696
113.21182824836124,115.95880656752188,-38.42265941756865,3.4276053177329997,2.5478739647588986,907.2375592997032,0.9616114422544468,0.9368534300910152,0.1369666345442358,0,8.733106350521062,0.949232436172731,2.7469783191606325,124.2612752294069
76.51331835892088,38.6501203198408,11.010893815552151,1.0679575488127662,11.769105320763089,3432.314552612037,0.3128446280056681,0.1645253723928124,0.5067700407177881,0,12.568904870081433,0.23868500019924024,37.86319803908008,1739.3941855834587
89.66508238768922,38.55080733183103,43.3060053086065,1.4488813232049913,1.92521814329324,3393.0597021079598,0.0980445381109398,0.2335804342223592,0.1265453111963772,0,2.789412610912966,0.1658124861666495,51.114275055858194,429.3757959111387
112.24993811772956,31.45301702818649,-27.890311519464515,3.623858635238443,9.560109221382126,991.1868736375128,0.5268171660504134,0.2634734456938482,0.4766204563105404,0,34.64448435572828,0.3951453058721308,80.79692108954306,472.4199400021293
90.72386343133986,144.7801677959376,26.33356046595449,2.129966874323086,1.9453057979166803,1398.26937440932,0.0570990784451763,0.0378201365520353,0.7636152989616567,0,4.143436909991168,0.047459607498605796,54.05630436459772,1067.7398863685016
35.25390429142614,118.50100313508084,36.71089144016574,5.660736507582239,1.150981000135053,800.4649925203007,0.1105431663085805,0.1230521235903249,0.2582643578871635,0,6.515400166998012,0.1167976449494527,83.2470988436547,206.7315773044086
77.62883601668132,72.3901690202477,39.93314335381987,5.00307126216228,13.65049960491956,1315.1527966945391,0.2193893891962463,0.986349922944162,0.4807861681797273,0,68.29442228753061,0.6028696560702042,5.238666996433622,632.3072736936194
80.6715046382856,65.58426975451863,41.41220439649025,5.9096196358251465,2.932918618148715,2947.86736824562,0.4643502498821417,0.315216737377286,0.9920159693968356,0,17.3324334560888,0.3897834936297139,15.087234883766968,2924.331504963477
62.4130671302386,71.96438756950195,1.931367484932473,1.928189614227277,12.336627302939592,1634.9468214957783,0.4332509323090279,0.1153010903390493,0.6866504233540373,0,23.787356640120784,0.2742760113240386,9.55132043926335,1122.6369271414137
93.64442356247228,122.95842374174184,42.95771171923533,5.833479980388874,8.214999979496323,765.1909014402752,0.7996918620027912,0.1069912611746233,0.8413567713051986,0,47.92203791928681,0.45334156158870725,29.314000179269556,643.7985462679044
113.43670147690148,109.36447332844972,23.157918642099503,2.8717862838535684,1.2600621421706673,1526.6765743367137,0.7394746538841134,0.7194599676699719,0.4148476065605457,0,3.6186291766888674,0.7294673107770426,4.072228148451757,633.3381228556387
112.55685129067764,52.22346814409615,-30.44957073867343,2.4113533742256505,14.336178052427206,3444.1500027238403,0.4263182939907013,0.8545686640326409,0.7678609231258553,1,34.569591320220056,0.6404434790116711,60.33338314658149,2644.6282004754453
65.08393714041321,50.89312024009012,-2.0789904178827,0.7769223983314428,3.779721388179199,2389.050785777609,0.3337042075756299,0.2569522995084699,0.0405091729413218,0,2.9365502059288335,0.2953282535420499,14.190816900323092,96.7784714466659
31.323804584075525,41.80747796560768,19.64980578348036,0.7902089182278145,12.908715645753835,1748.4828392184731,0.3164687840614986,0.0209095123352349,0.1229111825422449,0,10.200582226141602,0.16868914819836675,10.483673381532157,214.9080934231644
118.48411989623344,109.23632636416058,-22.7393715762825,4.306061907706601,2.6152690861900063,999.61554049181,0.773995087294009,0.2230900184453558,0.2030705929200621,0,11.261510590445438,0.4985425528696824,9.247793532072862,202.9925204997802
103.88980864459342,121.72471946660832,12.655366519399864,3.0186094693871537,12.823748943913609,3458.5303918510845,0.0520724062212697,0.0565156907967573,0.4019519246152195,0,38.70988999514113,0.054294048509013496,17.834910822014905,1390.1629473447726
32.46626812032669,61.805571399000485,14.994043114195732,1.7458689431985814,0.2971093122888804,2962.5470277893864,0.0128216495106058,0.1033949366300415,0.8457448783257632,0,0.5187139210602449,0.05810829307032365,29.339303278673796,2505.558975552086
112.08418826173724,32.51339532370954,-30.35702305722907,3.8768366847887794,7.725528802885262,1344.431907352758,0.795544391926648,0.4315081198476423,0.3462660507879305,0,29.950613472417928,0.6135262558871452,79.5707929380277,465.5311271123243
106.98963620621282,39.860600097171286,5.857678120748062,1.8907196503756116,11.564694433381195,710.2060871635683,0.4771463759890493,0.2299183708616325,0.6546211935154629,0,21.865595015783274,0.3535323734253409,67.12903610904154,464.91595642096195
71.88380571260721,146.14320418140366,24.44642198807469,3.676974648894325,14.028453210642471,669.8766721326741,0.1308811385535759,0.5159458785254234,0.7093142948034834,0,51.58226681873256,0.32341350853949963,74.25939846879645,475.153099299092
79.12754357449293,65.45337329729043,-0.0993901917652237,2.4756481084047968,13.647111829476655,861.1344485166014,0.2355659345945012,0.2534937532571903,0.5861823540883414,0,33.78544658583261,0.24452984392584576,13.674170277202506,504.78181821802707
59.90027038701302,122.30677774057604,-43.910719490150335,5.029537246365004,12.312410556259907,2242.305750843265,0.9325039530973824,0.9405373011029476,0.3572419681701362,0,61.92572748524687,0.936520627100165,62.406507353563015,801.045719670463
25.47616388220313,104.95962826251166,-44.1865377828637,5.013828884217286,13.33405110995343,3286.290263616477,0.859502975624898,0.9059439679262644,0.5770533417135443,0,66.85465059871407,0.8827234717755812,79.48346438030853,1896.3647784605726
53.519724164590095,75.8327567583475,-12.8673590426989,3.125427189673207,3.06837331897244,1990.2302840179532,0.7097850502239725,0.566806105010466,0.3422655927897462,0,9.589977399184283,0.6382955776172192,22.313032593757406,681.1873479475097
100.28534485980114,54.68247146346661,38.357466158860376,2.4295051013425857,4.334346006104759,3028.8364473685915,0.4822252303373265,0.3544239919873861,0.083873738552012,0,10.530315732815374,0.4183246111623563,45.60287339633453,254.0398363033981
20.463202300460285,44.56637017912877,-24.41908983567521,2.49407888107502,4.405631021323772,1837.6598595794237,0.5203236261913857,0.3811468820347355,0.9928039781860144,0,10.98799128809259,0.4507352541130606,24.103167878668483,1824.4360191432045
53.34991716911442,103.801556164664,12.092731998451846,4.931429891175198,5.718103571925312,2625.750637303476,0.9752445352839586,0.4118522831444969,0.1271824536325109,0,28.19842687542815,0.6935484092142278,50.45163899554959,333.94940867938533
59.81686935909433,122.95605367653457,-25.013171637601147,2.3049871553868657,5.960477988739312,2695.6182118595025,0.9657704438842872,0.727579322134944,0.0723483838360573,0,13.738825204010253,0.8466748830096156,63.13918431744023,195.0236210670777
73.7395602937923,107.26851042493568,-16.049700930640622,1.6498265553876532,8.213874337354664,1021.891117710016,0.2152690457858342,0.4516389955188379,0.8785307492071559,0,13.551468004384887,0.33345402065233604,33.52895013114339,897.7627692499183
111.98556164127604,93.636255989899,31.323788064133552,0.9657858803141876,2.4822084741599766,1583.648176927435,0.8111045663053181,0.8567299465058974,0.3018346608928951,0,2.3972818963399294,0.8339172564056078,18.349305651377037,477.99991045654394
54.634599436596126,35.034146811796354,20.59752980429522,3.0668121648642463,10.39957529041124,2411.906469614072,0.1972426661670168,0.9440947859303646,0.6502969740735076,0,31.89354401005482,0.5706687260486907,19.60045262479977,1568.4554789383476
54.69532018962277,146.21865331132605,-36.41406504181104,3.15172654405913,2.596741435637147,712.0898245530985,0.2135374778839514,0.3359461533789338,0.3290057296622328,0,8.18421891075581,0.2747418156314426,91.52333312170327,234.28163231214353
93.75012481097484,125.84570299854894,-6.416818111220977,5.124997907215989,4.723596383357758,1584.6205632888698,0.6760930341645768,0.5606944813756801,0.3914542707944711,0,24.208421579241524,0.6183937577701284,32.095578187574105,620.3064870881685
65.22179408898072,65.13864440411577,-42.3747212719262,1.716812830453352,7.599842446031695,2104.398398843577,0.4050010985875484,0.0950565368325644,0.2621129720167965,0,13.047507020771201,0.2500288177100564,0.08314968486494934,551.5901186282779
42.4604822939982,147.5964395230621,-1.719886805729189,2.5954520051762,11.966964366699813,3488.673479133916,0.9315444071065202,0.200469047766359,0.3430440057930102,0,31.05968166142316,0.5660067274364395,105.13595722906389,1196.7685251859361
65.24395161326933,102.22579075635863,14.619061053096123,4.9462315639153,11.118091575257036,1923.6006878673224,0.0890097348960088,0.4134657667101601,0.4107004005865431,0,54.992655480037136,0.25123775080308447,36.9818391430893,790.0235730756592
34.085702037979985,99.89071898486958,-34.33476387616636,5.029929859119354,9.718461910516782,2948.170271342971,0.511525640809493,0.2062027159017788,0.7204160690923429,0,48.88318174842249,0.3588641783556359,65.8050169468896,2123.909237895809
37.63869865062233,119.76878153154384,-19.00035549817509,2.6153609178832253,2.421021582644536,1796.2018551998533,0.9185215304431212,0.8765604907887176,0.5115361942347918,0,6.331845228600312,0.8975410106159194,82.1300828809215,918.8222610864055
69.83677727394797,127.41237457081652,-9.194703704805876,3.025182128076745,8.250975649672109,2889.1721678591266,0.9041136604795053,0.158286256059098,0.9435652171569768,0,24.96070407458447,0.5311999582693017,57.57559729686855,2726.12236396989
61.89254495045479,108.77743287978032,37.75779221904448,2.168072399671056,1.4029528768182933,2286.244404860325,0.1565292134157412,0.4556608215530919,0.0418803938387755,0,3.0417034102688483,0.30609501748441653,46.88488792932553,95.74881608724733
111.48459010681,45.371489563944,44.39295138806676,5.629051831306216,5.722711334270096,3159.786324507195,0.3666377000964564,0.6056992404598757,0.5030683226320282,0,32.21343871620993,0.486168470278166,66.113100542866,1589.588406145456
56.23938991166331,70.59210071933981,-40.95798309039457,1.1525407115786916,6.261396301320391,1732.8276570503297,0.6191214000466962,0.6918639081608444,0.5842247888317181,0,7.216514148599992,0.6554926541037703,14.352710807676502,1012.3608720219897
78.05883502780435,141.370036839126,23.49071311458529,5.6356218265080855,0.693190447741732,2312.9132594644366,0.1593948847714021,0.3830693697265067,0.920196986074274,0,3.9065592172202175,0.2712321272489544,63.31120181132164,2128.3358104104
83.22642879195304,56.95387342126223,-11.544834023789107,4.261265485094388,4.18242268210258,2390.056041856482,0.9680221720457388,0.8690990687247285,0.0491585236214275,0,17.82241341931962,0.9185606203852337,26.27255537069081,117.49162639013738
21.309445658833365,74.66004286050159,-9.6787632393468,3.423646839777021,14.339177062270693,1752.14882540142,0.9147493287276603,0.5683191510779255,0.573499584935216,0,49.09227823424621,0.7415342399027929,53.35059720166822,1004.8566241124407
86.35373720167107,81.84922595330352,22.88384760123205,0.6796248343147273,14.309125856662371,932.9361310624444,0.1669501790344691,0.4395077804475518,0.853629928527957,0,9.724837289522744,0.30322897974101043,4.50451124836755,796.3822028799832
37.80359668697514,82.72859876333426,37.65837889308678,3.115779055021046,5.349673108362835,780.6782207370067,0.1211554612609854,0.0672406340520366,0.2419277281192365,0,16.668399422246257,0.094198047656511,44.92500207635912,188.86770833507182
116.10703174694552,103.55274989934306,40.58357350522935,2.7426145775150275,0.7421916233300284,550.0146517988993,0.0854084828082653,0.464689468445165,0.8762923485239374,0,2.0355455654544783,0.27504897562671515,12.554281847602468,481.97363094743315
34.866272775311295,143.16910052936493,6.941032743448872,1.386703465863174,2.768514595989905,3120.602792735644,0.9094436640366312,0.8207358408157303,0.0190434092742918,0,3.8391087855519865,0.8650897524261807,108.30282775405362,59.42691616456285
61.46241237270237,58.883125419900594,-12.859095662954743,4.110252819253613,5.944045122159748,1209.4247367160838,0.1936238097954608,0.6145410182213155,0.7324546291337297,0,24.431528221127795,0.4040824140083881,2.5792869528017732,885.8487469965379
28.534966807864382,44.58016515611017,25.87941772729013,5.841329990525572,14.221917499741524,1134.5202478453043,0.4162849285443547,0.8321624537291183,0.933113221168653,0,83.07491321402063,0.6242236911367365,16.045198348245787,1058.6358429479906
119.68742518459472,53.69645878319248,-22.40987550639297,3.592038460854888,2.2038660467040554,2708.1062012781967,0.448851365652003,0.4940116705993056,0.6571976616400622,0,7.916371602333182,0.4714315181256543,65.99096640140223,1779.7610629529825
70.21950103312426,136.43098802511236,5.766662595016598,4.431143020441702,11.476386070656362,1460.0483392621752,0.5990110442135675,0.1184617050944818,0.4390292439804479,0,50.85350803688331,0.3587363746540247,66.2114869919881,641.0039185611813
79.53850173200438,107.49729751862472,-12.727938462761417,0.8764774891130923,1.719369836682912,2018.1340772355095,0.0717353437474249,0.013639845835881,0.044881016472718,0,1.5069889573126263,0.042687594791652954,27.958795786620342,90.57590876456044
26.70764773884275,64.30881470869922,14.096796633708848,2.797168476993471,14.720737903130026,987.5331958923688,0.2267586174005159,0.3032195467185912,0.9201138133226288,0,41.176384020718274,0.2649890820595535,37.601166969856465,908.64293465521
94.99604703991778,127.91363267623407,-23.364097839584375,1.1399716684047272,5.786085836726111,3379.237164385908,0.931490386918926,0.6979904714977925,0.4702962226915748,0,6.5959739248256275,0.8147404292083593,32.91758563631629,1589.2424739896805
40.99055930955858,133.36439956361232,-27.75663488386568,3.870377095450807,11.650994629595935,3054.744200051712,0.9084101072685696,0.7902599039416938,0.028996744335948,0,45.09374275360847,0.8493350056051316,92.37384025405375,88.57763658061948
109.80542894407138,131.58172064283335,37.64151780078933,5.661651870177851,5.204607133885864,3091.3688688950097,0.7812906474056922,0.2957528346203294,0.6898210713287619,0,29.466673713105887,0.5385217410130108,21.776291698761966,2132.4913850135385
40.51396404820072,140.27118403674655,-35.83766853454168,4.139777528594012,9.45226626966625,1720.3212457160157,0.0194012456182154,0.4956539208832471,0.4818372535762582,0,39.13027949745149,0.2575275832507313,99.75721998854583,828.9148643046922
39.068772066366655,60.26892242080339,0.5362116961438517,0.9224167657293184,2.9610396626265474,2787.083641121518,0.3270067684961021,0.4211189044340816,0.1243453174424107,0,2.731312628796212,0.37406283646509186,21.200150354436737,346.560800093805
23.65496678480949,120.6050314495534,-25.1232495333292,2.4506641274179555,2.275713187524742,931.6284661693404,0.6279587353429078,0.4105227843514278,0.2142718093102595,0,5.577008672958856,0.5192407598471678,96.9500646647439,199.62171705104646
67.20669451099992,85.26473967289681,-41.49630330068993,3.5286485869246835,14.077155679565156,525.8570077753409,0.2751902117734757,0.2313487132001505,0.0644906804558462,0,49.67333549661637,0.2532694624868131,18.058045161896885,33.912876253906944
76.48411332626165,131.0398263468074,-41.75830635377162,2.717642658732887,13.772944440776058,559.9187977340844,0.9095866950537772,0.1363711050294583,0.5742935397085736,0,37.42994134861098,0.5229789000416177,54.55571302054574,321.5577483000761
26.57086394283524,117.4188812593936,-29.23004051047554,5.085042057613448,13.323287209171948,2259.805212213681,0.6338894618324419,0.1966885582312131,0.6220294792520092,0,67.74947580430265,0.4152890100318275,90.84801731655836,1405.6654593642522
97.55276166950104,123.17369357996697,33.00933190554002,4.980690525904941,9.418958407482242,1866.1847157438224,0.0719067173164456,0.0553323871633461,0.5057422983554444,0,46.91291690403949,0.06361955223989585,25.620931910465927,943.8085472960823
65.32888347480275,108.73942052172858,-19.5769130420676,3.865070610567718,12.143196347122544,2054.04604672556,0.909005588835703,0.198130741823577,0.8171021330026149,0,46.93431131961661,0.55356816532964,43.410537046925825,1678.3654060650438
72.439026932758,51.29145233636483,40.54132535177662,2.554018698229879,1.1286503599794864,522.3894212516582,0.9577666581762224,0.0092008976253794,0.8610088213080136,0,2.882594123151492,0.4834837779008009,21.14757459639317,449.7818998556656
64.07627469382282,95.4032302676326,7.346006369027421,1.9043500556978428,5.088356724171119,1768.0598589722772,0.0777124183917254,0.6272584006359783,0.6156243966831266,0,9.690012411085762,0.3524854095138518,31.32695557380977,1088.4607839794621
60.0763060875326,148.160368742941,-5.704722920811051,1.0823087501722113,4.774176558881628,2654.2044836025825,0.5323602348613149,0.3163754073876829,0.0127564797074305,0,5.167133064544643,0.4243678211244989,88.08406265540839,33.8583056344474
75.96403313082179,142.48656797965427,7.207995120250914,2.4519372591760478,9.571115297093938,1828.081105902308,0.3033642822141704,0.9731447114269086,0.6952296557477357,0,23.467774208814454,0.6382544968205395,66.52253484883248,1270.9361979354014
35.524024593071246,35.1808482956414,1.5028546703641013,2.7724488446424576,5.403770824712543,2696.657618936667,0.3928390764814023,0.1937170507762978,0.4179992169203516,0,14.981678179686911,0.29327806362885006,0.34317629742984934,1127.2007730178266
38.19281304952711,49.77777788753245,23.289862838159262,4.217026088072405,2.312751046490844,1199.0568931905043,0.1796512179553419,0.3458285703095939,0.565557483226387,0,9.752931498268644,0.2627398941324679,11.584964838005341,678.1355987580723
106.17856210135172,45.80745281454743,-19.575354062443296,4.1198790336366535,8.9873594236618,2939.4260134451765,0.5780721020124125,0.3578411586415332,0.6490806020188844,0,37.02683365730105,0.4679566303269729,60.371109286804284,1907.9244063969645
114.61154621336328,117.11758919823546,-13.225464755972787,0.8855947680269132,12.234320417969316,2265.293721360357,0.9579793532488906,0.0084514960624605,0.3502366143270767,0,10.834650152518464,0.4832154246556756,2.506042984872181,793.3888034256356
57.330931627975296,128.1342395828334,35.46848722799257,2.673926234871368,5.7936400674536,1132.2892982897188,0.503072600271609,0.8392079530394589,0.9170985051717944,0,15.491766171766102,0.671140276655534,70.8033079548581,1038.4208228835212
47.074467314355374,55.62136395728063,40.18108618353649,1.4997837696954903,2.070803854967377,1210.1614275614988,0.0829145813944811,0.0319944601443247,0.1339748667497812,0,3.105758011902926,0.0574545207694029,8.546896642925255,162.13121600327682
84.39995432390158,90.70232315421948,35.33024047378271,1.3624698792424312,3.030654139961064,2384.091393708611,0.6200013334774084,0.9401798347292414,0.6715118072810374,0,4.129174980098325,0.7800905841033249,6.302368830317903,1600.9455205124368
60.87341710980964,130.884363361344,-7.249680543841777,5.050161823554853,3.6385012470238216,2989.81877963733,0.340222994451257,0.8920743510936207,0.0043595799565804,0,18.37502009267643,0.6161486727724388,70.01094625153435,13.034354025514574
22.53863556603449,117.93618537195007,25.232895270619352,0.7305336919394164,4.568474135618589,1746.8833460874655,0.8559251895912978,0.5355219160859636,0.9246511054051808,0,3.337424276823182,0.6957235528386307,95.39754980591559,1615.257616973676
35.61525973661904,95.0684646590218,-2.1297840029011117,2.8055058174616674,9.677646550544006,1274.901287382777,0.4346781483164702,0.5435955749112921,0.1125041332380915,0,27.150693696889046,0.48913686161388115,59.45320492240276,143.43166430112632
91.59722288473976,100.84172285505277,-0.2214133068508061,1.42512010671585,9.054087719612014,3101.034820731801,0.1928396089422456,0.6537779229561563,0.0948842301475746,0,12.90316245718814,0.42330876594920097,9.244499970313,294.239301625959
85.89239419101514,91.0032656299536,-26.578790184844443,5.336316186231607,10.471589937348885,2507.8048752525046,0.1911056226911449,0.387050011934887,0.3330076330522442,0,55.87971487825487,0.28907781731301596,5.11087143893846,835.1181656647151
22.709599250348347,65.70581415825848,8.20172729326648,3.563722823012693,5.5012795695195456,1844.2564618492293,0.7687641807211604,0.6472222833978555,0.3735662860390806,0,19.60503555767025,0.7079932320595079,42.99621490791013,688.9520369565919
42.19721619329495,97.80263914308192,-28.24776920219869,1.7725935000726645,12.377565013011676,1963.7005858379052,0.2655875983073599,0.0447683886884868,0.2143000723228786,0,21.94039128879132,0.15517799349792336,55.60542294978697,420.82117756554214
43.10747965880714,112.66623624601088,-15.15917708395256,3.26335007941507,3.140906151220828,1112.769403809189,0.767233394159223,0.0540476273497265,0.5851216609271247,0,10.249876338021771,0.4106405107544747,69.55875658720375,651.105481785719
87.18927435987284,134.79874990329694,31.952718145794165,4.523174978367137,7.088707138020494,2380.407890194532,0.2058873107665993,0.4572304196195443,0.4429140980419636,0,32.06346275566681,0.3315588651930718,47.6094755434241,1054.3162136574845
21.971053775436417,106.35496247750976,-26.36317717102303,5.769649049056886,12.03398695096731,1576.227531628666,0.3216863687013094,0.5496223011060349,0.0341755890410874,0,69.43188136801152,0.43565433490367217,84.38390870207334,53.86850435618887
30.410858198457383,121.33458444517896,-38.595754334391046,1.712453023349804,2.784363851216027,3486.935530023048,0.4654869724396994,0.887817640335819,0.3196520622553006,0,4.768092295120789,0.6766523063877592,90.92372624672157,1114.606133123147
99.99160853731894,49.20859619454876,-38.78931666484653,5.373999746711398,1.736960394737666,1940.550545785664,0.9431958496934508,0.1046606339078962,0.8104329135731705,0,9.334424721367947,0.5239282418006735,50.78301234277018,1572.6860327570819
37.85446620543336,85.38689693037479,39.67060684527971,5.6386726279211965,13.266891118551047,1957.6568185688395,0.9317314247538246,0.8226479271938894,0.6897015348618686,0,74.80765580778461,0.877189675973857,47.53243072494143,1350.1989124997313
85.27461078518748,31.1197943792512,0.6228394165651139,5.5403129949263645,5.209651975112019,2197.555362232016,0.2068718754222878,0.2100473372920696,0.7248708535798805,0,28.86310253675692,0.2084596063571787,54.15481640593627,1592.9438312101647
43.81827810467265,59.60146374259476,-8.152913536468347,3.994778962740504,10.289664861144576,3250.2680093562403,0.3582190412430728,0.3940836485100318,0.6981169240835235,0,41.10493672095054,0.37615134487655233,15.78318563792211,2269.067105138856
29.94413927593452,117.1754058135606,27.979072290712665,3.964013599390893,0.4776942035326833,2902.454299579251,0.1493993884537723,0.3166024348274129,0.3109730213830333,0,1.8935863191537579,0.2330009116405926,87.23126653762608,902.5849829663352
44.317219099945405,149.0171941619236,30.22433351194644,2.717658482511025,10.3816986373008,1853.390209393524,0.5099850793134971,0.400155272865399,0.0996639220767758,0,28.213911364533672,0.45507017608944805,104.69997506197821,184.71613740685535
92.22669318556592,41.90137195046591,-15.102807019595584,4.638188352670833,4.80990954204986,2656.097797918388,0.4605825506946666,0.1504954980725855,0.272467184033096,0,22.309266415335966,0.305539024383626,50.32532123510001,723.6994875153305
105.56964681062856,78.17931790335459,17.425625172641574,3.4221171009301257,0.930538718452882,2258.706496342285,0.9007601624507324,0.503570074403555,0.8317853001851593,0,3.184412461495211,0.7021651184271437,27.390328907273968,1878.758861090237
103.02198645669915,126.00851624389914,24.40105342666979,4.22590939175562,9.186210147066944,1977.1011461037467,0.9300053777910726,0.8016425898313673,0.9804707977830712,0,38.82009173513097,0.8658239838112199,22.986529787199984,1938.489938018165
59.71835296184548,54.48427615546786,13.91856181793591,2.856518471168375,3.6879768594902815,1076.9473183530515,0.3835673910072921,0.4415340103788969,0.4938470147415613,0,10.534774020375524,0.4125507006930945,5.234076806377622,531.8472182025844
86.80851365706462,96.61019391627435,-31.356443267991057,4.523230552237265,5.863427906573012,1891.8087903646729,0.4917379430189894,0.4906135758981991,0.0097003549230422,0,26.521636247851635,0.49117575945859426,9.801680259209732,18.351216713068464
40.4984295415821,117.96855552356098,33.829477516535135,5.03459334682502,1.3006541030690526,1237.455761067724,0.8962362491461331,0.8487675852813142,0.140044812134229,0,6.548264493832116,0.8725019172137236,77.47012598197888,173.2992595831488
49.31477302610133,103.91825403122148,3.518509746240781,1.3053994113154888,2.2927324413146857,3244.526449554964,0.8067078077450615,0.7060581146380308,0.3220805753162657,0,2.992931579196114,0.7563829611915461,54.60348100512015,1044.9989455015038
109.63358185211196,52.56296815384994,-19.57748162669967,5.081113435658254,4.539860808888072,1506.2204404890408,0.0036563113446492,0.4904544085197847,0.5785853485929497,0,23.067547752059532,0.24705535993221697,57.07061369826202,871.477078618178
21.300192351073605,72.64614824228873,-6.729463310607549,3.4716309248466897,1.4374165583463414,3356.792043600117,0.3200595641835825,0.2576956481891796,0.0750936458053139,0,4.990179775841855,0.28887760618638103,51.34595589121513,252.073752764203
28.550853085446807,124.05501413824769,-41.61860186409834,5.1456624999962335,13.671311343826098,2099.1658702841337,0.4217742419361259,0.8849267468449666,0.9433572987098816,0,70.34795410769907,0.6533504943905463,95.50416105280088,1980.263444935218
40.78862551460273,96.507181695842,-33.49198788998242,2.87215938487558,0.1901009434412784,2394.633136028481,0.2297162836832317,0.5770204016905583,0.3650836732844007,0,0.5460002087785696,0.40336834268689503,55.718556181239265,874.241461469822
22.65322038738197,30.627553625149528,23.89920754642748,2.5847226696066925,7.309517261078239,2128.821333467983,0.1995716158959387,0.2211476101106934,0.912584217924823,0,18.893074968590344,0.21035961300331604,7.974333237767556,1942.7287517045581
38.14354350897973,121.31889120337128,-44.99895287201705,5.532834028844723,1.9363871261750167,888.1418509001027,0.0377845065956796,0.2691197526380103,0.7805218027570218,0,10.713708584717974,0.15345212961684496,83.17534769439155,693.2140785685061
78.30415609696922,34.23736259282869,-7.509075436593704,1.8814309715162072,4.684418433221433,1627.4636570238229,0.6433697250697605,0.8031330889362459,0.7554372725155811,0,8.81340992380423,0.7232514070030032,44.066793504140534,1229.44670618031
62.1424550592498,119.48805392774786,2.025916297702963,5.143167789073787,13.898287441292156,797.4383368328718,0.2625102904831656,0.0441455620874554,0.606719579782232,0,71.48122429134256,0.1533279262853105,57.34559886849806,483.8214526254819
109.26717110769748,54.29766721982849,-40.082902199912496,3.1621131488017227,2.5092488437824043,2368.8621325501454,0.052347178431313,0.99209218702882,0.6267838170518446,0,7.934528762539861,0.5222196827300665,54.96950388786899,1484.7644495093527
101.7443561738441,144.96881761432564,42.57703466750996,3.3275249340319286,14.490901563803156,1840.6225856013168,0.2309793105280636,0.1303516797147917,0.6380032352162481,0,48.21883627015727,0.18066549512142765,43.22446144048155,1174.3231644257357
54.1817351697876,74.15289015625014,-24.648720187529527,2.196575548192162,3.166336217142384,2833.9549147128105,0.8019139528361265,0.7960685253969374,0.6287213870255821,1,6.955096711930229,0.7989912391165319,19.971154986462537,1781.7680647462034
45.94234334312925,69.23179396056949,-17.62211523273472,3.651732103404586,11.14933501615576,1161.4114429981096,0.8514891816465466,0.3947753167716828,0.5537282313983612,0,40.71438461010888,0.6231322492091147,23.289450617440238,643.1063042571618
57.96924081672669,47.86656603989336,-17.645173897047542,2.2886615795191623,8.245491246969944,993.6981752880048,0.4830662451933026,0.4922161832874668,0.9864140184828888,0,18.87113902120166,0.4876412142403847,10.102674776833332,980.1978102449548
79.02949425148077,66.67250585882579,-24.26250040943851,0.7159817783290877,13.278733041191712,1718.9966928913034,0.4160706704086861,0.8806505774645779,0.7322905674256961,0,9.507330896789657,0.648360623936632,12.356988392654983,1258.8050636402677
46.80636408228763,135.19809141938407,-44.86735601223197,1.9959923293939583,8.354499506996651,3279.7561496551434,0.9778536935017818,0.4129111895892132,0.7769463883925212,0,16.67551693189092,0.6953824415454974,88.39172733709644,2548.1946952827248
82.41489078491341,149.56012051526966,20.641031467919674,0.5350847387362487,8.064932365429,2631.265445037235,0.2005646595880699,0.5374937536732345,0.8724628150836742,1,4.3154222276810925,0.3690292066306522,67.14522973035625,2295.681257409583
60.941165219124045,74.19714366082181,42.01609498193568,5.880951328812712,3.0123242054891586,1756.770874378756,0.2153592828546084,0.0492996624091699,0.2156397627258491,0,17.715332039086164,0.13232947263188916,13.255978441697764,378.8296545147174
75.20471808519802,83.83327571454511,-24.813586504345945,5.811609654008612,2.576817494569715,2051.8165092629315,0.2918671770363997,0.0023474738674531,0.0838041590950607,0,14.975457428059642,0.1471073254519264,8.628557629347085,171.9507571761428
63.61265291353167,116.64851258432844,14.674247262308016,2.673354136097678,13.755688351621162,752.639033531295,0.1727573182810873,0.2447998730017259,0.4828944365985986,0,36.77382634967708,0.2087785956414066,53.035859670796775,363.44520205920844
49.44657595419177,136.34349365580894,21.77066942628436,4.506039698868053,4.984789162865507,3453.727689128339,0.3793655982041866,0.6805830929187673,0.5140806956192732,0,22.46165785835922,0.5299743455614769,86.89691770161717,1775.4947329066413
114.84533069621568,101.1653201024141,31.358284118147225,2.4019335412573373,5.644025598947149,2499.2219140847565,0.9108342269897538,0.1212648933591367,0.8291817799499177,0,13.556574393826189,0.5160495601744453,13.680010593801583,2072.3092752106386
96.36057941597608,76.98308378133953,-6.963372268775181,4.1910123639728685,11.421372510582987,1356.2122053902674,0.6153478406285743,0.1137619588045494,0.4437835792823357,0,47.86711340539314,0.36455489971656185,19.377495634636546,601.8647067744831
34.011317576645254,79.51462090183485,-17.736218492361367,4.929865236752885,5.14846988809983,2257.425182645733,0.4119465486122636,0.4109606080359033,0.5708530255443127,0,25.381262723812366,0.41145357832408347,45.50330332518959,1288.6579954532394
106.84679758979128,113.47417757961682,-15.723437937927198,5.707159345807324,14.285730454921142,828.447098206982,0.9344107945712148,0.6478370386082265,0.5270709385134583,0,81.53094007748751,0.7911239165897206,6.627379989825542,436.65038956070515
68.74311982495136,30.38619163251344,19.13591997886616,2.701167517173196,11.095123758082124,3397.510006422751,0.0484642324758223,0.7120719922479305,0.038202783757391,0,29.969787894348034,0.3802681123618764,38.35692819243792,129.79434008894046
109.45522268940914,104.35072049518088,28.51015198550725,4.808138906258263,9.001695714343958,1024.354963650098,0.2102761779018613,0.1784506740983747,0.615214896596914,0,43.28140338643545,0.194363426000118,5.10450219422826,630.1984330405306
99.98552559473151,72.65916125296289,-28.65474290190576,1.9626064784766533,13.225337892116812,2444.0909541656424,0.565888605101759,0.0795881473720424,0.8280432857742522,0,25.95613382711122,0.3227383762369007,27.326364341768624,2023.8131044184458
62.52135044692334,125.30367975325012,-11.61530926580113,5.946827670865066,0.839128034407293,1236.3633876167914,0.6155526231931792,0.9403970339455442,0.1575005480758038,0,4.990149814411903,0.7779748285693617,62.78232930632678,194.7279111705021
22.24693083201174,41.15887677877586,36.17461770742351,0.6417327932039313,3.9302341136192105,2652.684147945607,0.0395575065626131,0.2606663825621017,0.5943317339265958,0,2.522160115678233,0.15011194456235738,18.911945946764124,1576.5743692081069
46.86773593849461,100.58427203380684,27.602416772526524,3.819408435756165,7.029041379891559,2830.4641017208432,0.4030387579071322,0.8533464976087238,0.5936105444464144,0,26.846779941636978,0.628192627757928,53.71653609531223,1680.193336458541
74.16342146608669,87.71674678633485,43.63725624862282,4.127282899082299,3.4819802381256637,2520.259186734298,0.6491539648308727,0.8634914504628183,0.1641849640563587,0,14.371117491758564,0.7563227076468455,13.553325320248163,413.78866398667856
83.34782198261473,107.07906310862728,22.882343371387265,4.284250563907708,11.184187290802065,2343.4983807655776,0.6980705464034016,0.7725225917625445,0.123463573730736,0,47.91586070746817,0.735296569082973,23.73124112601255,289.3366851215113
45.78876854332023,37.78243133795621,-9.612431907486991,1.1621316833399895,13.796199662700506,3177.407281856035,0.6381399025162693,0.16883360665257,0.9800519429764848,0,16.033000737708733,0.4034867545844196,8.00633720536402,3114.0241802106384
33.93560740728241,99.59805449137576,8.157405059517401,5.661913809102217,6.414174786970758,735.8801329692741,0.3205632243609245,0.8218014592542003,0.3937191696530375,0,36.31650480034501,0.5711823418075624,65.66244708409334,289.7301149168294
103.4930236799299,97.37815055514284,14.49128288225883,1.4965080347754554,5.197775741667234,1492.7442973405855,0.0935201235979095,0.7692505592415867,0.2274217287235292,0,7.778513160365968,0.4313853414197481,6.114873124787067,339.48248864338586
118.4402180703552,97.27921132994052,-37.93897653145884,3.9251437178191257,14.427105908849738,1244.8624388925375,0.4271124464193341,0.5967229901062171,0.1713245444543749,0,56.62846412443274,0.5119177182627757,21.161006740414678,213.27549025162608
72.56901823026858,102.41851999157458,4.00472631934786,1.724718435176967,6.728301249130358,3464.041886196265,0.1287544373680554,0.3372020351689527,0.6676017135832351,0,11.604425201799344,0.23297823626850406,29.849501761306,2312.600299148728
37.16792858483035,111.17615246716346,18.838874562534865,2.18969029361699,7.38682116669432,1668.1693390006203,0.9476236585206672,0.2625086042665441,0.6094452973272788,0,16.174850609395083,0.6050661313936057,74.00822388233311,1016.6579587994833
47.2307326519369,126.59867996169235,-29.941082639904565,3.505521979504684,5.33958309789439,2697.8380977211964,0.4751708660226282,0.1218892120803589,0.6435521229874175,0,18.718025911060494,0.29853003905149356,79.36794730975546,1736.1994352648119
21.839067654746675,62.37848641538572,25.25685456830014,2.794563802105171,13.652272247880862,2554.1754916430136,0.3172591743568675,0.5097570669008714,0.0880060275114522,0,38.15214584041285,0.41350812062886944,40.53941876063905,224.782838586612
111.4298806560499,129.00592922160746,7.539550246270046,1.3812408053707843,8.577436700899575,1136.2437124321332,0.7663040711189001,0.5852608755098465,0.893534583498437,0,11.847505576767453,0.6757824733143734,17.576048565557556,1015.2730523407639
31.775108289014117,89.79068187161444,40.69996071278352,1.4401502133146655,11.456401349006503,1216.993040634654,0.4979485925822638,0.3593389905157872,0.3892663968090483,0,16.49893884659014,0.42864379154902554,58.015573582600325,473.7344958695395
77.65164755142536,39.24699349611974,-41.18199316137975,2.7997963348953983,12.195920103428207,1343.8536906591023,0.31003402401245,0.4753590676808685,0.3133694064303579,0,34.1460924062554,0.39269654584665925,38.40465405530561,421.1226333710887
47.4055220687206,37.02611150927751,-21.12064762000797,4.665056380515254,5.193550724567147,1733.3818347781378,0.8119677423908017,0.3635144573692667,0.4623614472477392,0,24.22820694517159,0.5877410998800342,10.379410559443087,801.4489337609614
75.41780025157934,70.1085982435273,9.139849136984168,5.438805557662837,6.562045536673662,1202.9751969515803,0.867152151001122,0.6410060573207013,0.3900660657476282,0,35.68968973449733,0.7540791041609116,5.30920200805204,469.2398022668811
85.14203883518643,124.18763725337612,-18.30960790146624,0.9627021424266056,12.742229438653345,558.9544482405435,0.673008166288677,0.9012592077965632,0.8635770031391459,0,12.266971579882938,0.7871336870426201,39.0455984181897,482.70020730286336
102.97418037072016,114.92171216890988,19.298174766411805,2.6620714915767056,5.512504739969573,3138.1791704215866,0.0469644224076672,0.1639202620469448,0.929260975197892,0,14.67468171545446,0.105442342227306,11.947531798189715,2916.187436251675
40.64212717606032,124.63379576068876,23.310475426973795,1.0513506004758215,11.929633488432584,3396.829494142652,0.5663228801665321,0.3814088099031234,0.3034532164496062,0,12.542227331520067,0.47386584503482776,83.99166858462843,1030.7788357284765
21.09958286584805,92.07228677299312,-35.7735632340173,0.5912586434792884,14.120785606359112,1524.7111610947038,0.7632949119972816,0.1408686039508613,0.8639358074599548,0,8.34903654247775,0.45208175797407146,70.97270390714507,1317.2525681035581
33.68856300688073,82.82387975465886,1.246901778609093,4.139452754541761,9.385834558713304,1515.5206382764186,0.1365030120835821,0.624943770407832,0.7815231295330671,0,38.85221871773904,0.38072339124570703,49.135316747778134,1184.414432097738
110.00186418481051,47.69430320475408,0.8001500031950286,3.813471930816233,11.150246583033145,521.275438323113,0.2286707513846033,0.7288705094885958,0.9308076723447618,0,42.52115236607651,0.4787706304365995,62.30756098005644,485.20717739603225
107.38900775625152,69.38313043311739,-11.764730680601303,1.396605125981874,12.09594994941291,2540.752064991122,0.8824951050681364,0.931912732597456,0.2457503121858878,0,16.893265702970258,0.9072039188327963,38.00587732313413,624.3906131585073
79.74131021703083,82.08232394086502,38.96323763127049,1.7859705820118523,12.691090768559974,2976.319687245886,0.020121721853074,0.2788719262609649,0.5769591501209791,0,22.665914766290303,0.14949682405701945,2.3410137238341946,1717.2148772417247
80.05168604336534,40.632051561554064,29.47556878858991,0.6303926450448512,5.986294734066259,939.8249010800096,0.752727137825976,0.9502112058654302,0.2745445847404446,0,3.773716171426093,0.851469171845703,39.41963448181127,258.0238371957406
86.50366745462554,56.47343432534535,17.748844371867307,5.09220963131922,0.8638255417223728,978.9990481014522,0.4737732925144229,0.0632626718206748,0.8240944904843742,0,4.39878074333821,0.26851798216754885,30.03023312928019,806.7877217298536
37.53712786234496,101.78703528764866,19.28939721614978,5.860798278267033,6.087956441427418,2870.2497499143133,0.4467721588396068,0.6030138633645882,0.0053241905710642,0,35.68028463008251,0.5248930111020975,64.2499074253037,15.281756655093163
111.44119459249598,118.27957370870278,-3.4455470568192794,1.2450274523707994,10.138967823782938,2348.8722450624336,0.0070965324948871,0.0571327193433299,0.5648191628863961,0,12.623293279313978,0.0321146259191085,6.838379116206809,1326.6880551832537
61.87705248920731,149.80170136715395,37.88950689869184,1.7731136757091397,6.810220748133812,634.581672883151,0.8193982309664928,0.8937741877619448,0.339203431271918,0,12.07529554311419,0.8565862093642188,87.92464887794665,215.25228086423866
58.31385282494975,141.97359976122692,17.513588452795688,5.2762523817081375,11.25955094781994,2367.640971386845,0.3598249006365664,0.5298090570700541,0.3226837070778202,0,59.40823250539908,0.4448169788533103,83.65974693627717,763.9991656764383
71.89177052828376,107.107823944223,20.60829554902348,5.595550888759017,5.419038199083092,1426.7531685312983,0.5407656313005429,0.6693483507627961,0.644906323864917,0,30.322504011098456,0.6050569910316694,35.21605341593924,920.1221409801419
24.696596677505504,80.54976639528864,32.55218134086107,2.807950605437457,9.55768770245004,1606.1754664125378,0.6773006863356594,0.8315739259104525,0.8514844493139939,0,26.83751497067673,0.754437306123056,55.85316971778314,1367.633432519927
36.62833687560794,106.34128376498792,-20.33355695920281,0.7784235974799076,2.877655092324221,2809.1942548906404,0.7026295764379158,0.1503106224839687,0.6091953913933262,0,2.2400346292733957,0.4264700994609423,69.71294688937998,1711.3481936079872
93.80336164263704,124.27819416962784,27.63638134800327,0.7166550853105067,11.26560460600986,2932.805578017832,0.9559800588260724,0.0385915619381338,0.8531729786467225,0,8.073552829994433,0.4972858103821031,30.474832526990795,2502.1904707891963
28.27986679251265,44.20034291080648,-27.42834573391572,3.656724263379557,8.230869935314084,1701.069880519492,0.5313399532366091,0.8788811459128522,0.2645971118810299,0,30.098021801184334,0.7051105495747306,15.920476118293827,450.09817749326623
80.31521094663881,79.18858676355458,-13.919224297960096,2.660923098912485,3.140559389344349,3341.458808019064,0.3997195509744276,0.3149332274589325,0.5195018547649811,0,8.356787022612865,0.35732638921668003,1.1266241830842318,1735.8940483866866
44.534910968132095,130.77627427627408,-14.795059115714157,0.6575883516770998,4.449476485117328,1719.3881538562166,0.953703626491708,0.1289789079271652,0.450536539067076,0,2.9259239076743198,0.5413412672094366,86.24136330814198,774.647188151309
58.929561404197656,76.05995423196528,43.067292155022656,3.7078881577190623,11.254269757869302,2815.5081056903296,0.6421102350255211,0.4684612370870865,0.0116448995030962,0,41.72957355897937,0.5552857360563038,17.130392827767622,32.78630894091664
48.86937367706999,98.62467254726238,32.08835013731341,0.5621639512396236,7.290758411356658,1951.631793692777,0.2981503562765556,0.5983060756960188,0.5568121431407401,0,4.09860155606178,0.4482282159862872,49.75529887019239,1086.692281667682
55.56727164649492,100.53232330346378,18.10528754312337,4.8305457698210015,3.318868461856776,3192.596979566252,0.1264642454035711,0.0309706034225101,0.6615243241461749,0,16.031946009014582,0.0787174244130406,44.96505165696886,2111.980559178684
91.90459051842456,52.13715037603672,20.435108545385106,2.185380524868544,14.512340736517436,3223.283730950536,0.8425545014651813,0.2748956582570877,0.5919144044190701,0,31.714986815841627,0.5587250798611345,39.767440142387834,1907.9080698792648
49.7121715623175,73.46825299827461,5.586551496231394,0.7214190165507766,10.75536279527163,762.2504236132515,0.3621816027941515,0.032799874276896,0.7362798987834215,0,7.759123250411671,0.19749073853552376,23.756081435957107,561.229664745585
76.64046402968972,70.14135464903185,40.23816003976671,3.735937215407344,14.361309004842962,3309.479993930677,0.6604697213644312,0.4203353891954989,0.5713395284530771,0,53.652948773157426,0.5404025552799651,6.49910938065787,1890.8367391572456
67.60504021990997,33.143605023847776,-0.3367122405874596,2.6872642793818007,6.463865175869114,2976.604524561247,0.4708164193658981,0.8951000290662443,0.0667502548507569,0,17.370113993853032,0.6829582242160712,34.46143519606219,198.68911060437935
86.36711653626482,32.90301166696263,-10.753406111709497,5.855902273464323,7.178995076306634,2873.9321429380007,0.1989297797950383,0.9826524114935692,0.1164455240847114,0,42.0394935885332,0.5907910956443038,53.46410486930219,334.6565345683132
113.6829739324758,129.8036452410928,-30.32681967615681,3.493092643770362,13.479532721156785,1102.7340190565674,0.6016866086204651,0.6370475535036275,0.5964745775439524,0,47.085256589734655,0.6193670810620463,16.12067130861699,657.7528081601108
93.25720972102503,62.76849719673749,25.758508703495224,2.013815495703545,7.92323516965623,2915.357626263995,0.0606830689506823,0.1616376937845918,0.2749791919736402,0,15.955933760757024,0.11116038136763706,30.488712524287543,801.662684384263
41.49403785907568,92.16945194865784,21.099953886803235,4.401913755486861,10.63845578739444,3050.3982040551105,0.4133424598711922,0.9058493899993058,0.0796451290347658,0,46.82956486767039,0.659595924935249,50.675414089582155,242.94935856938713
23.118313506128462,65.84706883065277,-10.40804653282786,1.9932060139849124,3.8573758746833966,1367.4510033624529,0.546614939663671,0.5162478232000605,0.4296027434485467,0,7.6885447916192575,0.5314313814318657,42.728755324524315,587.4607025759776
46.22640442998251,142.88150941384086,-42.73259274366936,5.473338102741608,6.756224383669344,3356.780235086971,0.436046974118579,0.1537493121029181,0.5543225980836554,0,36.97910034980936,0.2948981431107486,96.65510498385835,1860.7391411092733
79.50779307002549,61.11561106389285,30.509759494620965,2.5609708377905704,1.9394030005742915,649.5804391974928,0.7486721752509908,0.9217266694516614,0.3287459883496065,0,4.96675452719429,0.8351994223513262,18.392182006132636,213.54696349655123
25.142581348425036,81.55881752867221,-43.972381489133376,3.5242770952691287,3.169102534566729,949.727759741419,0.8279249545453125,0.757469050723103,0.720433702225778,0,11.168795475132866,0.7926970026342077,56.41623618024717,684.2158860571047
69.63662472012363,134.72763005815222,18.332980166614583,0.7781520710332588,0.1140568874877032,2112.7434141545427,0.771243074033178,0.7317052727231516,0.6437706081012446,0,0.08875360321416363,0.7514741733781648,65.09100533802858,1360.1221124921697
79.68428489168892,131.03202801501703,42.323139875345134,2.8436668087372694,0.6850492695650374,2227.377413366929,0.0388129478118021,0.7091807037944047,0.3328183610916719,0,1.9480518702118075,0.3739968258031034,51.347743123328115,741.3121002493887
53.42438908169608,52.33217014155328,-5.610480466661691,5.077999468135472,14.661528965336249,2435.4502499027103,0.1941287704459722,0.2003398210964423,0.7548725289085606,0,74.45123628803029,0.19723429577120727,1.0922189401428,1838.4544891750447
97.0912203745822,126.31719717548523,-23.85239355036425,4.931068429498381,3.7110700575377584,550.9073879463994,0.5366075092637743,0.211006691707526,0.6486950425330354,0,18.29954040038118,0.37380710048565013,29.225976800903027,357.370891455653
30.65982531337718,84.98242640854713,18.43839090390436,1.7337520736943943,9.983329571609628,3381.1003238663907,0.9348220404438012,0.688292998427255,0.6374453787179021,1,17.308618347152763,0.8115575194355281,54.322601095169944,2155.2667764302328
27.513778173580874,87.95626465024262,28.541532781402665,1.7434348905580948,12.602585512114212,633.764278202432,0.8349567750521169,0.2197227501103968,0.553427700787068,0,21.971787293061873,0.5273397625812568,60.44248647666174,350.7427073265477
92.81887562036032,46.017596689913255,4.178728447006257,4.995179217172803,8.304840842624808,929.1858581702072,0.8425345083518017,0.4386716968030488,0.0113896680885527,0,41.48416837900731,0.6406031025774253,46.80127893044706,10.583118517135665
69.54913162061985,39.67218165085496,42.03317477305316,5.6171913109312905,2.3818530512509475,542.043552578171,0.3032081937596749,0.7820018255939414,0.6965071834768891,0,13.379324263402005,0.5426050096768081,29.876949969764887,377.5372281280289
88.84023964277361,117.35271683685184,-40.3498150507835,1.0244850670015195,10.94893491630888,2200.575299882284,0.4294478970787025,0.783952518097841,0.3760417911091565,0,11.217020321329981,0.6067002075882717,28.51247719407823,827.5082772383032
63.48273386037462,89.57533828263597,0.4316038474075299,2.9753225168442388,9.043746010483789,3296.800651762917,0.4707059473159374,0.4532617725258596,0.9426097101586556,0,26.90806114161267,0.4619838599208985,26.092604422261346,3107.59630680911
44.64020332391068,82.42208431382154,19.660855259029503,2.3559985343032595,10.995633781275888,2497.8414982413924,0.1573715833499104,0.7921899382752451,0.8179847710772054,0,25.9056970724214,0.47478076081257775,37.78188098991086,2043.196306126129
101.91023176741996,117.5409874382876,32.63764240342611,5.288786505015916,11.5692246805706,2967.972405441282,0.0310681302444563,0.8386217961980568,0.5876944695313122,0,61.18715936409886,0.43484496322125654,15.630755670867643,1744.260968399387
99.94158789689791,121.86154787893317,-28.866994928298897,0.9593870307401032,14.633614478502702,539.8436103757402,0.9469028994605168,0.6547757512842602,0.2521819818192694,0,14.03929994352609,0.8008393253723884,21.91995998203525,136.13883153702366
89.46964708544267,49.06898012032243,27.000313358731333,1.6611926840692055,8.646092872397979,2126.045895439178,0.2407125856635067,0.2284258523084201,0.2037173932776665,0,14.362826225410426,0.2345692189859634,40.400666965120244,433.11252780755166
47.21451372299627,103.22701793731696,4.743636814669074,4.638575856725719,5.190452579089967,1878.6889325165655,0.2399489037236313,0.2740117803855475,0.3403848376775491,0,24.07630801884646,0.2569803420545894,56.012504214320685,639.4772273412592
79.0230666869087,46.24248987332226,-9.310168620903312,0.7821161693966857,9.762121897813532,1996.903832662379,0.0833790537687595,0.3148411554087353,0.4765679435800185,0,7.635113383901424,0.1991101045887474,32.78057681358644,951.6603530589674
56.09738969400268,120.16501032348548,-33.14564742788158,3.208944593928591,1.1197665677151294,716.6395560055638,0.9285077519437784,0.116804107733952,0.2960655100389471,0,3.593268873931438,0.5226559298388652,64.0676206294828,212.17225566287183
29.158207332663416,108.83461875205674,32.87661830180211,2.93158869073846,13.471220042991636,2553.3060832079223,0.579737114939772,0.2731596203699451,0.5149294953924828,0,39.49207632848355,0.42644836765485855,79.67641141939333,1314.772613008812
111.73135754622427,144.79375453001495,-30.845411263825618,2.339206484438117,1.8787770689391323,2009.6612445759035,0.6670368571253539,0.2095192243125321,0.1653704255131859,0,4.394847502476058,0.438278040718943,33.06239698379068,332.3385351528759
33.68186309189614,38.27496196277054,-17.11909267118107,2.6701477342540807,4.984858284498691,2795.446549583792,0.9115768872630524,0.4553287498086021,0.9777128128255,0,13.310308053931864,0.6834528185358273,4.5930988708744,2733.143909096908
115.02373538208025,36.84656653815052,-18.89590212338068,3.414673228116281,12.2546061713292,1955.8719021851464,0.3456201689007895,0.9084375478722648,0.1079245549649938,0,41.845475614346384,0.6270288583865271,78.17716884392973,211.0866046118678
64.60057729579557,63.862448963184015,33.42726307717689,1.387520471136107,8.999954437127606,948.1449086792962,0.6215073111380841,0.104480316753958,0.931944139654372,0,12.487621020806793,0.36299381394602104,0.7381283326115593,883.6180911867998
