heart_rate_bpm,oxygen_saturation_spo2,skin_temperature_celsius,muscle_activation_emg,training_load,hydration_level,stress_index,sensor_fatigue_index,injury_event,fatigue_adjusted_load,physiological_stress_score,recovery_index,cardiovascular_load
178.33303153936382,93.73640818466698,35.198183368929534,0.6888756893806504,488.44293674198633,0.0731750987680021,0.4996702437290534,0.0044016090037862,0,490.5928715701856,0.7035598757609592,0.036611679331696935,87105.50964318814
125.92366504563223,93.32912096231404,32.827392930382004,0.1720293127893429,57.7278457980663,0.0894783829824173,0.7467467725125942,0.0003301592594764,0,57.74690518088616,0.6345448870705334,0.022660689280651344,7269.301918081609
152.86288669787135,91.7615391250286,35.547457434503684,0.3180968303083651,476.44324388649005,0.6519737139229607,0.5626667806563331,0.4722634607952153,0,701.4499791168226,0.7062717900858907,0.28512976323737527,72830.4896081868
113.86652022629936,96.07266670101488,33.888713742301746,0.7963114118313257,215.9048407321151,0.4869407132392482,0.0833025831117963,0.0292937050053706,0,222.2294934457532,0.31735616098158953,0.44637729400411835,24584.332914179326
140.05466796822915,94.7662416050863,32.31409260085761,0.5758172683109377,54.54068225984668,0.7904152503192102,0.1855802367835554,0.9745325536623746,0,107.69235262102325,0.46491907040836883,0.643729801007638,7638.677144663513
100.977751551851,98.65700992324004,37.69193694623939,0.9351721556083402,360.1207542760287,0.9162708373435314,0.2193281840309191,0.2220651745413919,0,440.09103243031274,0.24232509919427586,0.715306818508485,36364.18405395001
95.65646767103512,90.3210958048206,35.84894221438573,0.4858762675072189,491.2431368141094,0.3883668776715475,0.2578642536448449,0.4726647293648447,0,723.4364411286878,0.48850589874802713,0.2882209426203951,46990.58323527674
133.06102113288435,96.43867927555128,37.26151359122508,0.8828311292325307,484.5315752769166,0.5964100265846463,0.5654033919505043,0.0611376300122236,0,514.1546874554366,0.5078958232719089,0.25919777456039683,64472.266177471545
122.24750601483734,97.6294887851156,36.05633603007952,0.5040598937304138,122.4216550410883,0.5006966277953099,0.5039657798253935,0.5220484161712585,0,186.33168616035263,0.42163723191395774,0.24836266131250176,14965.742010981785
133.23740983524743,97.59486569188309,34.14190215284068,0.9813234508317868,131.56151272976973,0.9816106556424328,0.2031600383642089,0.3799561251474085,0,181.54911532510448,0.365016043212164,0.7821865971833999,17528.915190121454
93.6991784737481,98.86073967095524,35.07612843397287,0.9638509432589892,304.49251157884703,0.8310844073565952,0.067554843455687,0.0446600288772237,0,318.0911559388567,0.16909547426686297,0.774940630319158,28530.6981863462
104.53930729529436,97.29033742829496,36.05448056208306,0.3962230350004723,336.787171892746,0.9117377082773536,0.171432204474718,0.3351242666962247,0,449.6527259059979,0.2795671499264937,0.7554365030446395,35207.4976556089
66.32622468490275,99.27810061647696,37.76151395120863,0.8973313033751229,382.7380611496395,0.2543400875776042,0.9843813126186032,0.3914360202228556,0,532.5555245938664,0.3504571782779278,0.003972458316431689,25385.57063927504
62.05731025674777,93.32656599820892,33.52201675473018,0.8628502367940843,131.4726622124664,0.7725264231625943,0.4685469497914722,0.98992149127494,0,261.6202760517176,0.3618243546443929,0.4105615239564446,8158.839789199626
89.2167125058572,95.03209416751542,37.24986235174471,0.2896123575948065,481.55318904399553,0.2654732249976489,0.8673455047021125,0.2078858719193754,0,581.6612936239624,0.5107494178722576,0.03521621667716566,42962.592423216855
65.02332600962367,90.14079663282892,37.54446683176562,0.6618613607049427,337.432665330157,0.2087425334283899,0.8487524666688433,0.5447796153700997,0,521.2591029620276,0.5803736174303435,0.03157179328234049,21940.99420405904
69.00958566569,90.06957587303292,36.02249308795374,0.1654140840308333,431.1711134917497,0.9442661596555508,0.5115195574628737,0.9873155491986286,0,856.8730582074407,0.49316069556069964,0.4612555515413762,29754.939893079845
164.7453347281815,92.4012662045152,37.587599764408026,0.8530396485251155,293.0295718778773,0.0193044167178666,0.7066877084605435,0.7920192079401351,1,525.1146212996306,0.7654883993697223,0.005662222704350046,48275.25490427661
60.247949097253056,91.00807197139083,34.38727152486421,0.2570912951531469,236.4245814154472,0.9653887036634295,0.1927520104127122,0.9933675008820888,0,471.2810770032039,0.343365121599583,0.7793080902025815,14244.096146457223
143.95727718119028,92.60211367935752,37.718097056242655,0.163733231247188,489.73230796774817,0.1492618969888062,0.6883967049269083,0.9682983146601692,0,963.9392764075537,0.692340018661366,0.0465104989305724,70500.52960269716
91.79529609007906,91.77043294528396,36.21669726299585,0.4601971859849301,311.9546168689262,0.8194380817932682,0.2723845792632895,0.4895395420941543,0,464.6687371650977,0.4378798222844181,0.5962357846516918,28635.966422150257
172.6586668955971,90.28520024838647,32.25203460451287,0.6192299247396791,440.0931122596305,0.2759225530681031,0.8320620967541508,0.6963758498705658,0,746.563327331613,0.8901231663747884,0.046337855020498794,75985.89007268216
120.47395841796244,99.09304146406048,37.44123699091432,0.8694252627037939,478.98157836483045,0.3507023274307274,0.0837241331089099,0.1104431269411511,0,531.8818016266503,0.24634449720460547,0.32134007908731266,57704.8067548946
96.25282200925648,90.08223131388893,34.90683685419916,0.9768182729695628,353.9095821538967,0.2167577113219849,0.7731386728852775,0.4411488250468018,0,510.0363784938928,0.6520312143970453,0.049173942052855406,34064.79601842935
124.88125631807368,97.36082144337084,34.761961908667,0.4955432613128773,297.0224053334037,0.5855140424810796,0.0999369065686195,0.8090185422666974,0,537.3190387167821,0.31630681865880994,0.5269995803230333,37092.531132651566
106.5643325711113,91.52147886919516,35.39879963587781,0.1544022306867432,51.57988290979278,0.3480955475078741,0.881189236894309,0.5053353209771434,0,77.6450195959764,0.6717834237359144,0.041357497633103854,5496.575796378137
131.18064373042708,99.122296219996,32.89630728062737,0.7742040211232836,68.0088383325527,0.6573930394946632,0.3042045181350037,0.7026990328172319,0,115.79858325186098,0.3433507486861324,0.4574111066898837,8921.443191822807
70.46193722405701,98.92795939589884,34.81499629140439,0.6086559306015437,140.38304722300234,0.0156473179420659,0.6543933648305748,0.745751329984277,0,245.0738913968019,0.27423906367086204,0.00540781690338357,9891.661460749021
189.5937178796944,96.53901146369256,36.98676330030648,0.5031022103600168,133.70379433519787,0.0643748835150396,0.4875022786202798,0.2534691412428939,0,167.59358026625696,0.6491077651042457,0.032991981115542704,25349.399462632187
112.45004348905688,96.72234149800605,32.09289475482509,0.3783419909129707,164.6414578399304,0.0996611527312486,0.366303145262339,0.8756993729425655,0,308.8178792307073,0.3785420370271657,0.0631549590253219,18513.939094201898
102.01113636049476,90.05339141969688,33.637502961946225,0.5521586750591821,187.22058696394737,0.418993685310231,0.6454418331834965,0.4598224309091789,0,273.30881237795296,0.6316594802464378,0.14855763297128646,19098.584826271104
150.87832952269576,99.84871566113604,32.014727518663065,0.4048116440113278,212.0294720978277,0.8147961726599761,0.947522980551238,0.2101851036215437,0,256.5949086615308,0.5729214889631311,0.04275807459945444,31990.652559699272
104.12641987686987,98.77832603575814,34.49426785489909,0.7813106809726242,239.24196053099445,0.8881779103783827,0.0412697473746218,0.8654158817884438,0,446.28575276472105,0.19459795694347315,0.8515230323933474,24911.40883441586
167.49203117888229,98.95106225730092,36.3698930629624,0.589504326843377,94.4898523052066,0.2448107400609007,0.9188528558831044,0.4178188061062536,0,133.96948958452424,0.6405370486935518,0.019865692405085778,15826.297288391646
116.3265477886574,96.59244537050871,36.79263097468777,0.8891629967387008,69.06286937875191,0.574369724239014,0.6090816550210135,0.7503124383797197,0,120.88159930382334,0.4667696607188945,0.22453166200555222,8033.845175209188
152.1403857908337,93.44786928654536,37.67113856676204,0.5891895231844979,353.27500208286057,0.7683649926926005,0.8073143007690523,0.5480330722215929,0,546.8813868134202,0.7268699022311622,0.14805294588155574,53747.39510714399
69.50618421965468,98.9364864909048,35.65102767782472,0.314436172005937,291.8006711793849,0.2888294299196087,0.3838749534342776,0.3818717522345004,0,403.2311047858599,0.18999398971222128,0.17795504595876996,20281.951206413207
169.2260900499401,92.91516928151192,33.52776119991737,0.86598269400893,249.86489099905384,0.4090077367362732,0.4718429748376137,0.8098764150385693,1,452.22457316537043,0.6928818715352618,0.21602030950303053,42283.658544524355
154.32192821504484,95.62711543342203,37.54488769482019,0.6014971404370395,335.49797352575854,0.5239742026857139,0.868850751801164,0.584469931644613,0,531.5864511792648,0.6863377001247266,0.06871882275781589,51774.69418673512
83.58176509236537,90.99730972343882,36.65189452328226,0.2861569343292051,422.4557332415933,0.1348748464080477,0.4148479698098231,0.3905621024270317,0,587.4509325987833,0.47949230281341315,0.0789222901972574,35309.59585772182
74.6136113156812,99.2195563013275,35.44657089801887,0.6611570289605999,242.46180910229208,0.0259822937257803,0.534659566749085,0.109597870335127,0,269.0351070175054,0.24186789142685702,0.012090611819207136,18090.951183255314
97.6994670779593,91.40770457771214,36.17384129431362,0.4219450884481848,338.5037592733907,0.1528058093182832,0.0201949230843329,0.8954453137667079,0,641.6153642071622,0.3906220376974161,0.1497199077522612,33071.63688489609
186.7695291143071,92.24896805730408,37.54589813004458,0.8599650510628593,479.1075007258214,0.6268536212535334,0.1585980058380423,0.0354695853416665,0,496.10124511064845,0.6709288711202949,0.5274358869703676,89482.68230569421
89.67226256655292,95.58134158128216,36.27436417083753,0.5079697647818886,427.8310231377024,0.0736182615336816,0.6416865079747998,0.8631873483680562,0,797.1293495495282,0.42790386374524875,0.026378416366957928,38364.575840921025
116.57717320779548,97.64093000212982,34.2102470455084,0.753797222296675,241.70036472608425,0.1896963648501283,0.7169769010638771,0.3599615248831554,0,328.70319657770034,0.4683867033847415,0.053688453036800726,28176.745283060063
59.052730471840405,96.193513059363,36.27816921373458,0.1859825868726134,340.12257701663435,0.3378538856953037,0.5826009367844994,0.6393387635014058,0,557.576124845361,0.3010154467533641,0.14101989539293658,20085.166867951088
108.6257164914414,92.32133912800155,32.24166897641233,0.4564219116721115,129.6819148621729,0.0778700643063663,0.1433100362756106,0.9221997238356852,0,249.2745409345516,0.4325044971770632,0.06671050256583681,14086.790917885633
132.12820208346886,90.0094304252749,34.31849337098349,0.9849172928251588,302.23498320279043,0.1916992711616344,0.4454054285778348,0.1517066155038984,0,348.08602959136334,0.6622537114110917,0.10631537513182807,39933.76493731211
183.67182268857528,97.5715058030744,34.43793819107348,0.8276142605294334,491.5977310122993,0.9112697889835112,0.3550947663631898,0.5669504756388102,0,770.3092984326822,0.5608153278198797,0.587682656170578,90292.65128459696
124.7593660669087,99.85207325911094,33.00102940652501,0.2439467221302358,283.24180184113504,0.0192991322269847,0.4956613440350883,0.764432862370192,0,499.7611431654446,0.35983021604345905,0.009733298408646576,35337.06764134898
165.57948903398784,98.0991312030609,32.13851288331062,0.3499876445295296,467.4372346355663,0.6534319241743621,0.8703290345540943,0.7575838327190574,0,821.560126406376,0.6459004330114172,0.08473114846086541,77398.01846641736
128.86223174680157,94.60206618156616,32.800287419826454,0.396834227970725,233.3007142264673,0.3844089309151849,0.7758614386586519,0.525631914599504,0,355.93101532275705,0.6137540108004188,0.08616086474209522,30063.650703345356
60.50597681379495,99.03767261399106,35.92772897478233,0.6853290044459012,499.480172233084,0.6726487394323711,0.0839895013891589,0.6247394599064581,0,811.5251452679656,0.0703070176077172,0.6161533071974,30221.53572008529
97.52611715061948,94.0984767311835,36.81373289818213,0.78129528354069,310.649015852401,0.5886917203634046,0.8903091977745643,0.7575269941328445,0,545.9740310613967,0.5703166090426495,0.0645740670701337,30296.392312745913
132.69918355719892,95.24934084243468,37.929220956361846,0.7745739479271188,69.02104740617055,0.2234987543546442,0.4717671511498236,0.8410276377574117,0,127.0696558617245,0.5144577708320293,0.11805938372721947,9159.036639061555
183.3301854007018,94.77129767395684,34.078181018650966,0.5588866506757626,314.0396585111246,0.8472094875733885,0.7438621448859984,0.7618130968758637,0,553.2791833033232,0.7605457818487029,0.2170024209792801,57572.948818017554
170.9825985664165,94.47623872665524,35.59627533356661,0.8297384840543361,173.55771305581848,0.4919403826093567,0.1400392312643521,0.3540049431812426,0,234.9980014048099,0.5516564417774003,0.4230494296008511,29675.348779528314
85.82800791414444,97.75190769293906,37.62286980089073,0.4933702744817275,64.61659491615262,0.8225360189134717,0.6707195257070481,0.9967264010577332,0,129.02166101553485,0.3600173672431213,0.27084505043086443,5545.913619848612
84.71482705258708,95.26768907269492,33.00225068802892,0.2114925087660057,419.3839871125985,0.4060125361882192,0.2363260176094579,0.4345026937193044,0,601.6074592157646,0.30102050940953473,0.31006121041134144,35528.04193686819
82.1583505603766,93.16717122025216,36.30587351805646,0.6079976574884319,174.07833664134017,0.984685553915239,0.4383808971409315,0.0244647027589334,0,178.3371114040401,0.41715373440606107,0.5530182173881615,14301.989006746477
179.53735100083793,92.5815816765848,36.52987239889498,0.957071246140996,408.44684932092434,0.7704893585012963,0.0168628700821044,0.362616951585462,0,556.5566007063645,0.5969768172880238,0.757496696549245,73331.46535171715
170.1099306687323,90.37747316967432,32.53385321521603,0.8136942862532602,179.69791233014013,0.9659502051125736,0.151610637930476,0.1277829545738432,0,202.66024249843687,0.6756600725106918,0.8195018783063821,30568.39940779607
159.60926335414808,95.83195161883046,37.16749631109839,0.6208305829230182,137.44685924319845,0.5143264789098588,0.0920804931236197,0.121442615728375,0,154.13876535334225,0.4628284860527042,0.46696704310530407,21937.791954148182
108.01924042027072,92.29961415401034,36.87863028266506,0.6821250943141872,488.2710083469924,0.4736911322907005,0.2397441729382584,0.2815350401068943,0,625.7364062649966,0.46028936530170944,0.3601264435514794,52742.663440881784
123.09139508033353,91.48133922016385,32.20041803946461,0.9375058243320152,212.7403974897588,0.7554538093252579,0.1000180900243222,0.0533754941772608,0,224.0955213372416,0.4876337062976546,0.6798947622149472,26186.512316959095
117.68478554734564,96.53829963827678,32.54650648928031,0.4855085149914644,320.6192951494222,0.8802912630134302,0.6919100266195619,0.6885121884095631,0,541.3695876990826,0.4972712227731402,0.27120891178883993,37732.01299200087
89.20874452051531,96.81209257821548,32.294761363351114,0.3982547250483736,324.4916717665122,0.964145795865558,0.0290399022092193,0.073988884201905,0,348.5004484933272,0.20576626756042649,0.9361470962381924,28947.494645653696
123.17878623008352,97.52154892257666,34.008461190796176,0.979517408500404,302.2130669780758,0.3245519060324997,0.617740500624998,0.2032895554359561,0,363.6498270109857,0.4617728219757333,0.12406304912118604,37226.23877323031
59.11703396012185,95.03576896338592,35.05573394407956,0.8770988201593001,461.6130845845466,0.7987045738426389,0.1407078308255742,0.0928997144941193,0,504.4968083492007,0.20341463156876616,0.6863205857867765,27289.19639782124
72.79440042215698,98.94054605203888,35.19408636772777,0.3907392261567421,353.49848211509084,0.2106455976355367,0.9451614571778968,0.063167730903031,0,375.8281791079668,0.3680062004552583,0.011551497626223902,25732.71005571062
174.68959548280776,99.36342753398228,33.60600055861666,0.5174025376248306,231.67985184721857,0.5455743467454452,0.9330940731098544,0.2677516655395416,0,293.7125180512656,0.6537605283153747,0.03650215735648972,40472.05960070744
156.47676854924214,98.07370939792489,37.469581319361644,0.4735703161070191,438.0711730359233,0.1798481484091991,0.2255031025209626,0.57189896766037,0,688.6036246569353,0.42623047514545287,0.13929183296027417,68547.96155123718
112.08723522297674,96.35593482008188,34.20957673923148,0.2341861108042905,131.47830460218398,0.3473973617503388,0.6144212982230295,0.9646855564468416,0,258.3135260380292,0.4629080828243842,0.13394902374444023,14737.039654663182
124.81529890832344,93.03720953591188,32.273300935792115,0.9620373914319332,294.9065409246879,0.9313583672064591,0.0280053194724584,0.8755566543496063,0,553.1139252425228,0.4244050812226321,0.905275378589495,36808.84805553464
104.94984960459696,99.8294492162022,33.80136266924832,0.4638811880977829,477.7476673746904,0.146090699773086,0.931788543051174,0.8759339254453248,0,896.2230570305503,0.4326209353005308,0.009965059478195723,50139.54583992078
155.00528206669077,92.74136167191938,35.18665653526493,0.8877961743741172,331.42893344618574,0.6324008951351965,0.5229873081917097,0.1760670360376576,0,389.7826434151777,0.6712872143748831,0.3016632532904124,51373.2353138885
160.86526919633076,92.02656921990432,34.44933093552939,0.2704206049125985,417.6358027136943,0.5929542729274033,0.0432231514177789,0.2649071934978201,0,528.2705311147884,0.5662014442484689,0.5673249206048432,67183.09582956412
158.0435006774265,94.42154113786584,33.643055114595555,0.5930837295734978,344.1023264953368,0.1207383527089864,0.3424999930081374,0.0763933167953057,0,370.3894445332968,0.5756786096484136,0.07938546775034454,54383.13627056979
152.5525828526507,90.56840570712389,32.78793949858591,0.1215652466118428,427.7168885920507,0.3259790437688121,0.0768494618612342,0.778468339915185,0,760.6809448079925,0.595446184746171,0.30092772967713916,65249.31608441677
82.60808572352744,99.7849446467179,36.914987000577376,0.7877984354580777,475.0195459303597,0.5629815045152657,0.3929444393733599,0.0698163014855619,0,508.1836537605684,0.20607044768387633,0.341761052845944,39240.45537056623
100.62594719746464,95.88433556416425,37.97687145274515,0.6228225084216505,172.81477738973155,0.1871786089884902,0.6699263421613231,0.5566956708208533,0,269.0200158164646,0.4597475826204104,0.06178272813798641,17389.650664560733
118.42913372279612,95.56952091664176,33.977252801143294,0.6630306251227774,126.34748656552348,0.8006236564128154,0.4698899080414396,0.2478755723239507,0,157.6659421096453,0.46197218604795864,0.42441868012519646,14963.223382007567
99.65705384273352,96.5579627989972,34.28972626505962,0.1465487942991881,267.795837649643,0.97215650953475,0.3837221747194544,0.2434456340287447,0,332.9895651365191,0.3507794526668061,0.5991184995284018,26687.744211510395
156.91692702137442,94.97023647777206,35.70822514806174,0.2899344971877539,365.8380920708971,0.214759399962472,0.1191570455404648,0.9907250552476052,0,728.2830560495152,0.4888541109914659,0.18916930436090085,57406.189195127816
99.46272577374388,90.32063517094542,36.31064884841325,0.1668977851182221,152.23606393199725,0.1869119647905759,0.2449390456936563,0.7567798069785374,0,267.44524300962644,0.4959261542630581,0.14112992650604594,15141.813879742385
73.66133171602051,96.12311288840397,34.352177208821544,0.3600228842234306,51.84565269357518,0.4549350717974446,0.1001432877383511,0.8369393582910502,0,95.23731998911666,0.20170130423348853,0.40937637800016563,3819.019821095034
108.87046102652104,97.16173876956432,37.42957710189089,0.6646951069139359,204.3208021265174,0.7477652771400322,0.8074987316566608,0.5719826853440126,0,321.1887631984855,0.48709005285066076,0.14394576427256478,22244.499924822532
187.2884484256213,94.16749060624052,35.36002393537351,0.6095673858856376,485.9867009605048,0.2816006102352514,0.1352398279847225,0.8710142873937492,0,909.2880609804579,0.6078309432072201,0.24351699214664313,91019.69517837935
85.49399074603275,97.57295572071192,34.702340458435586,0.6509348394520512,362.735357272631,0.0198799086972804,0.5953733665488935,0.6454905391663529,0,596.8775986132413,0.3417986817453307,0.00804394052949594,31011.6932779252
137.64141895733593,92.2700129933842,35.88003651895943,0.5943261442401049,230.5964497735508,0.541220628032894,0.3427404135888459,0.9461737047963452,0,448.7807469686757,0.5798949114334088,0.35572244613808496,31739.622553355577
113.45136172836035,92.21276591066184,37.71682308949504,0.3457259161082734,136.65924380607817,0.9566005677673076,0.2259783846551835,0.2813385860456368,0,175.10676222854613,0.4748723822100042,0.74042951670302,15504.177302567563
64.5883166326591,91.61416987687574,36.76731376653024,0.3200567476099827,210.24035318963612,0.3912768554069455,0.6394684394921037,0.595319545782895,0,335.4005447557257,0.4720413893494727,0.14106765527048856,13579.070500774298
120.86334180973805,93.71994759789162,32.24007878321075,0.2233537151829231,126.42774498556156,0.4201345541831004,0.4570023093769406,0.6901313479368921,0,213.67949504906883,0.5208800756926764,0.22813209267237214,15280.479756424322
149.79218436752217,98.47012035389083,33.99385946443976,0.8641637874131429,97.83761959082813,0.968901717114038,0.4001454672845591,0.3929373050278066,0,136.28167016318386,0.4468987074785374,0.5812000867666297,14655.310751828825
124.28469673675554,98.27912062149063,34.823268109707335,0.65483142268712,458.0340676576493,0.6946076116267283,0.5928520048922216,0.8797079824040532,0,860.9702931890815,0.4348287931503567,0.2828080964604249,56926.62519393351
172.73431860578845,93.82824207963505,33.88710543325463,0.2678599112536538,498.9426522689631,0.7191719228421252,0.4912676284900007,0.9798031631041544,0,987.8082411696694,0.6816827027962412,0.36586603783088056,86184.5190630442
94.00649724877366,95.89118735980236,36.20112536498274,0.2594884418391155,123.85149781810564,0.5627020053710676,0.3034842085515608,0.4937694913726616,0,185.00558890149398,0.32998519548795807,0.3919308326206531,11642.845488894245
66.64363812603527,97.20816316474917,36.95761489917549,0.885732041373523,74.53515149522588,0.9746092108632416,0.5590612877652517,0.390640654804339,0,103.65161188126153,0.28597924873630565,0.42974293037016204,4967.29366391705
181.43635757383083,92.41206774628024,36.388070571111626,0.7684577773869874,198.37899821579555,0.6888664844255561,0.6694985765506946,0.4719379285564586,0,292.0015717028635,0.8034891822144378,0.22767135366916508,35993.16285541943
106.05650718630956,91.68141085894749,37.93599972096965,0.6934591719148342,257.7466313426369,0.8950327516051695,0.0266931585868542,0.8527367457319316,0,477.5366549771249,0.40912504790657855,0.8711415004261442,27335.70745923745
132.8147494462405,99.72095993212312,33.63528588735817,0.4661776967853698,142.16956118413452,0.6993788657332212,0.4658717289076753,0.6454684255181676,0,233.9355239982666,0.37871261310727034,0.37355802439259655,18882.214647552788
161.92042202757645,96.1755731320962,37.24993697014653,0.3357780078506658,185.6412103093513,0.735115824840396,0.0576832845835437,0.044772372518095,0,193.9528077320316,0.4490392009061129,0.692711929514261,30059.103119000236
98.7823446232034,99.81415721833665,36.59973599104692,0.9815056868015414,140.39183106124597,0.2904109221422465,0.186405414068111,0.5421699104457148,0,216.5080575350316,0.19118123794426856,0.23627675395041908,13868.234238174551
151.6822126539775,93.37755987132228,34.17307254534887,0.8175156175205202,398.4172557946031,0.303478698013819,0.5605087340779731,0.0173001227409698,0,405.30992322197005,0.6535819026439297,0.13337623717046182,60432.810918451134
73.28154472540679,97.03031699974132,36.40474726194181,0.3716013008226488,370.66007446126736,0.7829846495760292,0.8661889152655807,0.7785353710034054,0,659.2320530481201,0.4031383537866714,0.10477202529016763,27162.542824555974
94.32465587274322,92.22603636541238,32.62445573850948,0.8628083166506452,335.7281820924418,0.2967062891698996,0.8828056791884848,0.3283122735424637,0,445.9518648474896,0.6148191771424252,0.0347722920397714,31667.445242651243
74.5359358784302,92.61200171273912,36.73600089404332,0.7830387537532133,224.24803568564212,0.5627700708015316,0.0699440101386312,0.4720074821173293,0,330.09478637937906,0.3007016221500146,0.5234076752636712,16714.537208728947
164.5161253841833,95.11902121269624,35.19398361552262,0.3673724948901985,459.0684235914062,0.2493523109067019,0.4191050862867066,0.798678105907632,0,825.716322627393,0.5968977867210785,0.1448474891283589,75524.15833548315
85.05764675561602,93.19618125508072,33.75374103625552,0.4838975688174757,486.289643690759,0.8169833808090694,0.5830064830045513,0.0464488172857615,0,508.8772224985092,0.46826521687891765,0.34067677329040585,41362.65273396296
151.8494799797034,91.67621563840584,35.93466381070508,0.267358100851924,128.1376906814354,0.11050135122769,0.1470699045503434,0.1585415355916104,0,148.45283692923297,0.5811513545373126,0.09424992804994967,19457.641695776052
182.3452836281631,92.62880701989326,35.84971999228645,0.1999471999402984,150.35568863534513,0.8294466397616644,0.7654322167447717,0.3979603764451148,0,210.19129508533155,0.8284534187513568,0.19456145961739155,27416.650689319784
126.2492482242984,90.35748394465864,33.2569173363176,0.7504858295557271,286.5339626001663,0.6027298005076018,0.7442352584372388,0.2299251635455605,0,352.4153308123671,0.7240191116575592,0.15415703165900138,36174.697369000234
127.90394095519284,97.04423621477488,32.182384488869154,0.34076067161848,91.0627561770104,0.1869095348270772,0.9033410137067946,0.3379014257750631,0,121.83299132422916,0.575798693354243,0.018066486164919845,11647.28538928146
117.23953169320464,94.92116657085862,34.60173552141004,0.8380534291716283,246.40177947040075,0.5420353855061182,0.008486012083443,0.998174737892465,0,492.353811109505,0.3394997000770181,0.5374356666750596,28888.02923348207
98.99516935814177,90.94243066404526,35.417071216066525,0.9960478403629834,311.8060691499696,0.2824988368473404,0.2166842439890026,0.8254144375738107,0,569.1753003494924,0.46738602004142316,0.22128578995730183,30867.2946223977
119.2134291748638,91.71693993128493,37.25963167022359,0.1689578325366838,284.9331070117999,0.3234673347304966,0.8271867142453218,0.8839018149601086,0,536.7859974417527,0.687210720285869,0.05589945294908547,33967.852772325095
136.37901685601253,91.02534538112644,37.569300773885566,0.5257316125753303,198.9088623851117,0.3515280415968803,0.6705800508269354,0.9370546335657752,0,385.29733354037774,0.7118918068129575,0.11580034959575124,27126.995096029423
188.10886224303903,96.12592808275876,35.1728313089406,0.8218563033797227,294.1006127347431,0.0633192469723209,0.8943898536984908,0.3409358803141956,0,394.370064038407,0.7791803125765603,0.006687154936448205,55322.931646513156
181.59821550796028,90.94210363612494,36.52282090261127,0.8100558068871102,481.46042941648153,0.9859616844014174,0.0571796545302665,0.2970769577964727,0,624.4912290869132,0.6644283404082844,0.9295847359072646,87432.35481972931
171.39064936957143,97.54282333035216,34.635819633967984,0.7839974424978716,142.70783193111922,0.031534628131224,0.5969639657164428,0.2340624925720749,0,176.11038278247372,0.5978290554683957,0.012709591464615222,24458.787984798182
175.0326223201559,90.20510919320392,36.47649293943736,0.4140954417717198,344.6741112773016,0.6624968731842784,0.5690465748936742,0.8301169113081226,0,630.7939199386874,0.820662092587213,0.285505296620996,60329.21354273532
118.1596397444258,92.49375787995892,33.228809149635005,0.5084679301165471,69.52851237022332,0.3712276477574305,0.0356744163605323,0.6795518622851849,0,116.77674243332712,0.4232988119655148,0.35798431808679093,8215.46397363144
143.75498416895775,98.90666675891909,34.22638840882119,0.6354715216073232,79.88738201664572,0.6460102909466989,0.5135220769124835,0.2361719824828773,0,98.75454340288391,0.4499008446948587,0.31426974463291235,11484.209337102386
175.83400759638891,97.18531318122244,35.80536799288169,0.9765465252159314,298.32270090061326,0.3562482530875838,0.6095203113099242,0.3769938292104549,0,410.78851825354064,0.6255076200559762,0.13910770696202304,52455.27605633369
108.04835327383266,90.72968332925689,32.10894779364247,0.3947925438446436,97.22263114757726,0.6737506462588587,0.1912931742021072,0.5067117639327983,0,146.48648207055396,0.4929981807330766,0.5448667465152806,10504.745196444954
184.83793457663828,98.2112610448518,36.33476786203372,0.930829498945172,60.0560547920858,0.7292355094683608,0.2733295831246629,0.5281400572737537,0,91.7740630096137,0.5205257525963952,0.5299138716656725,11100.63712659056
111.13111837933972,94.93035121540206,37.01321300760901,0.3424212263624447,127.18084894160998,0.6905526403996448,0.640347346297737,0.8887277285517147,0,240.20999593676578,0.5106732911403051,0.24835908964083678,14133.749979314982
136.1461598280841,98.46783027168829,34.39484996656371,0.990167018926334,304.1821269498085,0.1139619813581522,0.4683009475999583,0.3805661329472163,0,419.94354271475635,0.42695932152412297,0.060593477497760756,41413.228472555194
150.8236362917702,96.00739774450392,34.68765450306299,0.7032373181448326,366.5034295335196,0.6568932346546846,0.8580136575683268,0.9085240305005124,0,699.4806025255733,0.6612926082626296,0.0932698677567295,55277.379955649994
183.32992176525167,96.81833032032858,37.10769327329918,0.5171603323226959,141.115353863621,0.2799875494540973,0.3423817660091883,0.4413675603197896,0,203.3990933220712,0.578611826128915,0.18412491781141851,25870.666783693443
88.02319699705592,99.93501560395708,36.6539278119562,0.6520513852572444,350.7167467436785,0.0288013705693335,0.2666596583882011,0.7463726747923538,0,612.4821431052304,0.17973072610564944,0.02112120693220304,30871.209288785383
155.7276820622167,92.32335545924018,33.72889693420025,0.3452780521361861,132.1143489946532,0.4148306718889539,0.9848659403448428,0.930254319985056,0,255.01429287894265,0.8245485519032707,0.006278072135156388,20573.86133609609
125.31010412945108,96.23945574761387,33.94385663936924,0.34675647176032,326.0558419840657,0.433543102803801,0.9111357701300834,0.9075757039632664,0,621.9762023040896,0.5946215778942583,0.03852647394607386,40858.09151103912
91.25521398378656,94.603213900574,36.07326939434358,0.2021990894591444,235.3818559531095,0.4671741333524465,0.0289927449989798,0.0569528672956811,0,248.7875275590181,0.2781696709088436,0.45362947283403965,21479.821632901832
159.84192337251272,90.39451952922693,35.379188554688966,0.2026452679348588,344.2097792001275,0.7048241653907162,0.7707286153065659,0.2057042949765698,0,415.01520915453045,0.830443029112592,0.16159601236452353,55019.15315097631
129.5500078234693,90.14470641502864,32.973377426578985,0.4129045673220202,497.7737386156613,0.3088438091424591,0.1103347738252029,0.4769054255322751,0,735.1647352489547,0.5500257955377836,0.27476759731341177,64486.59173197647
144.2314657877062,91.1922857781786,33.859579455375,0.7865699301067345,472.0176343546529,0.3152805131039226,0.0274851948293709,0.4315542899531073,0,675.7188693939205,0.5372280343469362,0.3066149667753572,68079.79528061714
98.59164425801664,96.49091740538547,37.39989966127192,0.6471740508383462,51.92679102624663,0.0605522562412605,0.2736955159663489,0.640891664837207,0,85.20623857671157,0.31662687534724027,0.04397937522638214,5119.547708320079
119.97198349672668,95.67163087913391,36.12904662033358,0.1923261042979187,448.4474439630376,0.686821215992296,0.2693458790611043,0.9447090508254122,0,872.0998030944411,0.4033156952242426,0.5018287518130344,53801.12934628281
138.34282388338906,95.53429561163728,37.91584590611312,0.8670128724783198,79.92085782864494,0.567826091399584,0.8193187623469647,0.1124047112779488,0,88.90433877795977,0.626894801741942,0.1025955209657624,11056.477159197602
109.66295992642894,90.3185676252826,36.602075179884615,0.6412308642910598,478.87096377193023,0.349425112693788,0.7106672459428351,0.4518586651342404,0,695.2529582334619,0.6659461958417964,0.10110013019242887,52514.40731005159
81.78029287943968,94.69302996360008,37.65184659286154,0.9647700191063018,176.82155559485813,0.7051889789173547,0.9816094273320144,0.1924110378871393,0,210.84397462768328,0.5331675448012546,0.01296882916144218,14460.518603945624
184.82146646256604,99.24622817842528,33.29713144322285,0.7031669206700868,221.91567368507197,0.5373577492268772,0.7115129003118185,0.8941075983979475,0,420.3321637304943,0.6208434352746653,0.15502077856943097,41014.78024150328
124.04811790575334,93.97591869310646,36.62890924890156,0.2576573773337629,91.23719232907752,0.4692449458705396,0.4182555532560479,0.9645801858016528,0,179.24278025788024,0.5110086965120533,0.27298064142285283,11317.801991427303
154.07924998883956,96.24922469788456,32.12130512088679,0.5264050260770401,100.52274124800932,0.5113245436611265,0.6989276609452169,0.4787016818903501,0,148.64314655165984,0.615954324888593,0.15394567637617493,15488.468578315464
110.49137113006783,97.79818675623144,36.0245601302692,0.6836478377924837,377.03325435319385,0.6363481252670565,0.999459067186402,0.1040102977281407,0,416.24859539187935,0.5303657657025593,0.0003442215818285318,41658.921235116
102.9427881434717,97.83925279141889,34.81569366872145,0.1254382309449799,474.9495060867312,0.6600026045745995,0.7101418825625281,0.7852946667226732,0,847.9248201792091,0.4199586357836942,0.1913071124658216,48892.6263839329
109.96718029306189,95.19280082395272,34.08056043152041,0.1134192377393271,324.8368227294393,0.2889578191407171,0.7616813559803183,0.697141350492399,0,551.2940040167006,0.5357393999132299,0.06886403563650013,35721.38945091364
110.24154691106273,98.57951945402336,37.174426113758535,0.2164627005387111,372.13250698706497,0.1407433633911532,0.9383650151902594,0.3546708266103104,0,504.11705084873444,0.487827140863584,0.00867471506468553,41024.463226145905
128.46431565216375,93.91378093363748,37.12560615594519,0.3264979915409237,392.8863850687191,0.1566341811905187,0.1136512613116833,0.8874074739689635,0,741.5366995993486,0.4345861120034249,0.1388325089336935,50471.880586905485
128.36843244748405,98.886932147848,32.13381022939186,0.486594211168608,168.26642354882375,0.6393908859030016,0.7047842934477269,0.9758318897827072,0,332.46616562744987,0.4622575375153251,0.18875823214493848,21600.097024506922
122.11576514418768,92.40227166395545,35.65703073469658,0.5386964263838095,70.35333391409671,0.872873285767126,0.850805957967449,0.5578538491301954,0,109.60021203721747,0.682314626413586,0.13022749368583153,8591.251201364448
73.19608096385414,92.80216406990571,34.20699334592574,0.2242248480441071,50.84273476362586,0.4094962783455518,0.954378600220893,0.5657279113442923,0,79.60588890848376,0.5563477592259465,0.018681793422458876,3721.4889301821204
121.9701895975717,90.53120624199,34.4939660090027,0.7060524212042477,207.7921773293084,0.1695201603294623,0.2109692897116993,0.2975135051137778,0,269.61315634177464,0.5461353863789701,0.13375661251294227,25344.451265747986
77.82902655678795,97.95581836542284,36.99224443531266,0.6365242555268813,158.65890268964722,0.7566024982938546,0.5039290077242442,0.5845060359833142,0,251.3959889742353,0.28014144180389766,0.3753285520869483,12348.26795090339
72.02833114992829,94.17055236232706,33.85903862916607,0.3650176889570442,78.04297627213354,0.8324894744194485,0.6805548476444818,0.4396423205248465,0,112.35397146107987,0.429634894179476,0.265934726990286,5621.305338855231
180.90717184105765,92.29116613911398,37.65829286382572,0.1122938950917628,130.78773162215003,0.8805824431209666,0.2474677295013374,0.3021910269280519,0,170.310610550638,0.6789427710620788,0.6626667052830804,23660.438639270425
136.66825177494007,92.3179027761658,33.077802958232844,0.1698831238179616,106.02450422057652,0.6068314289137332,0.600472863250274,0.0671851965239013,0,113.14778137298514,0.652891087889447,0.2424456232836487,14490.183637130947
144.03115784681887,99.01399941229234,35.976334540209066,0.4525252979597555,461.6952712778167,0.8607285593880847,0.2575787824979993,0.2527078597091249,0,578.3692951202574,0.3707125234724611,0.6390231449996449,66498.50449454508
109.24214549500412,98.33916600461038,36.03263040208259,0.2385769160491155,113.12024605662602,0.0154149584484076,0.3334570205316473,0.1978546496776644,0,135.50161271161093,0.3106117019556139,0.010274732332582458,12357.498378148606
177.71242040850666,95.53530885357183,33.51317096856751,0.4391376455331738,291.9418087944556,0.1072358017695235,0.441518696510865,0.5420419845539489,0,450.18652620767176,0.6302389196993529,0.05988919035294597,51881.68545930016
141.12061609325485,96.1611080041572,33.948503653803215,0.6653643440593197,316.89767980047407,0.0925760670520987,0.529190098746567,0.6016700217635939,0,507.56551370285774,0.5292629272673299,0.04358572898722978,44720.7958119659
158.83793238568433,94.7432557055029,37.00879095547964,0.5925136850913552,294.5702559688852,0.712604684254733,0.4493658716251506,0.6085717243060165,0,473.8373845731343,0.6004298263704352,0.3923844591904397,46788.93040041951
104.75593331874136,93.9166654287881,36.57083152972972,0.3080582948236548,94.5753953971946,0.069581783543579,0.4931955197879292,0.3881810010456791,0,131.2877670567685,0.4780771949183791,0.035264359641032375,9907.333813822115
184.60160391058196,99.15476881218332,33.974575281888555,0.4094402421328772,193.45926278774803,0.496364372466307,0.2985887562882926,0.421229733685496,0,274.95005653082353,0.49906166009067043,0.34815555182577357,35712.89020197705
165.76227417137252,91.25612703520302,35.2037392816096,0.6526280786037856,73.07164960841897,0.4727068986362891,0.1589650940226306,0.83423842964064,0,134.0308278289975,0.6385842747179072,0.3975630020494253,12112.52281654521
170.2830425069634,94.18446789716228,32.37008177751857,0.8747695252391038,228.0514613433422,0.3107035235582409,0.0473499773268394,0.4762328135171624,0,336.6570504055825,0.5305400252201915,0.29599171876238906,38833.29668570346
78.24622610247683,93.44561907987875,33.25247529439177,0.7778920948649896,134.8695190722164,0.8704051699420998,0.1959787224916677,0.9877733321371224,0,268.0900333299108,0.32447119395286883,0.6998242766867042,10553.030883656955
91.58003306261465,94.98150720251148,34.91492335316239,0.5980600241500734,302.7346399779709,0.170433201879996,0.581943641505783,0.4396172300088649,0,435.8220038328175,0.43365466560247057,0.07125068374446086,27724.448338381317
93.55959095728292,94.57631874545174,32.51584241167527,0.4260636984848376,361.76377723209526,0.3524627843992398,0.7861154478031324,0.649580944617839,0,596.7586333750371,0.5129458871029078,0.0753863448072925,33846.471020996454
91.5727451383276,95.1888953165108,37.05999412935162,0.4285461497876249,289.45393709211794,0.7741715000229291,0.1692475974428945,0.0503629989933958,0,304.03170543452273,0.30359469276256934,0.6431448336352866,26506.09161062203
170.48010188407886,91.39918977226992,36.30803726064589,0.8914755792379565,245.4065134751281,0.0304223143932842,0.1085553577726484,0.6533399244188108,0,405.74038644085215,0.6331504230660768,0.027119809170049244,41836.92742025641
59.30444735315994,95.13141501513276,37.66180202389097,0.1353192184364917,224.3000393855116,0.6729504002463687,0.7492903605492502,0.8514263944150061,0,415.2750131866616,0.38367196386467883,0.16871515221400482,13301.989877049773
65.27349851240453,92.42418813887213,36.160801435784165,0.9891843799782348,428.7612956436517,0.8163977263615706,0.3051583305372897,0.9424578385332962,0,832.8507395827032,0.3494481927673304,0.5672671591306346,27986.74979337254
91.978507535037,91.84331348988192,37.64240823357312,0.697937869766406,148.7156292793715,0.9322678388381672,0.9514994392273524,0.9973206116397704,0,297.0327916326676,0.6399682301857395,0.0452155129739554,13678.641628250441
81.9828515776749,90.64834218786191,35.32707533414579,0.7130239291651514,380.398252787991,0.8762966404914849,0.714317970610373,0.2821786456492331,0,487.73851656704096,0.5750755225924056,0.25034220260291973,31186.13349872472
86.30104787418453,97.6265255875614,35.601311666371814,0.1341980535742679,390.8670461330536,0.3193841168336851,0.3267560472430308,0.5753700648257168,0,615.760243804865,0.26199693725449685,0.2150234252649038,33732.23566076975
162.7223305491955,94.2744192085656,37.86182632775757,0.6449763474021449,238.64000327183047,0.5863641413229526,0.2895427477937049,0.4507179855321473,0,346.1993448138949,0.5780815015000503,0.41658665663660854,38832.05749465989
131.02209017542634,96.26643683311758,35.85277488118556,0.5363002540814024,183.7852696515377,0.0772934931504658,0.523698386271309,0.563817480575171,0,287.40661735329616,0.494513577627794,0.03681501551829438,24079.93017319882
55.77903927455068,97.27593343304744,32.18471941316448,0.1952010162046603,261.74366872068885,0.2578700035480086,0.0791446682782094,0.1574529571898466,0,302.95598338648085,0.10775952696753378,0.23746096765830077,14599.810377436284
112.95857337006636,96.79316665313551,36.34281665978314,0.3501298096924231,91.94626665171432,0.0942223787475073,0.1176765126452989,0.8561495725959415,0,170.66602354737202,0.3033341718755554,0.08313461780335611,10386.11910768136
110.06446512479846,94.70500719089682,37.432812152824496,0.901283010592286,70.66851450309049,0.3151872901539638,0.1758578813161925,0.9095689433445876,0,134.94640056739817,0.37493318198427034,0.2597591210896957,7778.092249946718
70.38261137501337,93.8789852895173,36.77348149876596,0.5949895742793576,100.2214397533513,0.875187213458729,0.7747235933045602,0.4496616631129225,0,145.2871790324148,0.4617647728695148,0.19715903063377732,7053.846645604441
146.27914146119673,93.75959909640665,35.50299963575254,0.4720749176565179,134.2152641580018,0.3471668396742926,0.5138573592691225,0.2804298615735768,0,171.85323210689126,0.6120928693026308,0.1687726042134538,19632.89361202023
149.78312043123128,96.40048796930056,36.0278210785611,0.1654139402567298,276.87956915211936,0.5618981030014264,0.0105671227744429,0.1408334276530123,0,315.87346792290157,0.39216624797000305,0.5559604567602837,41471.88585125932
152.32058457203317,94.94794354941874,37.94115073551003,0.7427093746620751,432.111486272505,0.4333808481149408,0.673516527472109,0.6837648247778044,0,727.5741209681009,0.6422053390663444,0.1414916842196484,65819.47418931805
153.34357765040994,98.4913224798851,32.54397253105603,0.7325657410564292,156.03904939985915,0.4589165242987353,0.4236901786604971,0.3122318396207352,0,204.75940884664797,0.4638536609017369,0.2644781001283498,23927.586088143453
55.00713163586007,98.74701984326713,36.003468971799435,0.6526392462753072,470.82290483605016,0.9695720518365584,0.5108523649637979,0.9095385699133888,0,899.0544963830988,0.19079474425600426,0.47426387615305043,25898.61750349463
183.7793085193075,91.7056037800652,33.70038616742356,0.5592363815985844,479.7085590207515,0.2961544682638579,0.2141162434129355,0.67101247484487,0,801.5989864135324,0.6950412290026113,0.2327429860492452,88160.50726762712
164.9181835523795,91.36233651545726,35.84054237951702,0.4904059619866354,481.50707218034233,0.6273244695231713,0.5517822283941036,0.6456853251742407,0,792.4091226548032,0.7507366997772449,0.28117797580352694,79409.27171160655
177.03752903955353,96.30400926036,35.64574145530364,0.633943983689193,426.9032306043457,0.420062669579447,0.9791532397514886,0.5594021158982408,0,665.7138010882113,0.7664381756757743,0.008756945762072393,75577.89308519608
57.11184486650361,93.0122574806228,32.92074099264897,0.310055906555566,213.72126835897427,0.0611461810476862,0.0734446910057614,0.0457763394287256,0,223.50464568251243,0.2380736615420074,0.05665531867445655,12206.015923190125
181.0709374310748,90.185707187651,33.240479874441434,0.9471331577598828,82.70775995118038,0.4893308316242359,0.2839173996644306,0.931922435685587,1,159.78497705498324,0.7536072475913773,0.35040129433384953,14975.971627184537
164.32145137289413,98.88642669362956,35.72977746825928,0.6299150762622066,305.9684292949227,0.8133433290451083,0.2429975928608297,0.62793749329946,0,498.0974778151496,0.4303225440976804,0.6157028579177333,50277.17637602644
168.0245842994243,92.26900767243808,32.76937968382264,0.3800731999189389,301.4066497717552,0.0987529686816883,0.2485493107511796,0.9940619833831104,0,601.0235418487247,0.6417412997756209,0.07420798638122185,50643.72703298134
67.59379693746575,99.29280651685808,33.59108525078194,0.5047118657966415,432.489095199318,0.0695918473963089,0.3787063575653773,0.537356404772887,0,664.8898804991024,0.1720707813787058,0.04323697235260717,29233.580078570994
154.7350339040107,97.17434450878254,37.011473286428014,0.825116309989203,498.19597292574736,0.1536315203932666,0.8181097847441675,0.7101108919062131,0,851.9703596041334,0.625864208475314,0.02794407031441208,77088.3707615071
184.58875310168227,97.62653489911484,33.96254903600983,0.2454544546572677,278.6707879520664,0.7644001113893061,0.9128586899643872,0.0562095578662221,0,294.33474973308375,0.7292098525204361,0.06661082709783245,51439.49327393524
146.6038910914517,92.0146149579316,34.92836093761798,0.3635520602142343,205.3418139679029,0.723995384144738,0.2022150874589733,0.6317361768234109,0,335.06366646596996,0.5719790201699885,0.5775925942200167,30103.90893147157
132.02578962432187,92.34194425616812,37.64684201087504,0.7115572204628998,133.65577020032015,0.5650177689061106,0.5429499379481127,0.7646496115903573,0,235.85560297080502,0.6211490683417091,0.2582414063389567,17646.008598544176
182.6600064961146,95.21267753824064,33.36289453302168,0.3839402858340015,52.15992116781683,0.4682264040926324,0.6368989721654803,0.7785142948525573,0,92.76716541534473,0.7132117949880866,0.17001348858529597,9527.531539350248
114.79651143414888,91.72099852649862,34.33775610414806,0.8132515136753193,279.10116161999565,0.8883258147026221,0.5218274743638449,0.7701116522302854,0,494.0402183345624,0.5823867010346244,0.4247729984041479,32039.839691194065
135.9046314519146,93.05431692683032,35.63874665326127,0.2174081384596247,299.98340001616805,0.7666978238334825,0.4340763941969195,0.2262826272936676,0,367.8644319163138,0.5785878147161597,0.4338923970252194,40769.13342088959
119.30566962173944,93.21462477947804,36.53203357702383,0.7864175534091477,421.2223159178288,0.8119422513018052,0.1919755058592378,0.975398477605226,0,832.0819215974266,0.4519331400866647,0.6560692268796527,50254.21046019644
180.9342398836404,91.59629933252764,37.40992032027623,0.1615165433655096,277.05963555176027,0.8132623013506542,0.4882193591992385,0.9951821206249388,0,552.7844311997337,0.772121014410079,0.4162119017243398,50129.574560996174
65.27143811334348,92.0518283339516,37.49283792544109,0.1113333514007453,462.4107568997254,0.642717154745558,0.4012148277113289,0.0755958751616012,0,497.3671027516986,0.3894440309614121,0.38484950223720343,30182.215101924743
122.651159611422,97.88551842008256,36.65984044623573,0.908401166948946,332.637564457146,0.4580146243159458,0.7955633625022697,0.9364464228117572,0,644.1348217858557,0.502622517783785,0.09363496971993816,40798.383010988095
147.73857958703417,91.67195854547268,33.36998501955986,0.6232052952390688,428.1513071994874,0.8646777525856504,0.7636043591629952,0.2894491943043693,0,552.0793581087415,0.7540524463615147,0.20440605143998591,63254.46597398419
161.90738268700198,90.28457391843922,32.1488559802554,0.4166442073781303,116.7357806634862,0.9260074176032508,0.1339986812056707,0.6892840817509648,0,197.19989604559933,0.6488498436825224,0.8019236448577464,18900.384713148986
133.70751740495842,96.2935494262894,34.30264358213374,0.3093351732674654,434.9012586360416,0.023806043258343,0.0885190525630675,0.3381109207361321,0,581.9461236227763,0.3711065468095486,0.021698754863839077,58149.56760851685
177.70389545639628,99.7598311939245,32.84929310592694,0.6551972049347345,353.8147344997318,0.0515548732662513,0.908153943227503,0.9677543233731216,0,696.2204734849604,0.6433074122598507,0.004735111816911006,62874.25659047295
182.16884532932264,93.31213814623122,36.26232588462979,0.5581019651830644,126.60486459724876,0.9587432969084372,0.5355083889644977,0.1015038583035354,0,139.4557468338662,0.7384272053555692,0.4453282185504889,23063.461996756047
63.683095131133776,91.18655703196252,35.9667835209543,0.9924379979769866,135.3936011657049,0.2771606138441947,0.8578009372825907,0.497746816956376,0,202.7853351821956,0.5477022272810589,0.03941197951082632,8622.28358318237
109.32002283808556,95.70387325367533,32.26382984972873,0.9848943879883711,466.9252785698996,0.8733694396494187,0.0581511205664011,0.4280477919420746,0,666.7916130636833,0.30741010803774577,0.8225820280653552,51044.282116940885
58.166967932355846,99.06354211095646,37.0195626747857,0.6715221095274486,64.4969122026678,0.3887951189614026,0.5265156165216303,0.3260234522779849,0,85.52441818025166,0.19535358637549777,0.18408841720083913,3751.5898238285486
99.4712487455498,97.84061779828478,33.49245959774709,0.4985834554953015,258.14072448306774,0.1191000576093556,0.5394265145762364,0.6455339908801486,0,424.77933656731534,0.3584113443487989,0.054854328647311955,25677.58021641167
127.4772094260313,96.22515868412717,34.59336245294625,0.5420268722211959,191.0638804703457,0.0804432002093342,0.8607020325421499,0.1310557434216674,0,216.10389936641548,0.5863454849280816,0.011205574284965152,24356.29030446847
177.9573156188431,93.150564966076,36.00760241273446,0.7142311596131757,349.28484799929265,0.1565078990804564,0.0976099982297075,0.7166624181336969,0,599.6041717839265,0.5994256024713429,0.14123116332827781,62157.79393628976
169.2848335328294,95.4188017327622,34.57651272111352,0.1914170898118432,427.8332244060464,0.2498931948673647,0.2404455636759093,0.9805921238047872,0,847.3631145606215,0.5484323273507062,0.18980748476870735,72425.6761733912
72.21246310071807,90.91244841304255,34.64772681679966,0.3955168664296463,212.1701547004563,0.4885183539308262,0.4065383138870131,0.8045587144686301,0,382.8735016148658,0.44584320327908494,0.289916926020929,15321.329467380345
67.55910059002092,96.7894542428067,32.393767972014444,0.1677450169032434,242.10593929527676,0.7014979005657835,0.8658414754199422,0.8600167529095454,0,450.32110306811614,0.39330451138084077,0.09411192333591364,16356.459506291101
134.55109073215004,97.2509601889765,34.40866129556002,0.1660246835652276,491.8630030256364,0.9863985764853,0.938883315070567,0.3596367431790025,0,668.75501152402,0.5999578297156956,0.06028541101389331,66180.7035478902
126.83592628193566,99.6503162290992,36.58908735931991,0.2762553177048104,402.7624293556413,0.441506743289171,0.992724619593628,0.3248866064812187,0,533.6145482471272,0.5211657476812124,0.0032121295094071425,51084.74579888544
90.96098159305322,92.60397358745072,37.49105802311959,0.5367279291339042,453.7418589193061,0.5181849423431099,0.9591934864585216,0.5170483546901332,0,688.3483405275758,0.6164110834987768,0.02114532086671429,41272.80487715675
176.42616641476775,90.18456419043022,34.48098282238023,0.8062968890465104,247.44299929323336,0.5218157013832556,0.0059417558443544,0.0457266147622726,0,258.75772999753633,0.6564790625983589,0.5187151998898858,43655.419771477245
180.1944652773097,95.4560846442715,34.54151496127447,0.5369463020492853,155.33429179285184,0.5394343554879361,0.047708341453872,0.9453581344565326,0,302.180828099269,0.5218337980169044,0.5136988370643683,27990.379648842532
109.35254417592196,97.06790504396814,36.21576263794192,0.4019289495047827,235.3385594239033,0.5177406571044623,0.1476068191575886,0.1437851730161922,0,269.17675490805067,0.2933702472077446,0.44131860556071284,25734.87021570022
175.19084521032522,97.90407475882988,37.65663200663166,0.1741176913030823,372.24136302418106,0.0087747550619178,0.3488620967702731,0.9030130391680924,0,708.38016755272,0.523813181731773,0.005713575612371588,65213.27901044978
106.83310072550132,91.93738933024812,33.60236564143616,0.5952659708648166,99.2436821761907,0.0017248221098407,0.8299180309869587,0.0835822220003557,0,107.53868965197381,0.6447056702669505,0.00029336114063893443,10602.510294298621
154.4702722970095,92.61752869037024,34.64086523922762,0.3441417278348591,171.711097527429,0.0976663181261229,0.8926561953354805,0.8226249276785601,0,312.9649267125364,0.7843215106638977,0.010483874175233361,26524.25999148031
119.25219936894275,95.12590925267295,36.77583946131381,0.6534407601254327,70.98615520771567,0.1015566034291788,0.186834406294583,0.1519625258782151,0,81.77339065546316,0.39282085565480773,0.08258233572219376,8465.255133265224
71.5487261284697,93.30600809970002,35.65816141624423,0.9794689652191764,244.5564822521592,0.7048969089547961,0.6196641516197087,0.0381316140914727,0,253.88181565696664,0.43591515947683646,0.26809756388796735,17497.7047716017
180.2711171669979,98.60511486587446,32.66351806378373,0.2001828893297951,422.350581190826,0.2049160325159997,0.9173619850652766,0.7194894502594087,0,726.2273686685552,0.6883661104111949,0.01693385415542146,76137.61110740106
116.30304010596744,94.7376015373872,35.76639641337359,0.2909128588497459,61.09865973410486,0.8947141047556129,0.4637317359313208,0.2802653001744283,0,78.22249394473901,0.47881105975890714,0.4798067797950549,7105.959873476455
154.15575044352448,97.99578644102004,33.12047770758396,0.5257850842894373,353.8955870632247,0.9286063295770196,0.1035435719527839,0.7144961527843495,0,606.7526225072576,0.38510241804245593,0.8324551132746509,54555.03980238306
104.56846494822445,95.80619760482354,35.06129560447042,0.9717524338113366,469.6231435311829,0.9758933378958988,0.4578136500846249,0.5550852504728198,0,730.3040237860226,0.4101488290613289,0.5291160467805093,49107.77122321547
57.54891860779168,97.73090141617112,35.17461960596263,0.7946287986429961,156.61753768003203,0.93908130488702,0.3757949022880572,0.1088073902300655,0,173.65868321925527,0.18833516392607272,0.5861793376764611,9013.169928500909
68.57159842339784,93.32672986530324,37.25722017334991,0.9084062738465472,362.13567832744167,0.2718883219185246,0.577657996066007,0.9321300733011636,0,699.6932347117665,0.41386491689466964,0.11482985872532027,24832.22230905411
121.9896297311398,98.3141662193031,34.774965644074626,0.4003433636282136,488.79585549509017,0.5097768447035125,0.4386586844071036,0.4523141747634775,0,709.88514950116,0.3807141676893809,0.2861588046646653,59628.025425961765
148.14518821205894,92.74572315551022,33.676654533415366,0.992834626400735,483.0251270686084,0.175454970196941,0.0173459268537179,0.734447277798688,0,837.7816167525132,0.499126447604475,0.17241154111778362,71557.84836073268
100.18926908820268,95.4609880800329,33.38579808929619,0.1925495344577416,155.71813686311447,0.8062096551724331,0.9939977334136711,0.5010205720156251,0,233.73612686747947,0.5683910024774854,0.004839085274817202,15601.286316092148
148.8909419889828,92.14007113173874,37.245511260106014,0.1476756154414907,95.14897394543092,0.8884317051440961,0.5435402377305709,0.6043614749612047,0,152.6533481801368,0.6773882548650455,0.4055333249226976,14166.820360020392
149.31580457331407,94.75526521626192,33.02606512650937,0.8700423643486253,116.72714205316215,0.8512888392975149,0.4736307554846095,0.3027735923566924,0,152.06903817812798,0.5791193767386198,0.44809226320541656,17429.20713121143
150.03134748925714,93.18175209508703,34.55521136529886,0.9345383831862876,365.916050816964,0.4333669486968349,0.954617371504054,0.2003603040034502,0,439.2311019983929,0.772802063413802,0.01966733123513014,54898.8781720166
121.49045029276864,92.66703430637214,33.12303868956168,0.1815268217914916,376.591493953974,0.758673884686781,0.1558603675870771,0.5425702034080678,0,580.9188174303298,0.464024171084652,0.6404266941407836,45752.27017689476
178.50963026640304,99.66985018028038,36.63982424068625,0.2020846840712573,353.4064527326896,0.0975791695762694,0.1892376025452482,0.440218972971002,0,508.9826783959992,0.4327240431848375,0.07911352146729995,63086.455211073466
121.04152992738312,91.6007410548673,34.846235839847715,0.1298567419801964,201.23527448400716,0.0402447706192506,0.8080147490627835,0.3901132134339331,0,279.73981406922275,0.6903690920380344,0.0077264023862475455,24357.82549890111
115.78580112204617,97.87325837457396,34.10686214334087,0.1940568063784516,126.39962289115496,0.7532364143087609,0.2608310800250087,0.672567195094623,0,211.41186272007715,0.3222181530837444,0.5567689468504419,14635.281597976902
81.91641056643465,99.84164959483216,34.1665978437588,0.2884778351202528,311.3424913785139,0.4253552743286837,0.7992271062915269,0.6905066320111359,0,526.3265465022477,0.324201405567923,0.08539980928113121,25504.059350538984
96.53343679310544,90.19901483740078,37.11328524033787,0.9730689570190008,267.6562005910399,0.9955492647395692,0.2715334829085025,0.045920056091263,0,279.9469883353548,0.4988736039548202,0.7252243054778351,25837.7729220379
60.71515648997095,96.99027414042096,35.322643725766625,0.7010742000157124,377.97536620503655,0.0972542158555324,0.0331876302250014,0.3387444942436721,0,506.01244046672844,0.1171866367550828,0.09402657890189653,22948.833508492873
140.527264638183,92.52911805556288,36.30720710678758,0.8006977229666878,248.61203540852964,0.8556276815352337,0.517014723886716,0.4117645502263773,0,350.98165834938703,0.6329495085613459,0.4132555720164639,34936.76929209177
88.55232543015754,90.40487824328304,37.3822310975041,0.79852546332237,202.3878626089108,0.4799830655289917,0.1966864341268613,0.0968921611641681,0,221.99766001048494,0.4465750399336406,0.38557690792881477,17921.91587285828
96.0609593555378,94.0288957895663,37.41045005624385,0.5815663748012931,182.06535981155648,0.827150195503877,0.7578462929324711,0.2359008666982883,0,225.01473598683836,0.5283242329111658,0.2002974861428951,17489.373128909294
159.05996042468337,99.35217810170874,33.97105432602718,0.8177400799417155,145.16164402238593,0.8171272821701449,0.6411996332321481,0.0516417972227566,0,152.65805220751196,0.5201947036196188,0.29318556853866595,23089.40535338268
99.17485972679629,90.11765094366996,37.71470757887831,0.6362267791509727,169.58586928399762,0.9159920013620774,0.9236026679779178,0.9962420986170206,0,338.53445159527917,0.7047691065148832,0.0699793450576302,16818.654797887277
87.6964454217742,95.87885691929782,32.14925529208763,0.3830914878430218,92.6736974798456,0.2978500112861028,0.7829883572657359,0.7365572029698445,0,160.9331768844742,0.4555001293043493,0.06463692023761626,8127.153853075293
77.82279613305028,95.01396478595323,34.261013366097,0.6049990978915607,206.0856549180003,0.9497993534620032,0.1807759548407268,0.0874501565027536,0,224.10787769355193,0.2715448754369391,0.7780984684328045,16038.161908629687
159.60588429456405,98.73384164371048,37.37479314505305,0.5801577275210621,66.45641556333119,0.1516669603576202,0.8001582366647964,0.0202493797900921,0,67.80211676156127,0.5880744024622138,0.03030939279755725,10606.834973032504
72.51034482865363,90.84001714520626,33.6478212789019,0.8411077483833885,133.88623122484705,0.0819687775934905,0.6417370448140233,0.7192878001522802,0,230.18896395324683,0.5194616195216137,0.02936637649362598,9708.136793922513
116.25675763379772,96.8152602988665,33.63848870192791,0.9835544956434932,386.0467000787431,0.4316155173723491,0.6689516417606249,0.4391921656826669,0,555.5953863409733,0.47783081098771973,0.14288560841675463,44880.53764638183
123.43556567042124,96.80109698433276,33.81573371049133,0.4699383088788375,196.4610449044802,0.8283229686418426,0.8322628859701487,0.786796709064576,0,351.03594849471307,0.5485318211797078,0.13894050424462165,24250.28020998654
147.79763821257148,96.69080016862284,35.67388030908153,0.7870516105972237,350.70665763980475,0.4734211306334456,0.5738240691889402,0.9234760378183836,0,674.5758522735399,0.5465367586329016,0.201760691013333,51833.61570458803
140.49327011495438,99.42334494935037,34.62999665368612,0.1897867036343202,372.5978790187748,0.8292866775305141,0.4660035143530129,0.5993003890163725,0,595.8959328614018,0.4104555888839295,0.4428361713951608,52347.49446124382
164.4472908475986,98.2308752900688,36.36040901812005,0.7991482325034597,311.5334042294511,0.7296868057943052,0.636641035358728,0.187108422917253,0,369.8239281808668,0.5684801860181681,0.26513824226581567,51230.82433406304
61.04144358004215,90.41972726243506,37.36946385538799,0.4342752207939089,481.4139836144293,0.2094283861389335,0.2979574289583591,0.7821940360464525,0,857.9731304670005,0.39495191300505794,0.14702764265407842,29386.204519443523
95.01949784521862,94.71082850704514,36.04519624965717,0.135451146600718,59.64793998040096,0.9488816248994638,0.1825971310870993,0.9558117431743745,0,116.66014146982847,0.33217798878353116,0.7756185624515567,5667.717304439439
92.81810603467628,93.97953056201334,33.22680032118545,0.4269215607059595,382.393692764664,0.0607811686294034,0.6165878380712464,0.580231287059956,0,604.2704772811144,0.47781581713008603,0.023304239268755696,35493.05832202201
74.7122822549346,93.101472210908,37.59609141416301,0.6495784758294803,481.4539897731836,0.8982797075437949,0.2338483690854776,0.6819974472807335,0,809.8043817816192,0.3356929388295,0.6882184629520988,35970.52637669849
94.03906427061985,94.51336725154096,33.58695724008487,0.2073251509133199,438.0222782088227,0.304443448990374,0.0799151093466067,0.337474695036673,0,585.8437129666138,0.3043981716794814,0.2801138174744502,41191.2051724428
96.81831740929196,93.84194184925975,32.899365771968945,0.9316310431872292,125.551711312256,0.5001480831643993,0.0005541845852539,0.3815276946603112,0,173.45316628987794,0.30899760315080105,0.4998709088063653,12155.705437109795
125.45440236020956,94.32333899878664,32.539803673165764,0.1699051719455547,197.06913781327944,0.4223518727007345,0.6083194014000671,0.7346544978530639,0,341.8468662958305,0.5617610418223875,0.16542703431922634,24723.190908006745
144.60010465504456,99.79261865608645,35.380302443997,0.9370060478498496,127.60332794440944,0.1718345569169161,0.3621487834802368,0.9277710984068192,0,245.99000767175974,0.3803819391659473,0.10960488116958941,18451.454575093576
106.4485693375949,90.8863297474958,32.68257477488391,0.7364237661421178,320.5887637166168,0.3581468664016931,0.752310970673456,0.6289883872243522,0,522.2353731689806,0.651855454246914,0.0887090496953788,34126.215243342114
152.12848122730645,99.2223086983873,32.83265530467578,0.3967409578727833,370.4845918907715,0.1929344362927952,0.3751763983131024,0.7898479084853475,0,663.111071921745,0.4237397994029998,0.12054998937389558,56361.25828246153
100.3823207082433,94.80236713471028,33.80018288357298,0.4516753129381839,192.6831962133762,0.2038864754605238,0.4860034482382267,0.171635017415373,0,225.75437995110872,0.43634878564946344,0.10479694533757064,19341.9863973805
94.18829643749264,96.2374224549954,33.689918058106784,0.7667284282594697,292.77795829293296,0.1870568360263803,0.4070849728153849,0.2119590902579735,0,354.83490798029,0.35120412469217943,0.11090880901764935,27576.257126058626
128.0603875406983,98.30182966617694,35.625437061992855,0.6413239907930867,360.91425653203777,0.4890173803465942,0.6505747911093461,0.5320346868333901,0,552.9331599797663,0.4626568533845279,0.170875000278769,46218.819560455755
58.20170864128173,93.60463029149255,36.90047167683609,0.7044786293094507,239.60291747497172,0.7979313675113155,0.3561391620149682,0.1765541922428405,0,281.9058170287933,0.3083192187284384,0.513756758940378,13945.299192479375
65.77153169059005,94.30421908087968,36.56809793721735,0.450248154862132,434.3069887049567,0.568970033761241,0.9637676499423088,0.6349950702209236,0,710.0897854950987,0.49203481169831065,0.02061512143557367,28565.035871052798
111.42588838418116,94.09518480278714,33.57490672829886,0.5390321336268391,397.1974708795177,0.8932065885508419,0.93614698659853,0.291653185394699,0,513.0413784922472,0.6253739029935097,0.05703393226901819,44258.08105670019
182.29321603788716,93.7473102253576,33.47186298791588,0.990880735634104,79.0994947327568,0.6365444885767242,0.8480279026572813,0.791532618666892,1,141.70932493380383,0.8194800058021552,0.09673700098095299,14419.301281806152
152.40409027886218,99.25529321646894,37.79474918064181,0.2925305834497459,329.50638459087304,0.6893401156326044,0.920300270572748,0.8081103466143434,0,595.7839032542427,0.5871032342600169,0.05494022069926919,50218.1207846489
66.8970868825753,98.28929891193012,32.04941744955176,0.4760705678699183,155.89649793188732,0.6676072297270031,0.449139688459391,0.4637874557553531,0,228.199338068887,0.2212788289291195,0.3677583265541799,10429.021566838686
169.25293172541797,91.08999989862976,37.27832319836129,0.3626408688165705,300.8832191002739,0.4494591931837411,0.5364303967894921,0.1808106350376352,0,355.28610501796237,0.7671623725181835,0.20835561984350187,50925.36693970263
153.86060403210445,91.08123352477097,33.19837111473443,0.7886003593958648,480.5997991848348,0.6893388222000828,0.7420925925582444,0.6467749610819326,0,791.4397155985909,0.7834924702567809,0.17778558848257664,73945.37540028678
137.47778096985817,94.2786951485299,37.68370593853861,0.7876113630991486,445.57790204851256,0.0697077464689611,0.6961459249385411,0.9927870182635864,0,887.9418588273998,0.6250943629469581,0.02118098282794485,61257.06122283433
165.73954968223893,90.9865737673281,34.05384370896512,0.3632009148976562,232.0323814018093,0.8598514719156631,0.8906785956054708,0.6225908979425233,0,376.49363009050376,0.8661278362347362,0.09400017048052338,38456.942405233385
109.55482944529922,96.1909309527112,34.64211064335952,0.1732512849696846,181.18123625495903,0.7778121434439174,0.7163310272566953,0.0357746907140078,0,187.66293894516176,0.49092987545661226,0.22064117171800401,19849.2794366005
84.90264186527011,91.43691607261734,36.24272368366629,0.1102894090049836,155.48258498371655,0.2452299582316788,0.9978847082284604,0.0172939757670825,0,158.17149704062828,0.6451142191399812,0.0005187329127824635,13200.882229158911
124.12315752968252,95.223732639668,35.526014308839564,0.484705479918237,289.63169139043407,0.7680324542540824,0.348505799831591,0.3203619704923062,0,382.4186707612931,0.45282421748676327,0.5003686894876436,35950.00005604324
129.09363700511898,90.07219947003718,33.90763597824094,0.4693038349021938,101.41180396612536,0.0126426014000184,0.8329977422394179,0.1957838068604048,0,121.26659300719447,0.7676497093258579,0.0021113429777701686,13091.618609237272
127.67406022133812,93.16596348412646,35.32298549520694,0.9895508907758768,297.17375365771187,0.2172465724808804,0.6976348228326642,0.8130512071433081,0,538.7912328004226,0.6299014477919244,0.06568779837717785,37941.379720695804
131.2849618498142,96.77190723672656,36.38424130617732,0.5228218681279116,50.600137770856406,0.0651372386708959,0.6913864452150186,0.8448056670360005,0,93.34742091247827,0.5304159085782726,0.02010223477510294,6643.037156842226
183.0751639622894,94.84038940227848,32.25400967541496,0.3307765326178786,195.7323338356302,0.7802269166178947,0.3258355948449989,0.2586187713104761,0,246.3523895179328,0.6323063964742007,0.5260012151276235,35833.72910967956
176.80315911799124,99.78269485998987,32.06719583153423,0.9021064969283208,148.97044122376155,0.7558741511783872,0.7856017924230225,0.3256447769498927,0,197.4818873282005,0.6031846741634707,0.1620580631664155,26338.444623562074
173.22179993545683,98.74103796066213,34.74840163443735,0.5419611546882206,487.0484554823519,0.8136360238018306,0.9003760223475992,0.2362469677151146,0,602.1121762203876,0.6582891335988166,0.08105765705242185,84367.41011443721
163.19126947266466,93.59070779043152,32.79101970682108,0.63925807168952,377.2590438064905,0.0044816933255288,0.2185484615205629,0.908382547371264,0,719.9545750382777,0.5787108473367913,0.003502226144227506,61565.38227882479
182.36279448081356,90.45486541472276,35.986065748788285,0.1861018393853914,207.34402120800695,0.501232726678408,0.6254968371167041,0.5026493346222822,0,311.56535550612,0.8518258873090148,0.18771324148168236,37811.83512638122
68.29677662671943,98.4562630011502,33.2843147373646,0.4446247665967966,91.78028893877922,0.7048361975173365,0.3921348291027752,0.6561370440820199,0,152.00073642806353,0.20331158113504477,0.42844537565842583,6268.2978923875735
90.79164029517484,99.11234310314671,34.59710664077403,0.949801307026408,282.5602676107808,0.1554011287390154,0.9895481192948772,0.4154820866996033,0,399.95899721610635,0.42951610862760514,0.0016242340590216222,25654.110178626353
121.83255266336896,98.20627393419036,33.18602562124561,0.6305548457578829,146.05154659671905,0.6497907275126247,0.4788328158316816,0.6310141935045311,0,238.21214548253715,0.39554162251352243,0.33864960375643766,17793.83274231126
169.2821565716597,91.27949940919764,35.29090151449475,0.4100516696282155,291.393295654261,0.0841100993096857,0.2283201737969427,0.3858553767217361,0,403.8289655231241,0.6691237317030841,0.06490606681722015,49327.68549887654
123.19737105556888,99.97915134412288,32.696320756307415,0.6631004625684338,425.9130593805016,0.1813258561043131,0.3818576252218325,0.3396784377292254,0,570.5865419993452,0.3172412413458483,0.11208519530100439,52471.36921391219
155.9846898111145,92.58584221552772,32.138641116724884,0.9193699806203044,327.1066484456234,0.475796814994601,0.6538383898166262,0.6344800731734802,0,534.6492986869343,0.7181175935768868,0.1647025915986519,51023.62909294385
73.75958720860369,97.2420491280837,32.306789828640184,0.346591540425331,335.204788795251,0.653565152681102,0.0760893713495762,0.5910620780489892,0,533.3316278325445,0.16116564882918039,0.6038357910776072,24724.566851884894
89.07586475183562,99.08034876335722,37.72555064909186,0.554605046623607,293.4636300782652,0.1458691269538961,0.6036019202212376,0.2935279541679496,0,379.6034090378384,0.30960673449699233,0.05782224182352892,26140.526622434274
153.78977283008578,92.35687114330707,32.85371731166561,0.9628215885205798,467.2695346841341,0.1852233308309379,0.931224759178898,0.1493484503194734,0,537.055515570711,0.8017043491135619,0.012738779183584396,71861.27558949287
77.23909119984275,99.08258554677066,36.25086951882101,0.2551565289686074,469.35620798927147,0.204446367065663,0.8503627876578504,0.3685766938381376,0,642.3499673623625,0.3484766670575763,0.030592784441185662,36252.6469540957
102.43305117841513,93.09481579194868,32.40755722533696,0.7476975330370403,280.7254404830985,0.2387008046989784,0.0676735366579833,0.4151976391419092,0,397.28198061875355,0.3682210523588378,0.22254707704189197,28755.56341208836
90.75694480483214,99.76413222384056,32.648962113411095,0.6530329073826842,187.591769214577,0.2265538485262912,0.993389878739068,0.6286843334246048,0,305.52777559918565,0.4109872435064324,0.001497548410889598,17025.255844448173
102.2313287200346,92.81260020380476,35.05325750845601,0.7117076180265713,256.81415264574974,0.3951491084976367,0.6987269237038791,0.9145287636368638,0,491.6780821493161,0.5654162771487912,0.11904778751275265,26254.452059084786
150.623746625526,99.53435824757835,34.789225580926065,0.4160976676008127,133.95106048802705,0.6537896508367229,0.1622808243140237,0.0361847975329251,0,138.79805249110692,0.3460368221917366,0.5476921273709618,20176.210595169094
104.65936945427812,90.53544650892675,37.709481856639215,0.3824914361353885,336.3549418931402,0.4380317831344696,0.0124160891694234,0.2436610125418449,0,418.31152760827615,0.4351226331000921,0.4325931414560305,35202.696131366414
129.96054855207194,97.09272011669812,37.66901271812442,0.7157887035295334,275.041551102005,0.7759739087498881,0.1712826362921513,0.1937159422795603,0,328.3214843397617,0.3608218048020585,0.643063051965282,35744.55085582929
68.4908034023453,95.32111133837005,36.6776518552548,0.2939889565940908,96.48521501597595,0.7192685059486148,0.8381759206857385,0.5022944086937836,0,144.94919904011817,0.4318732534687003,0.11639496375487898,6608.3498928922245
163.67738858667474,94.7787707712273,35.612610980764096,0.4776892703731046,138.94150150382688,0.1265269140490756,0.0216393249451637,0.4297008070431598,0,198.6447768318097,0.48539204215208986,0.12378895704165885,22741.582132457926
104.93496446249684,92.2349431425584,34.729761904358064,0.2693571814476262,265.8343802897871,0.0488416233207439,0.2331473036180865,0.7290376238201884,0,459.63764522596574,0.45110929882365236,0.03745433053918221,27895.321248618675
142.55211146950123,97.05595789776493,34.13707120597053,0.1074743570109967,449.4150458234863,0.8779415639996061,0.7573055953348754,0.2424159125448638,0,558.3604042681785,0.5750617385222647,0.2130715052056528,64065.06370830062
152.9275962243474,91.90809491446308,37.68252528185333,0.9730516240342624,304.87582428399384,0.0798310665628734,0.5861105358981351,0.5944983657497586,0,486.12400357743877,0.7090944898044447,0.03304123735838798,46623.9269546677
83.30422448507956,95.52841795984769,35.61745286854811,0.4885326807907771,356.69075009381186,0.148339180719713,0.7827357103601918,0.8838572635999593,0,671.9544604231453,0.45292975219290843,0.03222880672481957,29713.846317566316
174.43112296870223,92.53245363040251,35.47443516611597,0.9724146529778428,202.56284738475935,0.022133275558118,0.7461505038267879,0.9106777399183048,1,387.0323234325285,0.8021009681228531,0.005618520849091124,35333.26494106142
138.19027396693866,99.55621379781356,33.39140673061349,0.2262911677910435,307.13512686990543,0.6283363652986538,0.0506013871218047,0.9587846047250312,0,601.61155808304,0.27501638592502636,0.5965416736354688,42443.087327022695
112.87789413645,90.28631193835652,32.28018690731068,0.6286301015117375,251.32092018713035,0.5823705631583486,0.8925114190941515,0.7732611520799886,0,445.6576244728336,0.7309992992372882,0.06259818539523068,28368.5762231581
79.61524978305964,91.99728280111236,37.671131478557264,0.2808766295121156,346.6084606804223,0.9869036664352556,0.2270318342822687,0.905987906258915,0,660.6315342639036,0.38135104963813493,0.7628451167845632,27595.319173993626
182.2106266166629,92.42310606387449,33.882411553067925,0.8110667142669472,72.75900473555467,0.886932396317172,0.5533924402297637,0.2345308719852742,0,89.823237560965,0.7706211582866151,0.39611071320038027,13257.463844870159
156.9342075577694,94.14067825767816,34.65553413994675,0.8053326898848777,271.98509730753165,0.4108431774809097,0.6442881565277788,0.197580944350477,0,325.72416968281016,0.6713630628318805,0.14614178403971934,42683.76571348028
83.0833159689886,92.32730241870054,32.68783966151424,0.2013464341353806,183.19668131478517,0.371585840912535,0.1686282108850954,0.0064880837805264,0,184.38527673146987,0.36419816810050626,0.30892598536922056,15220.587758146406
100.59095458777033,94.91349090268784,37.02154597945575,0.9208580075887502,196.7832775750592,0.2968520342799851,0.9762312567009744,0.7068443574290983,0,335.8784269653938,0.5806976896724696,0.007055799800594502,19794.61773818538
164.3060248418899,98.7246552325854,32.16579099713558,0.2751666824829021,482.41284420112765,0.1524069200378813,0.488155956087309,0.9374671878137444,0,934.6590566195888,0.5086836341497691,0.07800857427246731,79263.33676335723
148.91648453407078,97.12063421409172,37.00394457259458,0.6516796074304243,132.21266572012223,0.138083656602009,0.0576426955973934,0.1869353450416764,0,156.9278860053931,0.3820878464731184,0.13012414241752437,19688.645389918853
158.38087951662277,95.79961980535111,32.8417100767278,0.9870702580789336,190.0603636603686,0.1322837080096054,0.9372620447778404,0.6369435754268788,0,311.11809123713664,0.7137124890855251,0.008299209349727863,30101.92755777835
114.56214879874588,90.8900317798268,37.319384675786914,0.8941568812897275,279.4516590788923,0.1141147571867785,0.5862678431932681,0.7464597592217775,0,488.05107722904853,0.6259847218061049,0.04721294461436238,32014.582549452465
151.72429545669252,96.93992108389276,36.37863582401695,0.960907535705052,438.3621266673306,0.2405120424055369,0.6991931979813764,0.9276142351480564,0,844.9930755137218,0.5883052824368904,0.07234765832297715,66510.18482349813
107.17665258662836,91.6641428431094,32.98802157504383,0.4083388940963075,237.5015374428667,0.3066686303131164,0.5251757899342241,0.6468602240172217,0,391.13183515759397,0.5625093043597589,0.14561369014037898,25454.619767304233
83.52049378665652,97.86367385961698,35.39490795715681,0.195018077997517,384.739376399677,0.961578971038916,0.8347379547769676,0.9702937327487524,0,758.0495820619468,0.39902482261848315,0.15891250739735036,32133.622696071325
140.41139970358358,92.50056758510154,33.87593788613132,0.2695121859605051,435.368344196661,0.5784732510018857,0.0331334621932108,0.3446731410125477,0,585.4281188883562,0.48829924156476145,0.5593064294100311,61130.67859528472
186.7618799558372,94.170487283209,33.0693985934695,0.5504454055689525,189.507360119832,0.987595774513281,0.2683783652771477,0.3499285337714076,0,255.8213927854549,0.646121432015226,0.7225464349947881,35392.75084144767
96.9311311383695,93.50470202317928,37.15509319646665,0.81390671044599,226.73758259241947,0.3724669478256732,0.4696483564026922,0.5430125100143456,0,349.85892643051415,0.4601903590592531,0.19753845796501845,21977.930352262694
117.23089494869284,98.58813914674856,34.42113659904338,0.2351382797654877,210.45030065976036,0.457626632589441,0.07660361631371,0.3835018811159071,0,291.1583868441867,0.2497603283354892,0.42257077761162426,24671.277088565188
145.99018509443022,91.26544458713408,34.391262286192294,0.6937583790346814,424.78511387806446,0.3245786591652791,0.7059066693266582,0.0014257282875326,0,425.39074203104315,0.7437707973709746,0.09545641893940432,62014.45740041725
128.10334808653585,95.65644882384788,33.01932004883972,0.3912198436355607,69.95608787912052,0.1828876508965526,0.3936634140556407,0.7317720250869874,0,121.1479959735878,0.46517313001251365,0.11089147385599953,8961.609076351268
168.86275242072165,91.42061609443064,34.298394056514674,0.4070818651529382,188.789489972906,0.1431647077775791,0.272667990268144,0.7517170414784834,0,330.70576683757076,0.6769458335199973,0.10412827463054049,31879.51290492914
157.83526537338463,97.04795836132186,37.229701077973104,0.6957259571421337,355.7338509178084,0.945079197807832,0.0033788468084122,0.7469746046867705,0,621.4580035808409,0.39443223663656773,0.9418859199766223,56147.34676190834
62.8701225214182,99.0507812779448,34.17877226293781,0.5202994775798983,304.44957480440416,0.9868106817987558,0.7198303117499537,0.3450206666104666,0,409.49097005269283,0.2676742151899249,0.27647444108137303,19140.782069546567
189.78686657970948,94.34607653867252,37.709621374998726,0.8308299637233946,246.33021168216243,0.0449094965087315,0.8338093088728618,0.5222894733111719,0,374.9858882022685,0.8194441742820844,0.00746354026295789,46750.23901907416
156.57433125212808,94.88092260264976,37.67785339525032,0.2403266586965443,292.976702249623,0.1503458747317665,0.3950405356814984,0.3599735181766694,0,398.4405565022183,0.5732863262499504,0.09095315984022602,45872.63122718856
171.62694769970528,99.27422836482762,32.86939195584408,0.8109534427903347,138.9130636227432,0.4235240923010226,0.5642179770333655,0.0160364000306457,0,141.14072908048004,0.5366975927267905,0.18456418571804725,23841.225105186382
142.91169113287177,95.20991388649357,33.06386752113587,0.1578117232516788,243.8224797236047,0.1863334763444073,0.2276866259295984,0.5624489412714188,0,380.96017530231813,0.4726937877227543,0.14390783581781655,34845.08291351068
170.5984922863129,94.8759843804956,37.176044421991335,0.2746484922210445,275.76634287935707,0.3638803936268833,0.6221976462801331,0.123760666084011,0,309.895369157658,0.6831576326627199,0.13747486918474816,47045.32231852871
70.17170161537577,95.78329102704303,34.35656551354832,0.6905347430528489,455.5351048795707,0.1290963498596333,0.0121374583152005,0.0800413240914406,0,491.9967378442648,0.17516186304055384,0.12752944829456747,31965.673454938144
101.9446078005076,96.89229736362952,32.02624389369806,0.8694330908599641,167.37582326178935,0.4565117567217902,0.4886438970987584,0.7554990686967872,0,293.82810185842925,0.3789948312713232,0.23344007284585433,17063.06265771019
173.31682738660652,91.06883375087033,33.64323091823223,0.3274116649654142,440.5228259742197,0.2716946161692593,0.6442054818406923,0.0095062024181056,0,444.71052512772656,0.812178459955126,0.09666745504641966,76350.01858923394
82.22345352103045,98.21110527741516,35.58577395917336,0.3944724452460216,339.90863037169186,0.3519050557586608,0.918191773229734,0.9590084436087262,0,665.8838769536218,0.4097795853155395,0.028788728603107626,27948.461470763923
65.56268330830306,94.3550502745326,36.79559579575981,0.583408673458066,59.15337398042044,0.0943126514627475,0.3813358171222842,0.5152553641125769,0,89.6324672291894,0.3151592380697787,0.05834785945223149,3878.25392489592
161.39605689260458,90.72348509897486,32.80033170255956,0.2904155258403721,376.0841016047272,0.4281280507101417,0.7651902029810298,0.9830164307061484,0,745.7809528095346,0.8235073536303901,0.10052866068537575,60698.49105900063
167.790631011845,97.86182669198212,32.66324818650041,0.8300406354287551,65.99834489707479,0.9832576109615698,0.5976870299435008,0.0579975724727084,0,69.82608868832169,0.5777911402122784,0.395577289796607,11073.90393601756
76.95804945563658,93.76949971686273,37.53255592143399,0.7962729805051847,498.8215070662159,0.3288330468811903,0.9270121129250806,0.5835295488659132,0,789.8985960491797,0.5302335269433938,0.024000829292266004,38388.330210337015
170.3367076756666,91.00367495095054,36.506890206935495,0.2307625407692034,442.686509461039,0.876429274842435,0.3983776756594306,0.3493270359759112,0,597.328875677586,0.7315525448800217,0.5272794174508255,75405.76255402621
147.7136524056179,96.3377903954325,35.53867760466847,0.5174467586349689,183.80468639302052,0.8431991416236851,0.319095339872988,0.8434824928142858,0,338.8407214627535,0.480472914892469,0.5741382249466636,27150.461556382237
125.21116223423884,98.80131353433642,36.615120739975566,0.7973449899891593,165.83505358851744,0.9520584182972106,0.8871419986941438,0.3612227352342863,0,225.73844524348615,0.510176672702025,0.107447410215438,20764.39979899555
167.08377602548697,98.87753509413986,34.57312616783983,0.4035965779930733,221.648486947524,0.7901095122670945,0.0492444014082891,0.2604875790573491,0,279.38516471420894,0.380652824124592,0.7512010422885061,37033.86614952817
111.59864865806038,99.57663474808972,36.55073448385476,0.6697961404459585,210.27513439149936,0.659596827058815,0.1363853929336768,0.8575531270999133,0,390.5972334402842,0.22130500733817457,0.569637454622592,23466.420844483368
81.18918409015862,98.67705459766688,34.23081794764722,0.1451918093118154,217.55201827342148,0.8565844442274576,0.0824044345840444,0.374653091653261,0,299.0585545149655,0.14198094997999172,0.785998087427406,17662.87086078637
93.45511134243284,90.02140919345476,33.46456743495561,0.6478198844763862,193.2244457537662,0.0756446806573496,0.8431099565764026,0.0168333198605614,0,196.47705465401904,0.6665555278689026,0.011867897233095734,18057.812091998094
123.1971424695975,93.8024116641339,36.37408052775781,0.2373876820005463,329.5100330817492,0.4628306571988078,0.0106074233703193,0.3902891008393337,0,458.1142076107642,0.3914032963162712,0.4579212164691369,40594.694490734044
126.72965701087873,98.18542579905504,34.51803375294361,0.8475249926030062,123.91864867428076,0.9892562386150588,0.8616571554970481,0.6545222690109419,0,205.02616377734077,0.5255330530330561,0.13685652199229814,15704.167843743182
163.75341156956654,93.66253005998476,37.88826262595717,0.4199045172224306,430.69158160070594,0.7696001512947322,0.4512677953712668,0.2543595388063818,0,540.2420936644527,0.6480357587097487,0.422304387702565,70527.21582140795
161.83261769306517,96.01548506379706,34.096911093848604,0.3533984764553761,415.5811178140919,0.9620753780372232,0.0040252788539707,0.4319875924251573,0,595.1070043559571,0.43749024402066683,0.9582027563620841,67254.5801596646
133.4844852226176,96.06316947374532,37.53036452318639,0.8568000790403365,264.4174435348717,0.7796343561334791,0.4016451772120418,0.0567151382822255,0,279.41391540918454,0.47130337209762285,0.4664979770036518,35295.6263341329
160.4060402543393,93.65025304038824,37.59777529140248,0.1451296207646292,433.7284843753464,0.8748819674421442,0.1868008410450355,0.5880927915139572,0,688.8010795107616,0.559140879541395,0.7114532801088164,69572.66872416539
80.88941686964559,99.04473927281288,33.45111768238848,0.4569479194009103,161.21528151363196,0.706529632303191,0.624400487472163,0.7562949238603938,0,283.1415805711162,0.2926465149433104,0.26537218547955044,13040.610112113443
61.75871115759474,95.03228345386115,36.78932708952808,0.4330031865175282,57.904455066785125,0.7605020044172398,0.6793587899216466,0.4133125614011103,0,81.83709370697359,0.372946098039444,0.24384828296335706,3576.1045152075058
172.9405660556845,94.647842059375,34.59844703086739,0.3563203368245957,328.6435662634204,0.5231780098395007,0.4875275704049998,0.42023263280146,0,466.75031736755864,0.6565528619260448,0.2681143058131259,56835.80438015478
65.1998566579739,99.97513745661897,37.50514836338209,0.9205788988013294,256.0592331341219,0.9242377008141328,0.0405195254396699,0.0882824985849164,0,278.6647820209398,0.04302173403416914,0.8867880277836926,16695.025296295466
88.30293801543964,94.93500364072617,34.70074563581143,0.77583555416505,305.22404583314176,0.8250389106233617,0.6561288043672019,0.2019408645119825,0,366.8612535185314,0.4475918634521483,0.2837071166396366,26952.180000025623
148.8680581992919,91.7839825192858,36.4658223040242,0.1575308477727449,454.70273405828135,0.8438849656656322,0.8420387836055212,0.1546753031279126,0,525.0340172818367,0.7775662185119558,0.13330109567355625,67690.71307716538
110.27547157968672,95.13069422863438,34.801804454982786,0.7432187044914587,486.4665081046746,0.6730091009630523,0.7203242773264015,0.4816877686615379,0,720.7914749221852,0.5261117993232244,0.1882243066777505,53645.32358896648
173.3023859385937,98.1401673551993,33.366804534277136,0.5745692198159146,335.5039128900213,0.304579947087249,0.8299579189553186,0.5292555409507501,0,513.0712177977229,0.6554516442594445,0.05179140804719478,58143.62859557479
95.22727227940638,97.76860326898282,33.19610077366812,0.9107811049614212,393.8250154335973,0.0356297953901393,0.2005095235508874,0.94894013128426,0,767.5413772821809,0.24631779455359334,0.028485682092246868,37502.88197513659
56.602631800363504,97.88581765108472,34.55258716553807,0.3816510556135226,87.71379506922392,0.9356551294095444,0.8888879396564826,0.0732315042772339,0,94.13720822800822,0.33480432995747333,0.10396256919967488,4964.831646115821
95.58851147570046,97.08023783997912,36.53296794208529,0.6167457996486246,122.32201320117753,0.5861203488054969,0.3221934506479628,0.5998679731550471,0,195.6990713324128,0.3045711170928174,0.3972762111288663,11692.57916261154
133.04013163995228,92.54217829066688,35.6304289110846,0.5506797472668874,379.9421622288394,0.2981429711481402,0.013404814251991,0.5264985273282413,0,579.981151112231,0.45927797718716734,0.29414641999936264,50547.555278492895
105.7516806794446,98.62084085840232,36.13177573940326,0.5406048156048452,244.11445537460088,0.1491351078475378,0.8433916463290707,0.5162330979358292,0,370.1344169235488,0.44478331519765113,0.023355803714539384,25815.51393401132
127.20782202743196,98.93443465376264,33.693958104391655,0.5104948595654913,250.68437168198253,0.8295231655007547,0.9418212689647268,0.8731592873828264,0,469.571759017834,0.5285010131178765,0.048260605133196785,31889.01293798024
173.34074604272752,91.94152696618548,34.888612075745634,0.2850665279790532,188.8734567359465,0.8365201944475789,0.6555581974173488,0.2055384706954864,0,227.69421818842304,0.7894410994745011,0.28813252367231396,32739.465898277784
178.18548232109976,91.30455636551396,32.26637158981596,0.7801389302431535,323.31037256498473,0.8145079681305315,0.2314366304634246,0.0407732743413714,0,336.4927950829878,0.6957006834036342,0.6260009885007909,57609.21467490626
90.90649872830514,99.75604968589111,36.90519449574872,0.5062024294653599,133.32427043729118,0.6450826919667862,0.2517444642825304,0.6722715076341925,0,222.95437872839773,0.18917976914434464,0.48268669525967506,12120.04262095982
117.3889638914366,98.68323963650369,37.93935297343925,0.9626646475023451,332.11232569125303,0.3660153875918759,0.4665928734356195,0.3451574641359801,0,446.74337383514865,0.36436907235966476,0.19523521617373055,38986.32180847153
129.1344420575959,98.93236147209949,34.44127437574802,0.3347275844734987,128.20948571085785,0.304070284780257,0.8978310796014195,0.0175899162125245,0,130.4646798221627,0.5210778625324513,0.03106653272128778,16556.260403762943
183.13018167991336,98.86376384624396,32.06578191878926,0.714469455664337,78.72171561937111,0.0085547701181701,0.1495976561475583,0.2513740072904138,0,98.51030873538879,0.4587434205369196,0.007274996559610683,14416.322083529905
189.81333808719197,95.41686824033728,33.01875583730568,0.9466453716751976,198.66095991457743,0.8336075586882403,0.825973669583487,0.3093267742168119,0,260.11211380776905,0.7850073647199476,0.14506966444598252,37708.499948991775
86.7799785936061,96.464017366658,35.91516126650252,0.6971124907144832,154.01315390443145,0.0874326974936424,0.2913028087051503,0.616838376784242,0,249.0143777622626,0.2877003860486781,0.061963307141076604,13365.258198960324
153.14228263168508,95.4536285213364,35.67247590922315,0.8841456168556552,450.0462373503496,0.6307549980407676,0.8085861694290979,0.1725857940492721,0,527.7178245823469,0.6699723888340456,0.12073523032672519,68921.10807763366
106.03419340148136,90.51206349190328,36.72718831751327,0.8447328637813055,74.72905424088196,0.5040749468400884,0.9202711976015386,0.413054347953398,0,105.59621501352358,0.7122573325391777,0.04018929183062832,7923.834990087469
56.09460657963879,97.45503085352772,33.52330406576641,0.4241059439401035,129.4761616583553,0.5266893589263512,0.4274938719943202,0.4824754444178325,0,191.9452302959854,0.20782006062271094,0.30153288554071905,7262.914349667153
56.24909052884682,95.0533203333588,36.58179149328281,0.6401115459455469,296.9238225123722,0.9267128453077732,0.3650506541055308,0.4592373913640909,0,433.28234419680837,0.26168800165777606,0.5884157149601731,16701.69497266967
117.17641102090452,96.4770907479023,36.12790412914202,0.24063520583022,266.4802358813631,0.0316150112712421,0.8022213189713018,0.9739407666667818,0,526.0162011172027,0.5306960916660726,0.00625277522993369,31225.197648582194
120.92521325558518,95.02639804975536,33.936886986283056,0.5819732944260396,70.6334082686157,0.7733922246287723,0.529482882379394,0.0455042377902961,0,73.84752767440985,0.5035643246291046,0.3638942803225182,8541.359957851166
58.04690903741476,94.91811322322457,35.272928888341774,0.3073797746329035,53.26359260681501,0.0520523983673071,0.6844490484631971,0.9509681864523992,0,103.9155746720573,0.3668986789940176,0.01642518383457648,3091.786915053708
147.73520126453082,91.71789109477768,32.88364285098996,0.769363133457201,494.6305738825175,0.0381536059353772,0.6228292369611795,0.5819372139940333,0,782.4745120039796,0.7104301658620309,0.014390424663328688,73074.3473841241
94.69045746031868,92.78713715141149,34.7153870206135,0.5752525797029121,346.4756151614772,0.4298176981413819,0.1528888456447963,0.7957277149698383,0,622.1758647066886,0.38007415156372715,0.3641033664348425,32807.93449848561
130.58556870735316,91.58852691943956,37.28718403733384,0.4701046263684945,214.43275890570055,0.0630751743429667,0.8447903602895617,0.4303926180160754,0,306.7230353995349,0.730062793699223,0.009789875084444944,28001.823771187654
95.62407487733154,91.95666295625342,34.527148278952346,0.3419173865502798,261.69451144845857,0.789143951292912,0.1957751114131362,0.4538378812569804,0,380.4613940608076,0.4206537239571015,0.6346492063075396,25024.295557734098
77.56313250735647,99.72977380420303,37.03740023885253,0.998828633657158,169.94755420442914,0.5295630936483372,0.9322821440707808,0.8793264990158236,0,319.3869420593117,0.35457278867924397,0.03586087728110971,13181.664666059283
109.96845471084816,91.531134457722,35.54152019155816,0.1645394687964394,205.1932026619444,0.0290387826597744,0.2505712914221478,0.8959344962919021,0,389.03287133139577,0.49239981861465065,0.021762497387387655,22564.77941390392
86.3569042467176,92.69270424305208,33.15126027861414,0.139204612515178,342.0700102706963,0.0405006864819195,0.7338809732737419,0.2386888814312976,0,423.71831839340126,0.5325028399152172,0.010778003268313735,29540.107122620226
127.19813188408769,95.90589657738585,35.48663746818738,0.2955316604444781,447.2653094903168,0.6126685297394794,0.284655393493592,0.1992418785846181,0,536.3792899788981,0.422294184698461,0.43826912832534737,56891.31182372661
81.84185158867479,96.10178576236642,35.03589997494238,0.9739652127650376,132.8585103865332,0.8061118176584049,0.3177854085868639,0.4962351738699511,0,198.7875763882972,0.2918864263823067,0.5499412443171292,10873.386489347058
123.63480684702463,91.5397412974383,34.391848011178304,0.981314351487986,428.1626774233934,0.4377995312747735,0.3100018527823053,0.9002770271276916,0,813.6276997811589,0.5504855363212322,0.3020808654323689,52935.80992234616
76.24609950729712,97.93717425785212,32.71778263709642,0.6894349612949223,104.70048328322108,0.5545806715356244,0.7478922540260833,0.3223550934061763,0,138.4512173516556,0.3491977259429574,0.13981408306154736,7983.003466874572
145.58158578058095,97.85202867912824,34.50025198308338,0.8920960004857642,146.74650061477604,0.7998294540499016,0.5568151179693931,0.6520146153391313,0,242.42736376548282,0.4999832454914574,0.35447232223771036,21363.588267250092
156.78158739959224,92.37317704203892,32.43657425743776,0.2925655577567159,66.72887962234068,0.6105061740418192,0.8829524558474972,0.7081516877406011,0,113.98304834794065,0.7956023522132676,0.07145824836153541,10461.859672586876
69.90322162374106,92.8866630267546,32.592614308392506,0.9748378847589612,113.36533794184976,0.2247602376588194,0.3073727192040448,0.7786746648941558,0,201.64005447433235,0.349945836842056,0.15567507224068072,7924.602342599425
118.1533256250408,99.37987865459498,34.495499197596295,0.2285063651256082,462.7864154588228,0.6130520258694786,0.6919925220567443,0.5639244579209632,0,723.762993929625,0.41332924057880993,0.18882460833606163,54679.7540405517
64.56767958840794,98.25671445979478,33.832288891810784,0.1910126693634924,256.74743597827035,0.6282794590652135,0.7529485996631107,0.4024551782789696,0,360.0767710975735,0.30649454936834464,0.15521732016496434,16577.58618139024
135.75463014817032,96.97797033062524,37.55326595517335,0.2009903853225456,84.9496378002591,0.7341069808811267,0.1514821130299581,0.9670159887989728,0,167.09729579579124,0.37550557433872134,0.6229029042272106,11532.306660795202
90.69458022050212,90.822332215106,34.254234832281625,0.6158151309453082,481.87707711753256,0.6208741875568012,0.4005893573198111,0.6113307533028527,0,776.4633536711706,0.5015572741496898,0.3721585957869623,43703.639227057145
126.22930167322556,94.18264080902576,36.5471487324326,0.8028769606462471,445.5465384913925,0.969242130458038,0.4828174943504111,0.7285652116332708,0,770.1562465998451,0.5306340381563751,0.5012750736114338,56241.028416691384
124.85723626687933,95.59301872076828,35.181485158197454,0.4300004600871698,389.6071343906636,0.1972883087170684,0.3556873898943743,0.3449828456958783,0,524.0149123161713,0.446062266090051,0.1271153451328188,48645.27002987689
179.78783673616306,91.87411287983775,36.22451401185401,0.980106389007514,470.062756376401,0.9510906795670764,0.3221125959691381,0.6699491810030801,0,784.9809150308212,0.7105453709537345,0.6447323917696737,84511.56609915117
129.1262350467776,94.48226582108224,33.5606958980924,0.4909781243064965,149.0582393760939,0.5383394903500163,0.6864198939976419,0.2577976621641259,0,187.48510501355153,0.5913027884418818,0.16881255444921353,19247.32925333634
133.7047947619726,96.01025877488688,37.65142983702997,0.2354036956958946,426.36618185453887,0.671956140494912,0.2158663976594885,0.2450969175286361,0,530.8672187655403,0.41781220408155983,0.5269033890611022,57007.20283830701
109.22317197819136,93.273766801154,35.18053098148654,0.519370073367523,360.49603835943776,0.0994615974521898,0.7093907452511288,0.7147222018094264,0,618.1505606392706,0.5754907591599191,0.028904460711713105,39374.52079518954
183.12574642968028,97.80944818950488,36.9879444277115,0.7111334488801959,441.39166230545976,0.380575941378107,0.9350441963907306,0.5213947362629351,0,671.5309516618734,0.7260339189728844,0.02472061610656916,80830.1776275247
159.9200977743473,98.40449581638804,34.19027416085668,0.8490032024539408,408.6102045841834,0.7693791464631726,0.5651975211777511,0.6832766104223897,0,687.8040001564634,0.5284106380896193,0.3345279600363335,65344.98386869867
93.5297141908836,93.23609469434072,32.601268094303144,0.5128914609609336,205.92277842957125,0.7069110150989903,0.6114342367394741,0.2694384907480917,0,261.40630106028857,0.5007107939647145,0.2746814181392124,19259.89861191045
168.96829407979135,98.38657154492458,36.04226988632509,0.6342461434442507,398.479341657765,0.0401393881654101,0.068932702124089,0.5987233410567304,0,637.0582244371885,0.40689376465600463,0.037372471677560706,67330.37458595089
113.37350862498717,91.03576566103015,32.046557890024545,0.340610240942968,168.10533634320063,0.5465942634972446,0.8644769036178283,0.4439336497031125,0,242.73295184060697,0.7015460380998242,0.07407614705387926,19058.691799812226
166.8700643770352,98.37729098622655,34.85175785939305,0.6813248737649626,197.86647336262467,0.0882781929684094,0.2854477871998655,0.5969602868455279,0,315.9849000582901,0.4659066775226374,0.0630793781275742,33017.9911480781
166.08988921962276,91.52750431667616,33.15681141599875,0.9873747495553094,98.55757275033926,0.9958564291781624,0.6150511655285649,0.2908797322442193,0,127.22597312259812,0.7682296695751036,0.38335377171301893,16369.416339858759
80.49747521298534,90.82927152509724,35.764253026612174,0.1441482153290144,470.78447719121095,0.8972965885332946,0.9791121697448024,0.7154509636491239,0,807.6076850687117,0.6446754742384182,0.018742578829851326,37896.961783357765
149.6540527367829,96.41775404441012,37.87651923882712,0.897877603634651,180.9515135301267,0.0210806604285369,0.5955026005728078,0.8059293661594655,0,326.78565213505766,0.5667456181247215,0.008527072321550895,27080.127348638263
94.2368008563817,94.71937365755296,34.78641743792387,0.6060542524907705,284.2801093271533,0.8586495789026308,0.7247094874643776,0.2599164738577236,0,358.16919293135516,0.49223464232738123,0.2363780826646016,26789.648050093365
95.1615104490102,99.07890600412831,36.904989539154,0.3268887936060699,226.0997764097867,0.9194296005584076,0.4453196182237519,0.300620559855642,0,294.0700177773322,0.28020680466766806,0.5099895618541208,21515.996235338785
95.0069903788784,93.63189196090848,35.04670512170673,0.959400739008332,481.9676542625757,0.3535482225634551,0.0603658435150573,0.661154269719093,0,800.6226267447732,0.32788077390228426,0.3322059858851629,45790.29629145512
152.95171342059302,92.87152263437628,34.97504018662414,0.5350188727530091,200.77212692231709,0.7195016550477659,0.7975993494897885,0.6955851743035442,0,340.4262418228703,0.7436730512434832,0.14562760302484162,30708.440819865173
86.02651564199238,95.007349061442,37.58254095907267,0.398521226506047,400.34561964021,0.4421037462077789,0.0349988412639856,0.7040996843974501,0,682.2288440787834,0.25233110139538717,0.4266306273720395,34440.338710181655
55.12228775822218,94.5594618576866,37.33979521248009,0.263347865443757,434.937269584031,0.6552324845763441,0.7006578288878541,0.6826985047758368,0,731.868293200334,0.37386424161854026,0.19613871451628848,23974.73733078641
151.55697522015546,93.44428046217188,36.714802791127845,0.3200069892309959,246.02292386643467,0.3403174042981914,0.0229215731496369,0.3928077169525388,0,342.66262690839716,0.48993031447643154,0.3325167940214758,37286.49017601543
78.10994041774191,96.93741298698328,33.777534519900705,0.8495641374322983,220.17731650381907,0.3225592366332683,0.8623052365766706,0.3948536744036783,0,307.1151389456937,0.41907811084544594,0.044414717778227614,17198.03707345161
69.10512336655768,97.59561833913908,35.27005049434364,0.6529690083854492,386.48561941968256,0.424433888857579,0.1576360358329805,0.2548176236443814,0,484.9689665329328,0.16121052487533283,0.3575278131448944,26708.136409397623
87.06467628019811,98.52983969030136,33.34338339983411,0.9219210575394844,460.80319113780536,0.1455677586525011,0.5142714954425511,0.1568336998963629,0,533.0726605279982,0.29338153547287094,0.070706409722059,40119.68066529528
106.28657051356504,99.72856604710344,34.66350018827924,0.3087716069420072,389.7192798825072,0.8311389644353826,0.5971507044831473,0.6925773793969057,0,659.6300374439833,0.3392227515808558,0.33482374629940037,41421.92572172789
119.2473542088821,92.66656192132504,34.90527839455874,0.2090247164640113,152.20686451633952,0.3486978953616366,0.4575454073734121,0.0931887859723128,0,166.3908374372695,0.5478940202648691,0.18915277477814516,18150.265886003268
61.01695549620516,97.1609348248996,36.98984024101598,0.105478777878031,449.7384863469674,0.4001495539058451,0.3407634893488872,0.9377922867867816,0,871.4997699143157,0.20522777360707062,0.2637931956554887,27441.673206363586
186.02739990469365,93.94258235495744,37.37617019194996,0.5570758338543944,224.41175034657488,0.8940546127021446,0.4678142961809717,0.8266863036714514,0,409.9298707410254,0.71062062260725,0.4758030833135396,41746.734425034556
151.66851221164035,96.77081971951108,34.48772037437887,0.9984762373437892,309.3032353000704,0.4966238140631713,0.3114157538811587,0.8575057399572561,0,574.5325349572306,0.47688616601076406,0.3419673346113524,46911.5615202086
98.63119881878538,94.7598169034922,32.106226670439426,0.725468741936775,424.14602868172,0.5442539093508629,0.4381223470808632,0.9066688146151902,0,808.7060057303155,0.4180712329759304,0.3058041091781275,41834.031283104974
98.02412973352864,99.93773102767932,37.17064303873613,0.3775551327686315,134.7776453302215,0.9564981247770984,0.3589129909980306,0.4086049707232401,0,189.84846115452387,0.23697378958747373,0.6131985219293424,13211.461391029143
115.553244164742,97.2890213579075,33.04567207100816,0.8891727247235546,403.0295610548989,0.8867263831449892,0.5662048235071453,0.846700723350401,0,744.2749819316765,0.4306902362915557,0.3846576278772513,46571.37327418553
139.54305107300945,99.52491300434323,35.731291783342364,0.8035500393891637,318.2732590598049,0.1694667088884395,0.2379241622449834,0.1580613002916493,0,368.5799442348586,0.3361638609097847,0.12914648414774307,44412.82164415552
74.76036398951065,98.34969549481184,32.14982540260479,0.1138736494688853,452.0037388224237,0.473215029918105,0.9886565549140124,0.0216417946082356,0,461.78591090017323,0.4046310526452809,0.005367888705740009,33791.9640389841
80.50552485826856,99.02901011163372,34.39703885156339,0.8351744324869202,127.38668082959433,0.9712962274285456,0.5008699533821656,0.7848913946638502,0,227.37139040753334,0.25492174845072274,0.48480313127613667,10255.331600139229
171.02366868252938,98.14419197214676,37.9157618126921,0.3704740815146464,239.30700666841776,0.3723662982286027,0.1941620774145096,0.0747966479969393,0,257.2063686093966,0.4578365454045833,0.30006688420538635,40927.16222186733
89.59441472502479,94.59159130375912,32.60416160662282,0.234706118125241,424.7793917900768,0.3715731085162,0.4770667495672724,0.9885246673259216,0,844.6842987462697,0.4080174104809675,0.19430793340976907,38057.86099468393
106.32632472664896,92.51788453346884,34.54215891199785,0.3036977557633671,58.65426655554208,0.1950302317891543,0.8664151295248242,0.674796429601556,0,98.23395620811982,0.6367154203078973,0.02605308825229768,6236.492592387993
172.62169987826582,93.70320175450522,33.842899701139714,0.5217218239376251,100.49061504453928,0.1143231141191252,0.0218067931243955,0.7534497102421055,0,176.20523983189835,0.5442665634654518,0.11183009362019278,17346.860790800805
144.52495696897603,90.20236232639952,37.43052874032959,0.4823811343612099,495.7543457405306,0.7403047907559818,0.6795541191072888,0.2458038562778659,0,617.6126756900634,0.7634542543682499,0.2372276208028948,71648.87548533305
101.13110371112792,95.23993167464668,37.21604064744413,0.3599985694368041,176.17738036565774,0.7700304687015165,0.547967796793928,0.6738653939196881,0,294.89722018550043,0.4440142957198899,0.3480785693029507,17817.012925314164
147.2994386728238,95.05057800270409,33.426192561837375,0.2549964899863294,488.994437175779,0.969012963503,0.1695579943701355,0.0432199372549572,0,510.1287460685392,0.47304920944344403,0.80470906889277,72028.60611012566
57.65723407649085,95.25250464830488,32.487126722302584,0.7860077106779524,132.13919795390325,0.773418210905363,0.8174764393049206,0.8378257199236009,0,242.84881660975944,0.39560717349644625,0.14116704576086472,7618.780667107961
154.3117591015343,99.74031224972065,35.76283036436671,0.9910988053614254,212.49249935330104,0.2433524940335987,0.3688846223740056,0.1696240930315724,0,248.53634683211672,0.41276491765592577,0.15358350116824218,32790.091371089526
120.74716546969232,99.1145400345484,34.01821227130226,0.8000124223777214,388.7912500266068,0.0401165782885154,0.2938020288155074,0.6973580668337706,0,659.9179645470464,0.3095320347021446,0.02833024619821344,46945.44140013121
164.77958988340225,91.61712778330109,36.03250634363638,0.3663432709043871,346.00028325718034,0.9854373843696602,0.828125191856901,0.2244805012327283,0,423.6706002694181,0.8255752592194998,0.1693718613755726,57013.78477465919
183.87608302087324,93.6888252155589,32.192718536406886,0.32032806527092,311.505079968075,0.3404506955436057,0.6385250461916646,0.0684531694260427,0,332.8285899842026,0.76307847604117,0.12306439944564052,57278.333945633516
179.9814541817667,94.23956179463262,32.80039541106493,0.2958992884593444,288.45462911225343,0.3119715424324207,0.8982590836748244,0.4814936785493943,0,427.3437095781136,0.8129096188604021,0.03174027059445288,51916.48361308555
177.75078086647102,93.60532917851648,36.11823339663586,0.2230255670401326,429.5481996491331,0.9059552097493824,0.6298837036711994,0.1692862102727894,0,502.2647864972344,0.7448351512736365,0.3353087868722231,76352.5279074202
124.14294405107476,97.98495963603914,33.27422393181499,0.5961974947230712,155.7268532750267,0.5850998985449861,0.7408176579321153,0.7294439883265498,0,269.3208702175056,0.4876343008750218,0.15164756204857124,19332.39003337157
103.61918540875664,95.24037669867587,37.14552605457441,0.6448603347580097,249.1119171470833,0.2148711738491345,0.8364458962596129,0.2375658433834848,0,308.29239984100695,0.5379204912279656,0.03514306225854011,25812.773930394444
117.77976883864082,95.72099816971624,32.35154532626081,0.7349523945968235,119.95353147040578,0.8890962427162395,0.0547396359099369,0.3424725562358288,0,161.0343240225906,0.33095191057913903,0.8404274381010597,14128.09920796302
148.13596044730372,98.53013558987924,33.29289189671345,0.7121920338403012,318.173718078817,0.9933608550547434,0.7760489588693803,0.5674392512644729,0,498.71797443749443,0.5529569896369355,0.2224641977079124,47132.9693166952
174.3396998776102,98.05928153415358,37.991361490910414,0.3630999801550442,162.74499092209408,0.0866785611508307,0.6137064818495768,0.2849682775773116,0,209.1221506694984,0.5960810799115938,0.03348336633517099,28372.912873942278
82.94315090501614,91.322115228203,34.59845661552075,0.3972799048571619,200.2289289545236,0.8622516283024872,0.0695077965151932,0.3779881162099616,0,275.91308462078223,0.36424046946025224,0.802318417577544,16607.61826982481
178.95607639232992,97.13914584083636,36.21779398126786,0.713363081898104,262.06282248058767,0.390515697684394,0.5085779218687151,0.8156217710403867,0,475.80696587604706,0.6058673273662625,0.1919080356989535,46897.73447942564
165.04933131593504,94.35436128902036,33.09597829314208,0.4145028767052655,62.046763566407535,0.5240724465067044,0.0824580779839538,0.1792098495610257,0,73.16615473089196,0.5204533838826125,0.4808584398434131,10240.776836953484
187.14556204906168,92.946489030625,35.65921240991322,0.2913608706573817,91.37207116437696,0.9148159757649807,0.7359472017232224,0.0822015894819336,0,98.8830006483451,0.8242961769136681,0.24155971830904396,17099.87761364419
173.83398939302776,90.50018820902186,36.35663641021651,0.4369025383270656,358.6681493186988,0.9733791957751172,0.546501713897883,0.3283577851330193,0,476.43962842674574,0.8014815574809864,0.4414257970114726,62348.715264283586
92.7915395084074,94.87249560345452,33.88685981519906,0.3448757418201799,243.03649132287825,0.2621639104087994,0.9535735374122972,0.4243767670138781,0,346.17553177687773,0.552009756066355,0.012171342978439987,22551.730186571567
69.30404803144644,93.55436680724532,36.97338267185527,0.17948144909672,439.15559989995296,0.2128507709599137,0.1831353715717698,0.5426592821365677,0,677.4674624879152,0.29084174861260637,0.1738702659308322,30435.260788745018
70.15254471886446,92.515130396764,35.6205054708337,0.8471250120489882,362.60240163988976,0.0805165585915118,0.6060334525203784,0.372423696175007,0,497.6441283005519,0.45144334718790746,0.03172083060323856,25437.481196210018
94.31514800806728,96.94671729596958,34.33473805769018,0.8678002502413327,53.645423741295104,0.561797852662138,0.2115821345704913,0.7899117002228051,0,96.02057161795436,0.27162343541627576,0.44293146379876447,5059.576080115734
137.9148027379128,97.69485387315586,35.34585436005895,0.2977752701501915,327.52054884521067,0.0136043954506682,0.6140649847273983,0.0393194876684732,0,340.3984890267015,0.49915060354344987,0.005250412566028145,45169.93188660016
163.5832440231183,92.44789519029425,35.460565084615546,0.1582949795726815,92.1761897268724,0.4118982976099365,0.7226497023608565,0.4317675381985579,0,131.9748762457673,0.7654312309775638,0.11424011543917242,15078.480137212218
176.39879144251125,90.49447436679348,32.9932117561632,0.7649446936160615,401.4199309057224,0.0733840166520085,0.7223043293295386,0.3822559146564046,0,554.8650737554001,0.8619975528055281,0.02037842372067181,70809.99067270581
139.20670688984643,98.48752700565235,34.4163942192018,0.2903757632770724,496.1784597253259,0.405225782929334,0.8150739906826099,0.647578490806859,0,817.4929578451244,0.5394728375699158,0.07493678690963672,69071.36940803891
55.76022722098725,90.09959741204304,34.06058352811696,0.4540919404931742,289.03945740868016,0.0399321892656092,0.8535502279583167,0.966276251897396,0,568.3314209639966,0.5555892364857894,0.00584806001507382,16116.905820938871
80.15276483000203,99.37112493921472,34.405416335474754,0.1577217270136449,357.25077508735865,0.8352172606087689,0.077271726267177,0.5103754066288622,0,539.5827846910455,0.11651999840341234,0.7706785810733866,28634.637360913006
68.46303752020467,96.27619873982708,36.56666353091155,0.3036426262825916,156.79137240263822,0.2097389939385658,0.343267157072404,0.9868768469417204,0,311.5251476270189,0.25462925755652643,0.13774248576204814,10734.413611646203
104.04880420181637,93.2184663520132,34.895230444800035,0.8136120504966722,246.9189846892071,0.328308710357912,0.6871225203598057,0.3022493949131974,0,321.550098404101,0.5551315537654925,0.10272040184070605,25691.6250916386
122.6823841405557,92.46477909576735,37.64189691943559,0.8239568022236816,435.2428995063727,0.8700479966063919,0.4985862873912121,0.030868132542461,0,448.67803501650036,0.5764509090473291,0.436253996126249,53396.63659169009
60.858619108105714,90.09005664264475,33.762058480150614,0.2863763423989394,125.34032648581304,0.7462660613322051,0.1906759467547915,0.1656631674764127,0,146.10460198398053,0.37212816278814287,0.6039710735567175,7628.03918848571
102.04452673241346,92.35471417010878,34.49422146970957,0.4023224605960206,169.49102252619295,0.2190383616420584,0.552709570166698,0.3951248847745673,0,236.46114327217856,0.5348113268510003,0.09797376292885855,17295.631179078187
79.18925607441855,91.3772830151714,36.72174086287425,0.2208145771843692,250.4451538787136,0.071899418657496,0.4074356527661438,0.3163339091885522,0,329.6694484424956,0.45283294256582696,0.042605032083272855,19832.56542309861
142.354472444948,96.12166220723144,35.2761475599245,0.1667553672564301,370.5120013298063,0.7156737768553395,0.3900382776543051,0.0970541309833776,0,406.4717216377827,0.4923601333097588,0.4365336095683314,52744.040483826444
117.6767698587859,91.66545588593802,35.282168878546685,0.9929545430035686,219.1477796580532,0.3907025506881093,0.8097537174356638,0.4326601076907168,0,313.964281605088,0.6789717469536041,0.07432970785681692,25788.602831884647
121.86788233607768,95.2862983753662,32.3200409780311,0.6900345561203552,467.4795259023517,0.7660799991182212,0.4075983338321812,0.3381157716595627,0,625.5417265378719,0.46198666078706285,0.45382706789547544,56970.73985719318
112.73839138451724,95.90116422344472,34.391597976310734,0.5878868582784869,92.50567307092362,0.4452947723752104,0.0264545054804241,0.1226192204574384,0,103.84864659077093,0.30210891821989055,0.43351471937900626,10428.940775957984
184.0626609156865,92.98041698346914,33.62440239453039,0.7889486503647696,216.86188889518135,0.3460024129722764,0.0580633388910912,0.2961171306119089,0,281.0784091739011,0.6107723583242782,0.32591235761073184,39916.17632124905
83.98924189141104,90.35064949018718,37.99601073698669,0.8560694437189517,369.02935554278986,0.4512054082123965,0.8562440416916203,0.8864360553553905,0,696.1502817804824,0.6325435975032275,0.06486346585149673,30994.495807714906
124.74967507892303,90.37253880614196,33.850130423793864,0.8260432912402548,151.6940445476716,0.7485589856706767,0.9606008100125212,0.3020488654893402,0,197.51305860478527,0.7840309427659303,0.029492617693273427,18923.78276872971
154.36234472932034,90.26347332193916,37.30697920876318,0.1148855043608889,345.38591040335285,0.902220286540374,0.6884093364557076,0.7139554232420516,0,591.97605424722,0.7934389454773771,0.2811234177462368,53314.578966332505
130.17399577316593,97.39124667136548,36.05740241024287,0.2681271083714486,123.89763120230567,0.0497671965885755,0.3643682941000802,0.6120470796577556,0,199.72881455619046,0.4104131013873863,0.031633608065452914,16128.24972043421
180.41781957176812,93.18009704814298,34.04549845515254,0.6894147719060479,75.19112818775886,0.5241115412269551,0.9386003157947276,0.4271811624083718,0,107.31136172980257,0.8581299855752637,0.032180283119673664,13565.819398776766
106.02572801157336,97.96300185967664,35.26120627024474,0.4381834130235666,104.457072536892,0.0328354290838776,0.6628030863757358,0.2390256368036691,0,129.42499081866967,0.4111794465051966,0.011072005344611927,11075.137161681701
117.59623377937903,94.31732823842847,37.04321527969516,0.9842343859549962,468.4931524103606,0.4684095450243587,0.8443335491993377,0.3690146993459454,0,641.374012192704,0.6094496179056833,0.07291565139509495,55093.030274887016
66.95051255398833,94.52998100829964,37.30020978818547,0.6988643133744287,298.28789732279813,0.8852828290969004,0.7658523040370093,0.5921072134710428,0,474.9063130187366,0.4293739294711925,0.20728693470863727,19970.52761441278
137.21487999201037,95.12882602509572,32.96236325003687,0.9608940178562858,408.355598965842,0.3615902664203096,0.3791393157725924,0.3507532147493549,0,551.5876380640094,0.5036766342044591,0.22449718021968404,56032.46450616352
93.90861574049433,97.13031456375104,34.03743884724902,0.2813018334812144,199.69452540727303,0.9324504210806432,0.4787022008507855,0.2148964335742318,0,242.60816672159484,0.34503933415057486,0.4860843523250976,18753.036451951986
76.6417203346018,92.73502865829708,34.01133908128143,0.8775613253035207,316.696391548451,0.6306084716506094,0.1861321543680995,0.1164627488916321,0,353.57972387224424,0.338105344497815,0.5132319582595068,24272.15627203393
128.5117245421086,91.21587349533527,32.252268776455665,0.3892170752337028,272.7284601672462,0.9341553437930064,0.292014100440734,0.8797669379095653,0,512.6659424493753,0.5692756424171618,0.661368811403387,35048.804747806586
126.86188555628792,95.5605733519146,35.58942655911138,0.9906083274140262,475.5820817310323,0.7571666254125197,0.7781256612865217,0.4403129757519056,0,684.9870433523091,0.5797113023371372,0.16799584430931871,60333.239625183385
65.24267156524641,93.2697762324274,37.12892031795313,0.2419198048658326,386.4085862243497,0.1034351666487622,0.8939783918831082,0.6252083217429301,0,627.9944499247337,0.5006029254804952,0.01096636270394046,25210.328481026445
149.25908622175382,94.42491313668036,34.289446326953104,0.564705836954494,378.74418417346055,0.231151367562677,0.7244604232514118,0.4904103611368052,0,564.484256312432,0.6641232937994699,0.06369134998307736,56531.01084153436
139.20924573786513,96.46946708337305,36.440215669905065,0.8135600804534098,70.85897124542579,0.3941704545835062,0.4651736966566383,0.8725665183579634,0,132.68813707947402,0.49512904963791954,0.21081272711206905,9864.223940836799
80.51733317077712,94.9412574114127,35.76620248160444,0.4893782325436323,297.35135105166097,0.170106882012076,0.0865092689397475,0.5469348524482108,0,459.9831683643773,0.2534370522945556,0.1553910600075914,23941.937801407294
118.37370639079592,96.20278817100842,34.253892412958,0.521275654168882,260.14615425581667,0.4949116047766605,0.0569479486984482,0.4807814179491133,0,385.21959117293693,0.31890310643271114,0.4667274040975726,30794.464482572745
152.2435937246056,95.44200002113628,32.84635879695378,0.9877202159551668,467.5290199727875,0.4713681557014906,0.3743255646128538,0.9246009904217126,0,899.8068148905195,0.5373792649630555,0.2949230046780105,71178.29817120008
126.47382497307233,97.397963719361,36.2559431166558,0.482777335271038,165.8038946852895,0.9562591980273812,0.4638217187676631,0.7196895960453545,0,285.131232674092,0.42907788480493103,0.5127254132109341,20969.85275628102
108.39102528478196,97.0593661771162,37.12739101364744,0.6436648905391572,171.42505398099246,0.4337278828959777,0.6091206222132969,0.1115499073468573,0,190.54750286950218,0.4292303739269676,0.1695352849951238,18580.937360498865
98.5156918409274,95.3418989180862,36.11512695440895,0.1490856946076356,235.1058119966752,0.7856268042879978,0.0064895213869972,0.177704461196814,0,276.8851636417838,0.27075429172955334,0.7805284623393726,23161.611724675466
137.40317199694724,96.78903020859708,32.10727090420891,0.857989072189234,159.51637103286922,0.9419105448514798,0.9897228904663063,0.7871228629394419,0,285.0753536859715,0.6375404629557773,0.009680117840379724,21918.05536535818
181.77967427188247,98.73559602272611,33.29739736634595,0.6833512440815891,108.13276301393728,0.8769888309739855,0.3639388834040429,0.8358513211799543,0,198.51567584197565,0.5228920161912605,0.5578184950714963,19656.33843879218
145.68555346446027,94.32271287788168,32.416879909301194,0.4636180925765322,435.8366809928604,0.2086676245115918,0.8480946638011214,0.5451908290902965,0,673.450842451321,0.6936894251080437,0.03169772565525471,63495.10809055828
65.09069699090259,94.12763072748794,35.42231659745736,0.1145525859590677,301.2244359817621,0.4960298942535442,0.5349667056654044,0.5544552278666393,0,468.2398992730299,0.3666805213775842,0.23067041581316677,19606.90848874441
117.19247142008804,97.6424562085238,36.53886607304247,0.6325019385341535,437.6132235304551,0.3477397822959257,0.1304394545333465,0.6319329628514445,0,714.1554444590271,0.2942037297806849,0.3023807947737005,51284.97519164546
175.26125775393473,95.82553837041992,32.66347512241196,0.1113920456357459,424.0106444316632,0.3998586951372155,0.7975655525345219,0.4391157742826395,0,610.2004068653539,0.7210683369483266,0.08094517401436928,74312.6388441497
67.75242748314673,90.71006780222588,37.03002692356032,0.1010832525181161,176.919059655352,0.3608068262457512,0.7098270749198761,0.680199123483904,0,297.2592489605189,0.5296868081327621,0.10469637216060566,11986.695759685746
188.49822113856837,98.92112015691082,35.3330538703729,0.6544887059344192,296.4818499459233,0.8263592101750041,0.527436084929228,0.1084812575664156,0,328.64457387367435,0.586286089285819,0.3905075436150909,55886.30131467849
183.12436814213189,90.3078310223764,36.13981407285035,0.2701153606010988,87.4479662330317,0.4521390551224474,0.51455309133378,0.9612792423673864,0,171.50988096008922,0.8252171547389852,0.21948950659645772,16013.853561738417
65.56705489853324,97.48396356209744,37.82841109165188,0.2726987947462858,461.8633478138413,0.5236943322446882,0.087479605750928,0.7501548237949217,0,808.3323661104661,0.133028588123092,0.4778817585259274,30283.019481730487
181.0107982606899,97.58794142704312,32.502085929486185,0.6879444092494693,231.91822177931888,0.9824473570470746,0.6558489485738741,0.6311742040090069,0,378.2990208060648,0.6426590498068283,0.33811029089856925,41979.70245547423
104.0228996850274,99.53111085281932,37.40734413786674,0.1483274691454368,227.1542827500596,0.0599792721915164,0.9112451557542998,0.3163220570094807,0,299.00819272807166,0.4326714264977496,0.005323450961328497,23629.2471675338
169.03573755524144,90.5413440840232,32.75661617592446,0.3820650053271007,186.2399167780789,0.4879576397907488,0.0932449192213583,0.1609554874567291,0,216.21625336699526,0.6500434404667246,0.4424580690850158,31481.20169480935
111.48175059129166,95.96856860784492,34.357752839820094,0.2344887119278171,257.2986851198167,0.7740617069461161,0.2635114506489049,0.4093429638289446,0,362.6220914760528,0.3674758788889279,0.5700875836569775,28684.10784199469
114.51544021483964,94.27840570627052,37.108632177986685,0.6221587328168805,163.29172394545162,0.1511619581882265,0.9023079734420988,0.6615767405740585,0,271.32173043600244,0.6188778268351401,0.014767318033868576,18699.423651053465
140.62281728196825,93.3063295485954,37.43752542042721,0.6955886392546562,218.68352275856205,0.6115315946147739,0.2843439098197933,0.6337097434231109,0,357.2654018567524,0.5400855480195318,0.43764631002367627,30751.893063454416
159.55445160225776,90.90318560299072,35.03823004127087,0.7490222682391392,409.9761718631968,0.2394647795344667,0.6539436721799263,0.3826411550655715,0,566.8499278142916,0.7792759267072988,0.08286830224794108,65413.52327162534
59.561535378013566,95.62654119671308,35.56462782965255,0.3297080952267089,425.4149766133273,0.8674041132245676,0.5348181649431442,0.6132863938331298,0,686.3161935031201,0.3052197935472208,0.4035006371256691,25338.36917989151
135.07605939616317,94.79040725674614,36.24888400759134,0.1803247764729256,186.88211493283225,0.3270996654000793,0.5963276050038621,0.8137482955675476,0,338.957117431483,0.572657873894687,0.13204110533448535,25243.29965674784
80.20895420314508,91.04554458151024,36.996552010716286,0.170815291247708,261.0564937487545,0.3290628169009095,0.4157889015772531,0.026284772337607,0,267.9183042541944,0.46832670718804903,0.19224214971176357,20939.068351527483
101.7031849115324,96.12489507097084,32.729067017225994,0.4835363936056513,443.2188993260235,0.5981938785178935,0.2999914705537111,0.4506210479302757,0,642.9426642028196,0.34473472450374154,0.4187408172250826,45076.77367444043
101.97576993095424,97.37953120252938,36.86041584937536,0.9512599681564436,73.70299932336371,0.1835629081199087,0.0485334507296689,0.758555228466791,0,129.61079481378562,0.23241848019513175,0.17465396676287637,7515.920102220614
118.32314592985574,97.67278301053648,34.8876569030697,0.2959561308223222,450.1152328981034,0.284888638903061,0.7442809392941642,0.5461444704633772,0,695.9431784167377,0.48079719674251065,0.0728514551460548,53259.05038745329
100.1084156032834,99.05373188262428,34.703740550649016,0.3310674412073944,148.63295554354926,0.4166318501194115,0.7460934621942268,0.65147608792907,0,245.4637719583961,0.3858606698767464,0.1057855506034336,14879.409685897976
69.49375099084014,94.09470741888777,34.54339851198199,0.190799921895273,355.3426598964691,0.3536378631401103,0.6707257400787232,0.516676392605342,0,538.9398235505637,0.4214504211341795,0.11644384566560159,24694.094323268022
74.65987970093595,99.53072768622135,35.055269511476254,0.6450132465045372,312.1482633730701,0.5248772180055824,0.6436337881196206,0.991874544682311,0,621.7601799796081,0.2653503137388236,0.18704850588296149,23304.951792289485
59.51412805074818,98.65429405082686,37.67030332036762,0.7118855865524574,298.82333668516344,0.5996401440689663,0.2437171321675262,0.0546215364890382,0,315.1455264736882,0.12680086572220634,0.45349756782395556,17784.21032403265
118.48362651938184,92.96501571023938,35.28922263675291,0.678638087344684,436.7121011387696,0.5666674537501646,0.0223449337662912,0.4910448217723773,0,651.1573170082971,0.4061047436444422,0.5540053070286043,51743.233487820486
183.85043880515343,91.59283037349458,37.71906522957884,0.8750172187403031,95.70746464009756,0.6541683119919323,0.8087153968854397,0.0914165491145176,0,104.45671078199499,0.8770193507035388,0.12513232592949863,17595.85937101064
70.61615519249574,94.35389396128014,33.081740783693846,0.5377832515234646,206.16261139653625,0.3077495166078202,0.4911385356958269,0.1597855621135704,0,239.10442014533336,0.3631162415745482,0.15660186965995682,14558.410961267995
182.7457065554161,94.01898707955966,36.3448158729958,0.221011336690358,292.21373585514453,0.126426227155028,0.3068381307026183,0.3830383504182618,0,404.14280320665677,0.6503038531405501,0.08763383994299462,53400.805624046116
154.00380448883263,95.75719305331204,36.87343723165248,0.3604646176339714,415.0799842757179,0.7608075414310771,0.10193190678057,0.1555400915004873,0,479.64156300998394,0.45141165110146725,0.6832569780399699,63923.89674562538
141.062338396112,95.83386232327749,36.07477298800917,0.6961869760792166,147.39938753525217,0.850780382630682,0.0627215909013884,0.963687165956651,0,289.44628557284545,0.39897945837961785,0.7974180835243937,20792.5022838774
142.112496968681,97.49986984379976,35.64153368135924,0.6518097763674039,411.3184286184243,0.2570062322224322,0.3488667217951773,0.9467897767251592,0,800.7505118130056,0.43789251049514555,0.16734531050606222,58453.48894019846
166.6082325334981,95.0988994820561,35.388876686517094,0.5779028167686663,229.8373171222711,0.4070919561580197,0.8047370647669405,0.3361096462206038,0,307.08785646853033,0.7193940322699756,0.07948997026918289,38292.78917598268
69.43418169127588,91.04822640940766,37.16558289547218,0.7146679768198184,135.01123539516294,0.4985692169635553,0.9187237493338304,0.6397477120376796,0,221.384364338599,0.5871838594607259,0.04052183665236582,9374.394648791362
123.14183368134812,98.58291335553106,36.929879582987,0.6736517653359694,391.5438981995672,0.5333268427529364,0.8967513646130647,0.5337533205937861,0,600.5317540218215,0.5134851149480264,0.0550652687294633,48215.4335910378
149.10730366520238,93.09764583185188,32.733732327083594,0.8931924005184565,90.90450566354652,0.6594901710876518,0.9200008347496548,0.8155869805157686,0,165.04503695295702,0.7622040905676271,0.052758663177819506,13554.52573050954
134.2207600849311,99.71297460306592,37.09152594218527,0.6274147397304669,281.6453183339493,0.0416032333553213,0.9077253431293428,0.6274456098169422,0,458.3624368480809,0.5156768019656931,0.003838924082572152,37802.64870114506
167.42517458814478,91.1786010867977,34.484411716642654,0.8007412228305009,78.74410273784979,0.721477082734017,0.5272247516003958,0.0002524544905621,0,78.76398204019124,0.7563207196529792,0.34109650700419664,13183.74514867131
64.75668071653246,99.58251172232504,33.52218097997486,0.323836440369821,210.3880348210044,0.0619710069794102,0.2194156385569038,0.7631743856097388,0,370.9507940351648,0.10717048273350141,0.04837359891100857,13624.030797482495
148.2446403323874,90.91011806882516,37.218611408083554,0.7103643261301612,320.4845595528767,0.4682885676728678,0.7980465828368204,0.7468481212961181,0,559.8378507593566,0.7887696479088308,0.09457247645998654,47510.1182629998
127.0937436019369,92.3103613794706,34.59214879780245,0.9119747065444082,300.2519936692459,0.8276711355691941,0.213712974852579,0.509722705566481,0,453.2972522340639,0.5087051934361657,0.6507870749870894,38160.14989936952
106.18671663729236,90.4657994208654,36.8501881410609,0.4471590951098499,232.09493805709997,0.4512153132783962,0.2672072767565691,0.9029189732330538,0,441.6578612202059,0.5181800114157081,0.33064729818641375,24645.3994204192
100.93712260159415,97.05113146638996,33.58042167173507,0.801193768604782,243.07159728745205,0.1490897487682477,0.2332543218225484,0.9084462056904016,0,463.8890675543432,0.2946201001084865,0.11431392052861596,24534.94761636887
138.81240542451604,98.50298736571791,32.023575928533305,0.7523103710758918,152.04629900784494,0.9850338450059596,0.5149824036958058,0.5239116767043972,0,231.7051304577431,0.4478120201653666,0.47775874778306865,21105.912501174163
175.28437557697575,94.3407108181598,34.972755157417666,0.1535735771846402,255.1471647908463,0.8892854620742633,0.3218275081690799,0.6079882311965377,0,410.27363820684445,0.6230169215886007,0.6030889377639144,44723.31146059922
121.98375002365056,99.2852207504243,32.6013695398573,0.623357478661665,478.9646850743754,0.771313633225014,0.1541560496253414,0.9965220719246723,0,956.2635654234401,0.2661772709512077,0.6524109705048764,58425.90841426912
166.3376271503842,95.902990717556,36.526255733149455,0.2171704142807221,432.70381300270566,0.4115116028992104,0.4531734118938824,0.2988202348114175,0,562.0044680079699,0.5889692953870539,0.22502548577945478,71974.92551379363
109.29111154893562,96.30007135446525,33.65645081641646,0.970587255007532,115.35479108435472,0.1838457268892978,0.873907238785167,0.3246172423114773,0,152.80094525357453,0.5341425493496617,0.023181615341019635,12607.253340104375
68.82325247707884,98.4541920170077,34.66187387962087,0.8302667524305906,63.40135429441442,0.9414111814185012,0.5705528549499722,0.1827739026634963,0,74.98946725295556,0.25845998059663977,0.40428634417834913,4363.48741399321
63.3032744219162,92.9680020505184,32.52220139054933,0.1987514211224081,470.08594072248377,0.532351126517139,0.8783356058875871,0.895866939157868,0,891.2203935786823,0.49922531532608927,0.06476817726276819,29757.979307440022
61.93014012869647,93.54265721327626,33.71995549068352,0.2095767978829105,287.0373874463364,0.8523554603874851,0.1958721850791374,0.7444883899492662,0,500.7333898815032,0.2731539394498578,0.6854027338972543,17776.265626726556
106.32026916428543,99.05951919194644,36.68894145955143,0.6350264694213571,292.0270204171885,0.3420950057594257,0.166973873672554,0.1056428488702418,0,322.8775868011486,0.2303665303800207,0.2849740774837397,31048.39141399976
100.52709636283868,99.00963496038764,32.90952747141392,0.410400256755865,401.3230980679351,0.3352883170794706,0.5755771256984202,0.9817673511979657,0,795.3290130326532,0.3372715739279049,0.14230403125460836,40343.84575210827
151.92149818904687,99.76482776200872,35.882957366761744,0.1314152731657983,191.61003824209692,0.9855404806740392,0.463328901546273,0.730961708161116,0,331.6696390963569,0.4332756657433874,0.5289110923339508,29109.684077799928
155.2809027139569,99.01838316441672,37.50455511682701,0.5874773570497478,266.85840597620097,0.5218330484948498,0.6601726416469569,0.8505221096049745,0,493.8273803929002,0.5247098429876819,0.17733314637132025,41438.01417679207
61.86528579255488,91.2737203603336,36.07902055854632,0.4490605897172622,485.8983109160319,0.1406954238607463,0.7946267910267816,0.0481507891732009,0,509.2946980445642,0.5207427058443493,0.02889507068612859,30060.23787094
84.85164049001702,98.23724286136988,36.86613013575336,0.1909688431345684,352.4669091195832,0.2196746779947074,0.7513072956521765,0.5049609189421677,0,530.4489234453134,0.36672060510075305,0.05463148974724111,29907.395457242375
92.02534977145146,94.09838478109594,32.653829775823496,0.8217283530303844,119.18526439810368,0.4819442793927208,0.9422611736585612,0.6985982867270393,0,202.44788590972811,0.5695974632111902,0.02782689705410616,10968.065643838412
128.92761785927928,99.90801355945938,33.50439095601233,0.9235690887509254,109.952036592959,0.0424709104884113,0.3982564091570115,0.5429465845718413,0,169.6501193278242,0.3412855357202914,0.025556598183667754,14175.85415670651
74.50955522743828,94.72280964328802,37.36723311344355,0.7809345406127169,141.91914124985243,0.4625339853783005,0.2063867422481807,0.6666474656992775,0,236.52917709828435,0.2781514824337779,0.3670731029570054,10574.332092786495
73.08206461900005,95.5383608250222,36.290633681708535,0.8401800790146495,395.0202534893229,0.4189408420801276,0.5509126399478858,0.8178740635904725,0,718.097073411174,0.3527796889137126,0.1881410367877742,28868.895691320475
182.41150004307437,95.297749152568,35.83732295826387,0.2948415105395056,182.9196517282772,0.779336265319487,0.1107431201911856,0.3743370629601962,0,251.39325691394248,0.552072927161374,0.6930301356198613,33366.64805911178
163.56739248520043,93.21737029858278,35.9826004167302,0.3372156558267409,59.62498100378591,0.3549419644892417,0.2888511233316314,0.8486686756187097,0,110.22683466605963,0.6121310602515826,0.25241657932898826,9752.70266976887
79.388411782308,90.75022088892918,34.48520332582786,0.287674786269269,474.8784635775479,0.9825487615395994,0.2078880552631444,0.1629161047652907,0,552.243813100528,0.41239485979799495,0.7782886103019211,37699.84701304412
109.88665406724128,98.95651230401918,32.26733978970592,0.7885570882290076,126.3710373777098,0.1807699193009031,0.3965637167970809,0.2708860550263747,0,160.60318916254815,0.3129104754725616,0.1090831282178286,13886.490468442815
103.00896989977136,98.02675812526287,36.70664925242438,0.9531253710410472,54.301183766630864,0.5909866849681349,0.1112165750022153,0.0433456199273257,0,56.65490223978311,0.23484493292089734,0.5252591699940657,5593.509004138832
161.78554999883,91.39526780559667,36.07227941729212,0.7451534860605123,156.70922107249532,0.0896992970082546,0.0318417445480978,0.3644268113352511,0,213.81826281477575,0.5844783967205809,0.08684311490677381,25353.287521101895
123.87874372454648,97.76768271350072,34.83682678467635,0.8933200883916004,155.76295420316018,0.733863983993982,0.6567940046300318,0.3799095448241203,0,214.93878723494305,0.46817055555780696,0.25186651909282504,19295.71908551155
72.25971449411804,96.2584666605061,37.39855769220954,0.6748291853948553,239.90236288057537,0.9947536880619716,0.6102489782898048,0.8052705972072509,0,433.0886819088469,0.3465120198948817,0.3877062662721382,17335.27624821468
154.7639285260929,94.09143787917624,34.016957989910594,0.4488939105029191,464.1754241750166,0.8191386377516322,0.7083589360386612,0.653130670289656,0,767.3426300984305,0.6856294063661414,0.2388944638457277,71837.61217059112
108.57987706036404,92.54021149095564,33.76593046538741,0.4831854534372747,445.6332130005941,0.5557035407203013,0.660386440271344,0.4367225581556666,0,640.2512897813426,0.580917003960215,0.18872445761783968,48386.79948161953
90.49477343033983,98.59728783502231,37.23677795047666,0.1677892889506643,255.60254974209255,0.484741357399692,0.1142946811423835,0.6521139786237482,0,422.28454540078303,0.18153129376871507,0.42933799851916804,23130.69482712783
105.69231397279722,97.00188259294052,36.78192592855391,0.1283114757214234,234.90495724631293,0.8350299612668469,0.2910788813756463,0.0527833505156911,0,247.3040279425185,0.32754398875777596,0.5919703742261438,24827.648495043813
122.197136086931,95.47739909469136,35.08987886389007,0.7259280437701696,299.75408891368306,0.9359740847107244,0.1295266099003523,0.1802715360183761,0,353.7912189499416,0.3738009339861482,0.8147405345635591,36629.09119559934
101.32059471629628,96.09568533898464,32.7844084367471,0.4945860028100626,159.5543053872946,0.989206525798093,0.8429724020485632,0.626947855241755,0,259.58653494444695,0.5073721883542011,0.15533272462396058,16166.137111386244
87.6572792998873,90.91066182082182,33.29042882879031,0.5969935612491666,73.48324638486328,0.3965392275644841,0.7469036553555233,0.6413668192253023,0,120.61296238507224,0.5937939649365189,0.10036262900471525,6441.341452220395
108.79777388853734,94.73919760911193,35.93736794245284,0.6018951228601747,472.650861277043,0.9909174747945124,0.2015270029182424,0.7741346587074271,0,838.5462744595183,0.37785168606001646,0.7912208459598613,51423.361533442156
57.58834295123626,91.93700292785702,34.31024742704247,0.3496382319999713,134.01454319472774,0.1559262521738315,0.3413092404898934,0.4029997590536022,0,188.02237181188156,0.3521442967779534,0.10270718147194548,7717.675473951246
159.28720922300238,92.08383679008826,37.01883914999583,0.5283032597465417,139.28032816057237,0.2535497759319092,0.9666149922642142,0.7225540966161562,0,239.9178998510365,0.8368204897454579,0.008464761230893542,22185.57477236152
78.07756063162408,96.61303962286868,37.69973005599323,0.523684199500932,262.6071479842764,0.0890161247338962,0.5941593578796515,0.6839803325601894,0,442.2252723952447,0.3482819282357721,0.03612636122106947,20503.72551904022
60.92712284013603,99.11256151834289,36.83382155164951,0.4495844991050713,271.22600517814885,0.2717385164844816,0.8011555973011573,0.9633933783698492,0,532.5233426084839,0.2844558465381248,0.05403368300062637,16525.020134928447
143.2493235421857,94.03756610478348,34.265272537973345,0.8386078450609634,58.29539436533388,0.7679375516180111,0.2645910347687291,0.2151302264246791,0,70.83649575466411,0.519981201810123,0.5647481601976373,8350.77580845902
159.48137739119574,92.0774927301219,36.73211857538855,0.5060476033188364,116.57963244828682,0.8529243581784497,0.2100529201793052,0.5516795637526395,0,180.89423321980075,0.6106180602303926,0.6737651060510067,18592.28035861212
164.86693276503382,96.48746937236656,34.1086500408241,0.6432800720553891,220.1696683523338,0.7788926451025717,0.7839169288465484,0.6017644421104693,0,352.659945998023,0.6662756960444982,0.16830551485259912,36298.69790914401
121.623739659181,98.71187046350316,33.0026005265938,0.9059681083427434,357.67881207974256,0.6310657781676963,0.6858724552314401,0.9986478849342209,0,714.8740012489621,0.44184728899748854,0.19823514348327909,43502.234721991736
82.72470493314802,97.48318801122493,32.20035922919514,0.8796102605730303,152.78830557437112,0.5139665125226456,0.6809779292117637,0.2011841421666517,0,183.52688976444725,0.3619667186055753,0.16396666114078237,12639.367495875505
154.52573642872662,98.68757230536588,34.31430027656612,0.9013799834012486,240.3565008087932,0.7087042892136465,0.5526345818291939,0.5232180199672922,0,366.11535324823683,0.5001466133549828,0.31704979070350686,37141.26529291059
149.4612654158355,95.365546710108,37.42135582218369,0.3430044968185126,300.80527912241007,0.3908335492672218,0.5635783427765488,0.3461853077136388,0,404.93964723728857,0.5882031610543622,0.1705682252697243,44958.73766139901
88.24654910392839,97.51876244369193,33.43391952653406,0.1314842394772565,449.8666225804814,0.8413083514997018,0.7356975053062538,0.5258929685789998,0,686.4483161939394,0.3936839861027712,0.22235989610805434,39699.176999766874
176.96004704147705,91.40064559358936,33.2390789895787,0.3349601199057963,196.73172604720548,0.6771900939767854,0.2700024811211953,0.2321286021031059,0,242.3987866038745,0.7007511877111409,0.49434708841235797,34813.655495864456
69.09014684118192,93.48274615363192,37.81892471144624,0.3508366110586378,110.10121963856758,0.6978046984944085,0.3527684658569557,0.0476123784274881,0,115.34340057332705,0.34324889979576906,0.4516412055387605,7606.909432221857
187.66291234482892,93.89549164481522,32.15002467710355,0.9184242940524712,270.1725016539237,0.5359359931290713,0.8716367705200551,0.5725654538976889,0,424.86394269407657,0.8380305004894653,0.06879447487258916,50701.35849586343
171.13345448195773,95.11295746246034,36.71469290236253,0.6843184595541736,386.024720757828,0.8852289842111726,0.3088652010121577,0.3358543158608321,0,515.6727892533171,0.5836256093213653,0.6118125560610005,66061.7439787202
147.86631713967515,99.29076360256823,33.92821973444522,0.1735335636420059,99.43689067373003,0.2520147336790524,0.546309571379299,0.1819414017484336,0,117.52857794841421,0.4603879390508959,0.1143366725415811,14703.36681174497
181.73123491777744,98.74296560222174,32.224927741217954,0.221840736409991,241.10757126363217,0.3811476533610507,0.7026394640066841,0.3239355660780337,0,319.2108888466167,0.6241372192309267,0.11333827049603662,43816.776673765904
152.51200772370055,91.34525492289184,37.5068152412575,0.2401085129877778,58.00331356811754,0.7776425696776891,0.9999248268331764,0.0492802014477449,0,60.86172854539109,0.8489133974977754,5.845785461950957e-05,8846.201806900966
80.7116945990562,91.72789651882464,32.8378539812575,0.6673795733520308,65.101631741263,0.4927488961293377,0.4352913314953319,0.9504422340901032,0,126.97697205634019,0.45517126809876385,0.27825957304034327,5254.463019001043
114.69107864522958,93.57640549588912,35.310675702354175,0.7618726229563028,267.3290134474995,0.8892140134241908,0.4280928766249438,0.5811479149732605,0,422.6867122243725,0.4982207761989791,0.5085478284822176,30660.2529054588
64.65290828477077,92.90743865890674,33.64432524457729,0.8736795195088565,184.18878416791824,0.3463993197628523,0.8425883794336675,0.8147686813470248,0,334.26003696332475,0.49432146554503725,0.0545272782869458,11908.340569891858
107.60375200889558,96.14770953156264,32.39115681310815,0.9465728957256188,430.29828455243546,0.3693301688196447,0.8055031112598633,0.4231181975477304,0,612.3653191201423,0.5131956541194742,0.07183356875329035,46301.70990083345
155.11640766452317,99.02776047764544,32.299534913980274,0.2815341016477976,320.9694377569044,0.8887357893866253,0.7310758817345485,0.9033146675661856,0,610.905838723188,0.5452114781333479,0.23900248853174821,49787.626154952784
107.16985237566035,99.62291541672587,32.69334019301803,0.3787952362516441,254.26983278434565,0.464370320182041,0.4632296374090289,0.4833182215522533,0,377.16307616006446,0.3048385457273739,0.2492602251405995,27250.060443082166
99.5897136881981,96.53602952535226,32.42820208333628,0.3162905926703476,233.57091697443332,0.5161245842024867,0.3239391201607158,0.5739453222006694,0,367.62785217403024,0.3333037354097348,0.34893164050261793,23261.260747373704
135.3730225388921,98.38159201401086,36.563348693119536,0.422885410719524,273.7604660853035,0.3327637153356794,0.6087304825848486,0.4917939800626568,0,408.39421528520285,0.4693865868279692,0.13020029831266408,37059.7817456234
172.74761141485084,95.25202200230795,34.91339721370058,0.9231985966813744,68.1974740456976,0.2766699421790819,0.8762232931316409,0.7332782958676516,1,118.20520159640515,0.7544411041675488,0.03424529433238607,11780.950745920545
61.42373099372518,92.0832694686004,34.05735254809388,0.6176013102454254,451.75701038929697,0.655948710838392,0.8837774582085866,0.5666560776020624,0,707.7478659257301,0.5218615262854869,0.07623602645843879,27748.60108068169
107.03850868446428,95.24688412093478,34.510213460792045,0.7643727075920491,499.2364200802813,0.1198406615412038,0.1084983450704384,0.2715989235803977,0,634.8284943862169,0.3294776345440711,0.10683814809183666,53437.52188636404
76.36250014506047,95.55082601437653,37.57368041343574,0.5411073125141038,131.6692061864144,0.8792726411829093,0.4283502838131506,0.1455395313226463,0,150.83228074441004,0.3253616857379301,0.5026359557830716,10054.589776510067
148.8728238488024,97.42457564213557,37.46451087642888,0.1259721220025121,104.17233414857888,0.7792031367651079,0.4647219561987494,0.6061243888829777,0,167.3137265228996,0.49495235252935577,0.41709033077142527,15508.429551619967
69.2728156582032,92.1988298970735,36.29405888073546,0.1577759373980329,114.60985855186786,0.1907482637058027,0.9776153675237532,0.4891799615470362,0,170.67470475118185,0.5698109686240374,0.004269829778536596,7939.347604076286
144.749047408333,93.68310382086732,37.308094264530126,0.5841307281410972,347.4621762054652,0.6940199458245654,0.6779980152425845,0.0959756966961129,0,380.81010064233226,0.6590967460187935,0.22347580001674403,50294.81901616744
93.63441755771748,93.64027469214568,33.917888165525746,0.7469101313380231,347.64837730284864,0.6026329212856348,0.4072464172620705,0.3956174657932684,0,485.1841473185437,0.4276240335125328,0.3572128231678847,32551.853323637843
81.85376985452534,99.59439595741163,34.2866559560497,0.2937974747758584,431.5658730252849,0.1845350507366441,0.026057885985593,0.5147764220004536,0,653.7258089987431,0.09949197592297403,0.179726457424203,35325.29364767898
181.40759530637305,94.4394496032672,35.68227309112537,0.7497186165930736,388.321874791814,0.2732035060502324,0.5653851600991959,0.82689323382559,0,709.422605603633,0.7112711017955143,0.11873829804236012,70444.53751084546
57.50081786070404,97.55093967298149,35.74175568378359,0.8295991961351612,252.36035301620288,0.4089865037338344,0.0960759756383561,0.0761010558333623,0,271.565242331216,0.10968260378236522,0.3696927263646861,14510.926694047655
114.0999317050918,97.5081138137444,34.89019902807404,0.4707077305259001,325.7849127043935,0.6992427352454739,0.8344499573477631,0.3484953482460029,0,439.31943931060476,0.5002741753338946,0.11575966464415502,37172.036290120595
57.91964398234216,92.6554418480324,34.40394709062772,0.7717773095596945,359.7281016656036,0.638723408817006,0.7525186605703621,0.8226561227103854,0,655.6606270117964,0.4549087219426735,0.15807212473909682,20835.323578915548
120.28506149408442,95.71869689371732,37.91708186965217,0.4636269552956139,280.73141162835134,0.5322348476766979,0.4605091599081787,0.6484239317715788,0,462.76437732819244,0.4601790505743226,0.2871358250992443,33767.79511103737
122.64139600224644,98.94302893318648,36.92674175670635,0.710515566509518,264.0429430032365,0.7684105431140342,0.4292107795416997,0.2899583218037868,0,340.60439164058783,0.3609221452318403,0.43860045489599875,32382.59513445851
98.42443363829084,94.75197719456948,34.60988118732827,0.7875973443875888,340.29385053919395,0.757937739606166,0.8973389655687687,0.8453351220226424,0,627.9561942082983,0.555458735565521,0.07781067238243823,33493.229509913355
72.8418399658782,99.45117507342546,36.36375486343741,0.9927339564772996,300.8635470390442,0.6178591540622559,0.2884583504181284,0.4932935805626923,0,449.2776034187263,0.1557975592112466,0.4396325216907173,21915.454344984522
105.81231759415417,92.1445822932416,33.61737015951476,0.4108569958572364,339.77403740115966,0.7869900833848252,0.2490199621067708,0.4983518913104605,0,509.10107155821873,0.4611863577665293,0.5910138426419317,35952.27835573952
145.7554968908964,90.74159105774032,32.60101595742398,0.4699367025171503,325.7846482835137,0.3342633747792092,0.939197432825762,0.9765873392003844,0,643.9418111030435,0.8287978604612687,0.020324071298900372,47484.90328998947
160.623434167002,98.9145387314475,34.114586153316445,0.2490580534691542,373.6384522311446,0.8812495283226056,0.8092458367534826,0.9471165032363784,0,727.5175965829588,0.5883894920234292,0.16810201638656677,60015.09133420977
126.65133132239922,98.47681197962216,34.41783680074037,0.2836657525616262,339.26157895229426,0.6149100858019407,0.8206255930671946,0.3585326833698439,0,460.89794321835046,0.5042386811060846,0.11029913195772359,42967.93064084732
134.627643249367,99.92589875933844,32.099222747364024,0.72405550233854,283.88411889677025,0.8223635138124306,0.1951938142759255,0.1405791286630823,0,323.79230097256504,0.2967277372665099,0.6618432428300295,38218.64988299527
82.08321010182812,96.79393488112426,36.88875200981538,0.9253410311390284,356.8085650779739,0.546279104790284,0.1432959914309344,0.325666732278094,0,473.0092445157533,0.21946425483225604,0.4679994988713569,29287.992413427142
93.78959498573268,99.36687926667148,34.155160414335086,0.4551444564951165,252.26688433344265,0.2184382449886803,0.0260295498171349,0.030483260311388,0,259.9568014365218,0.14170243991106796,0.21275239580877994,23660.008909946257
76.85590735706839,98.2694902508411,35.482508994680884,0.2618600021519871,158.75205168767047,0.5424101286783086,0.23704150891868,0.0207678867103912,0,162.04899631216216,0.187768175016169,0.413836413323627,12201.032977252135
88.65487225062253,98.44426333120089,32.44377912362574,0.3565895494446947,50.638199060261954,0.3711116637765881,0.7741904917143247,0.3955221362514192,0,70.66672772850137,0.3786420627895155,0.0838005423164702,4489.3230686891175
85.35971533044679,95.69141570454268,33.049980972503505,0.5095465343273248,301.9838662156294,0.6974990360370945,0.2400384187641497,0.9410198226972342,0,586.1566704592863,0.29131809543203924,0.5300724703372317,25777.256854553852
125.12558616281709,93.82364597916713,37.33816235196536,0.3615852964288315,315.79485197388846,0.4757937917347358,0.7291032835948762,0.8713573412322078,0,590.9650145646746,0.6120312530824502,0.12889097586688325,39514.01596043285
130.96298203174848,99.34558072543282,35.6521251672968,0.3102211748096796,487.42203414907146,0.8361128049276877,0.2519082653674215,0.511442833917623,0,736.710540608165,0.32030954389938293,0.6254890785868646,63834.24310014314
182.5679018109031,94.32117175615896,37.701704301022914,0.7623860398813715,212.665250342424,0.6780725123219167,0.3952924979506717,0.5652263811708307,0,332.8692601942611,0.6672359790783493,0.41003553513449864,38825.84854310679
81.40203735870561,95.3881936724967,37.9925002063479,0.1070604291165608,227.3599592727403,0.684544433031324,0.9831622899114084,0.0059334967460564,0,228.70899885126863,0.5116306050922549,0.01152616070614073,18507.56389859339
141.62622087180193,94.46114307125188,34.23116069199857,0.5853074746028348,140.80981160398562,0.2171553334910649,0.2448117312841355,0.2155011558337655,0,171.1544887573793,0.4965121168071366,0.1639931603415335,19942.361479142888
165.3300013133156,95.64818313960195,33.79281838449965,0.8143901263267785,81.74043285679485,0.9842497664912904,0.3763706272982676,0.0247741269343837,0,83.76548071606057,0.5705952126786744,0.61380706445879,13514.145871564879
130.63259761071208,94.70505078992328,37.15013633095458,0.3396054576857213,397.7620217877833,0.8416752092714888,0.3010871804652136,0.7545395326953875,0,697.8891918315098,0.4734766695992538,0.5882575936444676,51960.68613702679
89.42549308764522,90.47967558579477,37.99166856222472,0.6429623595508156,162.35647895269625,0.7890048845606946,0.1096249863300022,0.1456457960264977,0,186.003017569821,0.42079841331583706,0.7025102348764235,14518.808186318756
90.44428105270003,98.82048186007698,35.777847405394745,0.702010095056756,324.0071874635171,0.3302152251600274,0.4898941421308249,0.8690471024768169,0,605.5846949103494,0.28735710888064514,0.16844472071171857,29304.597126045206
60.299162164584985,94.44393818915768,36.770844335069135,0.689522226764581,359.49786599546667,0.5356316528472319,0.3786906633330023,0.6433243136757882,0,590.7715839049107,0.296091500369138,0.33279294692836126,21677.420119482886
96.23497058404504,95.88943648507347,36.69047515289165,0.501264670778846,262.05650928124146,0.1371031880743286,0.6948870858072801,0.2294186765157133,0,322.17716681287163,0.4540651536138036,0.041831953258470965,25219.0004620378
155.5214966654563,91.39187802757986,34.13203824931728,0.4119201890882012,444.3584508622362,0.538475976662706,0.8175945469515462,0.1577203170832497,0,514.4428066308498,0.8017357322528431,0.09822095447886951,69107.2913340386
61.4148972229599,90.03387847982638,35.445622281542526,0.8523316657250322,249.70767844087797,0.1458892464832872,0.5442497144956385,0.6276247009230531,0,406.43038544052393,0.48153691540849386,0.0664890657367743,15335.77140723044
84.60486313815214,92.45290093643644,36.99834164758528,0.7826013612998779,178.2088803687943,0.5530378439896012,0.0321964220873368,0.9008369802823236,0,338.74603001971286,0.3240066433232312,0.5352320041342413,15077.33793360517
150.34138730179058,97.0458603213335,36.12868325756634,0.3891296560725212,453.20698533273,0.6487218801549056,0.6189223562347216,0.7183602189143816,0,778.7728545298769,0.5569420610706141,0.24721340554841276,68135.76690978488
160.65796098108837,90.99194530112878,32.12698288389223,0.1927172749979854,437.7039279124804,0.3901959672499023,0.0553907300209391,0.3485466516033776,0,590.2641663800217,0.6003153164913029,0.3685827277727038,70320.62057183239
116.46798535836034,99.08887440386468,34.0202340133852,0.1646267909009222,123.81797618438586,0.4985448783312932,0.6163563235990249,0.5873835952686471,0,196.54662419445816,0.3943832715288399,0.19126358997389414,14420.83023734486
149.24003569461755,92.15022569356184,32.86685417956763,0.1848483801090424,61.68245825926443,0.8756533876745859,0.6850299492691885,0.3107616953724214,0,80.85100356265205,0.7205650626211593,0.2758045919384713,9205.49227234438
107.37354276841045,92.04593614291775,33.39783327246823,0.6245824250728386,90.49350035732932,0.1085631447028093,0.1977676276175184,0.9991495667786588,0,180.91004203563932,0.4534021916891645,0.08709286912823734,9716.607730880865
76.58828807825722,91.81507961621496,37.43293686494796,0.1464959582460907,178.94632934921768,0.7917328929996529,0.819346148721771,0.7488391884618512,0,312.948353397313,0.5555446996453929,0.14302959630404127,13705.19302274458
108.75018162559238,90.13981712971363,32.22135973346461,0.4032341874676346,487.5169107837698,0.1707545509961964,0.9110851315740486,0.6143816397567536,0,787.0383498402492,0.7287348843663174,0.015182618434959216,53017.55259328268
133.29565572742428,97.71805468478236,33.31880427177154,0.7778797317228064,301.33226892237127,0.0367079828046283,0.8130869641138196,0.4232591427658292,0,428.87390675413644,0.5444664272688667,0.006861200507270781,40166.28237784003
182.9871930501402,98.75034531245258,33.85741611342939,0.3649133498638403,217.96777941317097,0.1855746027450477,0.3051091902120821,0.6181522902595573,0,352.7050614602126,0.50837986079698,0.12895408597757735,39885.31213018829
64.28137853197144,96.14162702616198,35.70130443179837,0.7869772694621169,449.9222425757359,0.7650431899704897,0.5866430124456344,0.3416160624673348,0,603.6229075009318,0.31928740891751545,0.3162359483551838,28921.621984964357
123.49820266906968,91.88199981679864,35.20461014051519,0.7709203343863498,253.9113491653248,0.40512607333686,0.9148151491912276,0.0288648394580307,0,261.24045949555386,0.7212437398083904,0.03451060411594419,31357.595259196198
99.4041700584478,92.8527799694088,33.309616897120314,0.3212444193698947,191.85738278045952,0.8725205168461819,0.3206647262228499,0.3950885223566328,0,267.65803264640215,0.44240933599003507,0.5927339641878815,19071.423904877513
123.62207872735377,94.75926697364964,32.985446403338926,0.7559399620834709,473.5487879355458,0.5247075411822658,0.820027822265425,0.930480819579867,0,914.176852244865,0.6067470191243665,0.09443275886032655,58541.085543411
58.23668539583178,99.543459516233,33.42078820757671,0.7729989744448906,432.2829497867051,0.0222503519263309,0.0094751312616965,0.6263010947738659,0,703.0222344901946,0.02603229633457972,0.022039526921209973,25174.72614871049
97.25842288471348,92.47351371817744,35.01517776020994,0.4577085331003242,429.65076893874846,0.7167136096019268,0.0036467027846762,0.0839557030709016,0,465.72240131995454,0.3523351299947941,0.7140999680859761,41787.15617818712
165.6821999161457,97.31645903919888,33.62706671426722,0.2893784353673664,280.5281343725959,0.1102329087212327,0.7597116603389674,0.8849936133950259,0,528.7937416699649,0.6365297348515384,0.026487682612631163,46478.518441223816
129.78213407037606,94.3944822329292,37.685615009646334,0.5691437262026822,405.2472794669548,0.7893796334619244,0.7614475821271212,0.2688748493415148,0,514.208080679691,0.6183924202813097,0.18830842018194893,52593.85675543548
115.82863653017586,92.9784734836002,34.78319132857308,0.9292578292001769,130.70901166904832,0.16810254980518,0.7889771878522938,0.2437694930827274,0,162.57188118495654,0.6278192259133502,0.03547347278908893,15139.846603832713
93.54588468157084,94.55915937022114,32.35277609926782,0.6756550591888557,307.95033090030967,0.3454463858055134,0.9300268378881624,0.2970909687803208,0,399.439593043703,0.5565941064651718,0.024171975954917574,28807.48614205195
95.23574057683304,90.71206717541232,36.3755984350198,0.2556302478645351,492.7306652813956,0.7612714296253603,0.1179063118202842,0.5772022361259574,0,777.1359070896478,0.43352718019063574,0.671512723064079,46925.56981298934
106.7186935347289,97.98687370930362,33.97307172925394,0.7144812322601679,180.93129373308275,0.9542313574764216,0.2319849849836883,0.5446880934339766,0,279.4824151590984,0.28327130626328606,0.7328640103412895,19308.751286742874
167.80204584521567,92.43301927982968,35.920933592349485,0.4844827245536511,407.45854816145385,0.3714339506467323,0.9037249203738076,0.4914137546228817,0,607.6892831666621,0.8327076439626251,0.03575983317438538,68372.3779786133
185.57378291911624,97.2541212319297,33.677566223139394,0.6323759176198357,270.71528324363027,0.8294002201989358,0.1772361977723534,0.717536863512627,0,464.9634784871972,0.5226299261383341,0.6824004787393237,50237.65920554051
114.21847648230056,90.68348371448197,35.42446245039992,0.7606576315207971,67.9125574499393,0.1907922654758387,0.682229267576584,0.316537731334959,0,89.40944431429816,0.6599586232550693,0.060628197940980094,7756.868845948778
108.10263323094784,99.55098556165686,36.63291502884479,0.5634526163630004,393.3587290170504,0.8071797702024911,0.5304630000408154,0.7820645215724311,0,700.9906352321095,0.32993450334230523,0.37900076772862173,42523.114411122
169.28435473568146,91.930149854057,37.56805245064732,0.8325855771159778,125.85611497645075,0.657494059256251,0.0831936768515072,0.1753216783785991,0,147.92142028833206,0.6060479678021566,0.6027947109587007,21305.4712133282
112.632218285901,98.8274207620708,33.56676286659846,0.749940021384965,334.1631052097376,0.1927435072123684,0.2852636619415328,0.7826207890770093,0,595.686098289406,0.2915375918491951,0.13776078852951396,37637.531809077664
129.5224532599129,98.09473209615436,34.00914170599388,0.6535660060166596,88.54888732113781,0.3025039603514116,0.5203722164409679,0.6638101052502828,0,147.32853353357774,0.4341513277868526,0.14508930402117687,11469.069119269367
86.1771247208305,99.67859924081417,34.78559852171564,0.2357135342491163,476.09032887318415,0.131770888597036,0.8523501166838341,0.6832083095475865,0,801.3591976545868,0.3576672942066497,0.019455956325819864,41028.0956496856
155.37284233017516,94.7789066094575,37.56304902641593,0.8523541998204115,181.2757492311624,0.3829670110643133,0.7075384896146737,0.48155339712726,0,268.5697020902179,0.6665381656630638,0.11200311048362303,28165.328403577765
126.81842296655554,97.27397293845952,37.40832114086394,0.9423150267878344,151.9091112548277,0.2036486411232774,0.621883161454933,0.6670015326808647,0,253.2327212899858,0.4812423610397221,0.07700298035553256,19264.873923588282
164.2196642824461,93.70710657037785,32.53926968060383,0.2232686114283653,108.11138182985044,0.6439979536304735,0.4960328899414148,0.0797970465594574,0,116.73835079933428,0.6615085379518364,0.3245537875747925,17754.014829209384
160.39891855387043,91.84368238019694,32.79157895452286,0.5394170164900876,475.7009870025715,0.9945051042205588,0.2986839838141343,0.8515511170493673,0,880.7846938660978,0.6469507383022414,0.6974623577684714,76301.92387022125
84.02564371645386,94.43075932933448,34.97305506398383,0.332999867773454,370.3566840985873,0.0120091630842641,0.1192449113192611,0.055547233487646,0,390.92897330392185,0.2889928496950641,0.010577131497262485,31119.45878607515
151.61079932529793,91.65749015388457,32.63971563683254,0.7790709766830082,383.7473999231399,0.5409198132872987,0.4090760345660955,0.1487415098714974,0,440.8265675969691,0.6596080828928713,0.3196424810494977,58180.25004135201
163.00734507343515,99.82044622786384,34.07348524009218,0.7494666724042299,274.73205262111003,0.5736665975490097,0.0285184939112925,0.5767897084972363,0,433.1946731672874,0.33402681979365606,0.5573064901796965,44783.34250434243
101.72447750562333,90.96246491140715,32.890312269304864,0.2267966085133588,263.6275033717176,0.914208789680812,0.2110558892668506,0.7394114554566915,0,458.55669933821315,0.47318699206267195,0.721259640599157,26817.37003659992
78.30223024180707,95.8921172345262,35.81624213079132,0.8893245441354735,99.50955934616448,0.5060053347669375,0.4324833758726598,0.0762515643462534,0,107.09731891371585,0.32210035631332,0.28716643937735703,7791.820427184135
55.355341003244405,96.26463855254056,37.69697259043497,0.2628757575802021,301.92849301279625,0.5437014196449175,0.418605185671915,0.9207648141223198,0,579.9336257599558,0.23871901281229774,0.316105185924373,16713.354689319032
115.871993167575,95.38079542874054,37.98040262176629,0.8175331230832967,161.1124227989557,0.4716528013283886,0.0442954309969924,0.9736076488006986,0,317.972709952831,0.3323819419124145,0.4507607372126088,18668.417553772048
102.5784187577436,96.62185885711834,34.25144679498149,0.5112823236652044,489.7153997601826,0.2689043045614814,0.5890601535252913,0.605950173007711,0,786.4585309694056,0.4191221662750003,0.11050349363288348,50234.231348715824
129.91282756643022,91.16180775011892,35.59407582268767,0.3954450642023361,408.4614230068163,0.0560291332489136,0.5496842558532362,0.4812434553768365,0,605.0308096027562,0.6523544147411322,0.025230800832882712,53064.37841462324
80.38554749948608,95.5501852420529,37.13760592114448,0.2424153364067921,235.84642708679945,0.4086576822098361,0.0781043040209128,0.7413949722797497,0,410.70178235909515,0.23223381121005338,0.37673975835803747,18958.644167169998
171.05484893497413,92.8721257112736,32.704772436778306,0.2508528305319665,118.10356641118986,0.0525914712406785,0.9431630524604392,0.3283573523272054,0,156.88374077836843,0.8409923576312124,0.002989138691934765,20202.187711147766
89.7969541097948,99.40176063301055,36.13738646631179,0.6957014992308103,403.3992610124528,0.5504924694659178,0.0993827789508601,0.4932644341051064,0,602.3817692141785,0.15082410799811546,0.4957829980588734,36224.02492906036
85.56799668683274,97.62071653439726,34.45306197035041,0.5953873491524084,104.9241951865922,0.3072936432422931,0.8548341512373361,0.9161510268144012,0,201.0506043444633,0.41842166798583724,0.044608542540638715,8978.153186094913
119.89639762538803,99.72514482159742,33.236876961680984,0.2098768794861094,135.2001890736817,0.5336024015254278,0.0003097319150059,0.9556554252415336,0,264.40498325562675,0.200620736535716,0.5334371278317516,16210.015628205785
122.34488820547702,90.3755606974019,34.41652171248465,0.2014280743944926,145.18423298490234,0.1342969643951866,0.8822810950453831,0.927069116051185,0,279.7800515227851,0.7533150576179795,0.01580929158733054,17762.548753735806
84.03650588598754,92.85133175180708,32.4557617217895,0.1650795172955123,300.60078722289245,0.9326299657393596,0.0197197322043125,0.2624480669638401,0,379.49288275734915,0.30661057010475384,0.9142387525692622,25261.43982478909
91.70119810799864,91.9542258663835,36.17244289153584,0.7693906126361897,404.1754942956648,0.8945212435499349,0.757812031892116,0.2324690402167634,0,498.1337835337139,0.5777082983197477,0.21664228240469638,37063.37707280503
77.91020728595807,90.1115458731183,33.51645601249072,0.7406938767063602,191.4416954261115,0.1899965092022845,0.3616908113002529,0.2976645059293142,0,248.4270931093952,0.47333803335110247,0.12127651764469427,14915.262173823598
151.9921240736275,92.4232573024632,33.86843387026927,0.1525878917691176,88.10141642388024,0.3434442832940099,0.7382168001363199,0.4413111123884602,0,126.98155050890178,0.7364785592214984,0.08990794345559418,13390.72141616073
158.96201921930106,96.78775983520428,32.726487789448775,0.6042430680372757,259.0423085859886,0.6134927718519796,0.4017452054249785,0.3141674127919636,0,340.42496047810613,0.525098384119839,0.36702499219756657,41177.88843605804
117.41434715700316,92.31088922134568,37.18795468333935,0.1762085397184209,386.649608521971,0.0956862073059062,0.0709079223318417,0.3742127957390579,0,531.33883949839,0.4371524144464805,0.08890129715003049,45398.21136311807
151.40174806247734,95.09003445482618,34.96066567569643,0.9133711935480476,149.74872938932475,0.3545678211161508,0.7675066953953641,0.6206369521207595,0,242.68832438147166,0.6634102721349648,0.0824346444377593,22672.21939967864
154.35127791155514,98.87818114965,35.432881266718404,0.9164056772621192,148.9660466177184,0.2511122868190061,0.0712526853213649,0.7625256770939759,0,262.5564821789069,0.349489311214335,0.23321986206596315,22993.09966087713
73.66719623650417,96.93757920349076,35.41659609856913,0.7284096908318171,476.2521623060199,0.9155167287166966,0.922120435961218,0.735558198267917,0,826.5633447330355,0.42384677848792074,0.07130004370266822,35084.161498657
185.43403335266245,93.94629069906031,34.46295868724805,0.9335700292955048,479.3691772036301,0.8525106362892052,0.0509740357916613,0.814423567079152,1,869.7787324496086,0.5836980662596148,0.8090547286022274,88891.3599938163
165.8393128580182,93.72468938912108,33.15517949262884,0.8303077273723215,495.7095794277094,0.5798327412668638,0.4793252777715154,0.0321844032154021,0,511.66369640974824,0.6607696873382851,0.3019042514981051,82208.13602942851
82.60526726143617,94.55735814008484,36.4707964909904,0.8456847183343444,413.4468207086511,0.5203463368715742,0.7230344308507957,0.047733789678756,0,433.18220429170816,0.46211608346747074,0.14411801934633914,34152.885123029206
80.13227982571948,91.77041441059906,32.76233759214605,0.6127370655129399,134.6828761255755,0.9307257945453972,0.3932464647920377,0.7893829606886293,0,240.9992436356422,0.439562924347302,0.5647211661496593,10792.445917427329
71.96425465324367,96.34000767415988,32.62324274167286,0.3754532783945583,145.3916843596676,0.9324277829788152,0.2172334745924347,0.5330788223246319,0,222.8969122339138,0.2252821118622999,0.7298732558758065,10463.004197723145
73.68110594315898,93.64152819104604,36.26087022557902,0.2960192036047794,203.1013586850764,0.9693301253516604,0.759090961396027,0.5781406737621203,0,320.52251503726853,0.4739864261120811,0.2335203885883371,14964.732726474647
156.00184286887398,98.52365349262044,33.253022122711904,0.3944800198350362,193.15963910007088,0.1253788841081876,0.7842947047887264,0.052586860214377,0,203.31729804048584,0.578944512267666,0.027044889209816663,30133.259667497663
118.40332468846918,97.56552660057817,33.840636508116994,0.6656458870801558,480.43748708510407,0.1605578107631702,0.9226949839543672,0.2553138011712709,0,603.0998081379753,0.5377808904435721,0.012411924137298544,56885.3957758498
160.69611331988207,96.1051316409216,34.851364802010444,0.255390882249159,405.0832922967621,0.6767366986798866,0.3761651104310777,0.6383543048854777,0,663.6699557715825,0.5430701112410501,0.4221719636882041,65095.3106429114
155.74441073727775,93.64202222649516,34.69610790037728,0.3327762129735894,375.80395647269927,0.5414344766098449,0.5062517344973269,0.8591818901106761,0,698.6879101059833,0.641403582101333,0.2673323337094586,58529.365753578124
136.6227163232049,92.09931831673484,36.25147475039,0.521254776515918,133.68345082615932,0.0184659048932359,0.363128442846072,0.9169833971814024,0,256.26895571166386,0.5881186393541225,0.011760409603611488,18264.196179329476
147.65949188812175,97.76151864105624,35.74059076066017,0.309745088672154,459.2865017130483,0.0619750359895193,0.2570818218513682,0.5004194958350817,0,689.1224213441504,0.4189421425274162,0.04604238082802956,67818.01147402168
57.47802279118415,94.86409098991086,35.8663769736912,0.6297793027444555,422.5416707777782,0.8880803822588051,0.7510329615376086,0.5454742327381976,0,653.027264445203,0.38681006804088214,0.22110274268752322,24286.859783190168
97.08998231867795,92.24750038177358,36.284325983932746,0.9308584256106968,123.63882859756566,0.8688707955393863,0.3396518450169554,0.8330496310689909,0,226.63610914656994,0.45942633708307157,0.5737572267530838,12004.091682439705
141.10599420002038,91.95174615040006,33.75567636454079,0.7732804291328138,442.0266493824376,0.3572709219960451,0.428149441992352,0.5376246007473546,0,679.6710502763615,0.6253487979981062,0.2043055761033453,62372.60982401268
56.26156872064297,91.6540090450136,33.93399987080284,0.6997839527340217,172.51139136671208,0.8910506169305347,0.4036736576240278,0.5168585255373174,0,261.675374746902,0.3754208958481285,0.5313569552660392,9705.761500472006
59.45188739715011,97.77161196205594,34.62798648737333,0.6244493283854009,86.39138562444772,0.5936750743979018,0.7126612256467458,0.9050840377609536,0,164.58284975318645,0.293813707258738,0.17058586824157007,5136.130930228439
170.00487763350174,92.28987185300312,33.844773038201154,0.5391531183313584,345.5700379313945,0.8059056470189019,0.9177956261106798,0.7899327210558801,0,618.5471183099247,0.8477592239788957,0.06624896912705634,58748.592012331275
147.3433563284297,95.26642263525196,37.90962721382518,0.2679074736711937,344.2120967229488,0.4274310711602143,0.6667560613073773,0.9090725263612944,0,657.1258570949981,0.6158552551553678,0.14243881367303649,50717.36562000535
90.82491397124645,94.51546360973056,36.88431155852858,0.905239409884179,92.71940430452814,0.1133983273449087,0.4715825960942326,0.2182470547811538,0,112.95514121505443,0.41230682047058853,0.05992164974285305,8421.231919423986
147.8749834160257,95.79610899228284,32.98792812953618,0.3236824018115527,193.4833140214621,0.4337270626460162,0.7792051147388834,0.5243754866553567,0,294.94122097115746,0.6352552308317103,0.09576471703156826,28611.341852201404
161.98165033380053,98.77154900371194,32.03356493529122,0.1821779898203446,496.7665080149924,0.4572997979968979,0.6409713241221375,0.842472128593358,0,915.2784454362725,0.5462288334883235,0.16418374095404023,80467.05879882761
96.41722821986367,98.6774739008173,32.256699609483604,0.7750136613058257,355.2920001539316,0.550944193840603,0.0606103571178134,0.1111478274671089,0,394.78193408748484,0.18057498540862496,0.5175512694999382,34256.26986353346
59.86504596239031,94.5107607182486,33.46438070625755,0.2580539808980497,378.5338249714981,0.105582712904428,0.0956635864188416,0.7946621542939618,0,679.3403297964823,0.2078891775494267,0.09548229192415951,22660.944830238146
180.92518183284412,90.15366250734724,32.68574771502114,0.4347063995870585,145.81277852193756,0.9914018630496114,0.0379169440736333,0.1829733834148694,0,172.4926359532195,0.6803375685451469,0.9538109340538634,26381.20346763378
101.59927816991012,94.26443805714302,35.200028689355435,0.1254564354618817,85.45193195176145,0.2441368208069063,0.4568163262063198,0.8081187549853212,0,154.50724081170932,0.4473588155310981,0.13261113523420473,8681.854604523243
69.37503804343535,96.0619353742414,37.14797133636415,0.2233611482864032,174.60576038342194,0.1985524035370929,0.8258534343389649,0.6120009375568681,0,281.46464944090604,0.40854491889151834,0.034577219179728697,12113.281269202855
121.4006776380749,95.57764759098062,36.42050132547936,0.2558832676839209,162.00427333693636,0.5268029188559366,0.313083169351352,0.1932359914848671,0,193.3093297199847,0.42349545314903486,0.3618697913969768,19667.428563367983
158.74315241465808,96.51336105800206,33.293654378493144,0.1489691149751601,155.5448453366239,0.5372081793948886,0.3841601830924817,0.4733541793328011,0,229.17264795038898,0.5274164577099394,0.33083418683976945,24691.679090586105
84.92238747337049,91.54075732473083,34.395795536154715,0.6909912609605606,136.7394448491678,0.4398207378332442,0.9094771083678906,0.6819051664607716,0,229.98277875079305,0.6155312783070714,0.03981384498843315,11612.240118374602
91.38115676800405,96.46535098780733,35.047365257187664,0.8533070162228055,308.640060794932,0.7718921463252545,0.8369034453166548,0.6338529008835424,0,504.27245865867263,0.4649811081404093,0.12589294965278153,28203.885780387984
87.76652321780873,91.82651618743772,36.861235097020014,0.4359838657293469,197.6465641288198,0.5166544007286027,0.66504811238256,0.4272471962317044,0,282.0905044976878,0.5420506001499898,0.17305436676990274,17346.751759532184
188.87586213227652,97.5052398069675,37.03472961863699,0.8871188290463806,419.1552567713887,0.6096954551449841,0.2668037820922513,0.8993665289209269,1,796.1294651328324,0.5517463650228637,0.4470264017878458,79168.31048997177
81.64950405362325,93.3908761326268,37.45830987144666,0.2920119171041139,132.77633803132278,0.7237463854077856,0.1170414826884435,0.5192634144878443,0,201.72223268065966,0.31252371032444387,0.6390380353692566,10841.12215031374
132.69522929042674,97.09895433381452,35.05547150301725,0.3928513812051155,259.08218189084505,0.0250251015638666,0.0160588226801137,0.5058672985286884,0,390.14338534088506,0.322174593956143,0.02462322789530063,34378.96953106973
179.91072662369018,90.47865598906108,36.165648478615175,0.2356632937280515,56.146026391736,0.5706441825450448,0.1070106726044208,0.0622505899414542,0,59.641149657490026,0.6882960460488213,0.5095791647530997,10101.27240517011
74.8310367985002,94.07860025590914,32.67080222740362,0.6585032758770988,266.7570451048364,0.8841944712283692,0.2925964436239427,0.9221203897976372,0,512.739155518174,0.3243183068213345,0.6254823134749958,19961.706258499187
186.06531671213952,97.05034522263333,35.39173375972389,0.4778826317832761,75.12719939441348,0.0173887429254339,0.5517900635794957,0.177116568678373,0,88.43347116556795,0.6425743333377845,0.007793807361041222,13978.5661490176
182.9094266434093,92.26870516331496,33.49215085682681,0.6519550121577088,489.9755803426896,0.4051821038009611,0.0640000827523868,0.5283446934365542,0,748.8515781302457,0.6305130205710258,0.3792504156279134,89621.15246975308
174.41721825286544,97.95287044797224,34.59030131015967,0.7855074148547653,405.76645789268576,0.92622745020583,0.136227778318449,0.8035676014003101,0,731.8272371902112,0.456263670261758,0.8000495424467279,70772.65684596071
83.9651303795503,96.30779733104931,35.804303049840314,0.5911327144296536,270.5501644864049,0.3531544022825378,0.181080702307941,0.2154532769556433,0,328.84108400588923,0.2509814530237372,0.28920495509407473,22716.779835309768
140.59743256148275,95.875617721498,33.541915627122684,0.664867319411609,88.96431118070763,0.4587288242002408,0.6319820929833062,0.5273732899708411,0,135.88171265806707,0.5671251008061777,0.1688204217704015,12508.153741608307
157.72034884976742,93.53548854204335,32.31311034678057,0.9417252829548995,316.6004483556864,0.9815413930443128,0.6157897989801244,0.2406849092233408,0,392.8013985282438,0.6833229149681082,0.3771182159308841,49934.33316065164
188.113770306518,94.82451470381118,32.06140313845255,0.3691578786479588,391.4436878158449,0.1993238589505738,0.5507657263721529,0.7596949977999118,0,688.8214993698925,0.7151996666541773,0.08954310899236047,73635.94797772619
79.357215980985,95.97349300977854,32.132957213267126,0.4232475447705578,135.82276385213538,0.0652551891250059,0.2505014246959396,0.5643411678731507,0,212.47314102820863,0.2681889902015039,0.048908671280388935,10778.51640614823
158.413496435105,94.72462113914892,32.050098425082616,0.7459330255384032,305.69375335437087,0.8594225908613043,0.371119691218732,0.8559758603951435,0,567.3602268992993,0.576257442946599,0.5404739443144544,48426.016307236496
100.73815794016024,96.9831332394056,32.66213033934725,0.6501749653498481,416.3949042722906,0.8684653412123685,0.096689716337743,0.8945580028773829,0,788.8842982464298,0.25510341102100537,0.7844936737213833,41946.85563205991
78.70957285168032,94.3369693310696,33.43693228742078,0.2606796140857433,395.7114999408424,0.4720778346800132,0.2264606037580548,0.6487334824453981,0,652.422799341157,0.3082148830413392,0.3651708032175822,31146.283132841425
111.8858870638704,92.02273181742032,33.327329085093794,0.4385325790094412,411.3464080402188,0.5142071744772863,0.8977052264725804,0.7253912461589445,0,709.7334915715188,0.6774577211012603,0.05260070645932831,46023.857754116674
162.1678481400632,92.13933782801048,37.92077956507938,0.5210542118122434,445.69554119137393,0.835806369617836,0.9796917464358283,0.5492200998868637,0,690.4804908436302,0.8476162710422999,0.01697376768474879,72277.486840626
117.75472350004704,90.05803768842941,33.83603663125366,0.4774508541715504,471.9569459717616,0.7385594981157951,0.6476595856402947,0.3844287330673829,0,653.3907567740373,0.678858466290327,0.26022435959541523,55575.15967683143
127.56561852741154,93.00957715558673,32.76452470015639,0.2604473274898367,232.4845198415912,0.2651490022170106,0.9168232920234202,0.6481179230208346,0,383.1619039758193,0.7000340587555698,0.02205422112768581,29657.031571640866
189.3465203770164,97.4891764047852,35.27337526500655,0.931987082605836,305.94609613529474,0.0168933550715184,0.6427419004014251,0.9082886234873288,1,583.8334546553435,0.6664056223657525,0.006035287928694611,57929.8287261502
108.87975544025252,97.9416270883761,37.14774473238505,0.7860868855245783,405.7967867205249,0.4797001625335457,0.0331964861054698,0.4166803804314379,0,574.8843461890882,0.23140053600386676,0.46377580275320923,44183.05489657106
138.07910188574738,92.0246754209575,36.06836226072605,0.5332202488970671,363.7129162756024,0.8589123260956414,0.996762584986409,0.3144100263737953,0,478.06790387430453,0.7847685969643152,0.0027806556598603837,50221.152823581215
104.3079672180752,99.59043996871408,33.776492534812704,0.7120549254761529,497.98410271897046,0.8958346766901621,0.0989523016865349,0.3884369385525741,0,691.4195230269779,0.18804654113198338,0.8071897735010578,51943.70946153297
108.02606225437518,95.02402793480128,35.36969695874873,0.9075544049219696,56.15494299708986,0.956226197076154,0.6826418014450607,0.4353976302115996,0,80.60467210269024,0.5113425455293859,0.30346622331512857,6066.197368094518
148.9115017151301,99.16978749018504,36.28913584520245,0.2225567281254141,209.8099468921058,0.8795632376127812,0.25283620307479,0.0735610289777162,0,225.2437824752491,0.37907836645201926,0.6571778082505964,31243.11426647517
181.61474177280928,97.06765281861632,36.368626954206455,0.3253357456362799,176.4625668215911,0.5800435552980984,0.3919811129069601,0.4984418404349944,0,264.4188933960282,0.5809176457861995,0.3526774369578399,32048.203505870373
128.2184583164634,97.22433423022412,35.999230731786135,0.5884311225309805,168.04213257449055,0.4446055992361009,0.6459341848009382,0.4943142480500596,0,251.10775297877825,0.49409924855826826,0.1574196439355974,21546.103170911934
158.73399040808528,90.85043621306072,37.22486254865371,0.8191093342171227,150.1384021244986,0.774849846534099,0.436487349307707,0.5884438276405232,0,238.4864181464706,0.7131911954283062,0.43663769090894655,23832.067682715413
67.04288544029012,92.1999112689693,37.220632750064624,0.1326294058973746,369.1057283668531,0.7398216343655964,0.2505460589311282,0.3628200304713315,0,503.0246799800577,0.34504687266474454,0.5544622395633102,24745.913062253778
83.50633505331014,90.08814833294473,35.47361935644202,0.9856163351767244,88.14176297389483,0.5381434300814544,0.3344461868783247,0.6131075959555897,0,142.18214737410688,0.48245766941922075,0.3581634118970896,7360.3955910875075
122.78777152413689,97.16127640476738,34.579138214667275,0.5094159425941575,383.7239752745023,0.0873273725584691,0.3415481169231763,0.878216310274203,0,720.7166290038252,0.3885778275617975,0.05750087290527532,47116.61180433914
57.7015826898846,93.4443828842851,35.8494217733906,0.4233080265595507,362.0416289073231,0.9260813467869188,0.9593239045082136,0.9554709904951644,0,707.9619026798858,0.49260550946365633,0.03766937329506688,20890.37498757642
89.13542213294544,97.86652516076347,36.90927200822278,0.3634519940557946,162.86185962540338,0.4556025375016621,0.798613015923451,0.5836122161410496,0,257.91003044623756,0.40474763383563617,0.09175242096508253,14516.760607066833
124.84917412637044,93.38936219937028,32.03391262904711,0.2569210368857845,163.77520242432257,0.3633337819162643,0.4585487714794001,0.042590953970313,0,170.75054453225562,0.5430905305811092,0.19672752258159704,20447.198765055815
57.0197617646006,98.1933375229886,37.95198205408911,0.8124165180370251,332.987263405026,0.6295673951687717,0.1998209203413641,0.969235997267109,0,655.7305057286419,0.1200835159584355,0.5037666588492324,18986.85443000089
90.71374864051565,91.30698253748314,33.097362633975195,0.9598727482714868,392.9769974676551,0.6738379611669769,0.811016110262656,0.7058620608962562,0,670.364550784997,0.6101841305154508,0.1273445189540167,35648.41656978542
124.39416062924238,91.73373156757508,34.821493913959856,0.4722802793608583,444.4185258893145,0.2106879170303014,0.1571824716083735,0.3359636485536521,0,593.7269953319243,0.5010637843440041,0.1775714694934587,55283.0694960865
132.37514847746814,93.40876539583935,37.2321784090572,0.9571786252781106,433.46280373451407,0.8369388448099562,0.2104622171420034,0.1471577009637233,0,497.25019338537476,0.49039313009548696,0.6607948399189857,57379.703003815936
179.97647856246624,94.08487388882271,33.350242394265194,0.8414178538915308,484.1973473737339,0.2899370936623778,0.3660133918401511,0.1434186122362749,0,553.6402589825603,0.657867698176712,0.18381623459073532,87144.13350961184
142.12165913883206,93.48702810842978,34.8607713434023,0.5329460147286865,311.62320290143003,0.1866839259143167,0.8803481958519901,0.1677444061396027,0,363.89625201145134,0.7179024308550991,0.022337068541081414,44288.40662250814
110.98933334154916,97.6364703252322,32.79549308108707,0.7066235612135194,458.89500260316186,0.4063998528544974,0.1317866686341102,0.0455725216138203,0,479.80800502776856,0.276397959546022,0.3528417701134106,50932.4504126934
180.59740891296417,90.96951392626714,34.370457952329154,0.4914857612534167,413.8309729671848,0.7305600808974653,0.122234192854526,0.9021541886529116,0,787.1703186238403,0.680154369974006,0.6412606590772264,74736.80144580449
160.95920275735222,93.51217019638489,33.06281272875802,0.6028510673912971,452.6004309413061,0.9654581784398034,0.493974988305266,0.5407682328273363,0,697.3523661583272,0.6570807740878044,0.48854598603577815,72850.20453194669
82.00120435022092,98.3723999951546,34.18176649262694,0.1522417033166534,55.23197057841499,0.8092812643714332,0.2764105410936747,0.6999594127138372,0,93.89210826751027,0.21174134490197732,0.5855873921895521,4529.088106065997
72.66371878209067,90.66797077262171,34.24078530075633,0.7266371277704798,484.6563463396149,0.9403483776701916,0.5687279416481599,0.8281085092683075,0,886.0043908143379,0.5031815325579662,0.4055459804056371,35216.93245637732
146.23457082526895,99.42343507671356,37.95902473759,0.147542180035723,263.0885732809152,0.1406058040765267,0.4516366846832235,0.7915410063332002,0,471.33396733045674,0.42316341519261813,0.07710306487618532,38472.64460276696
130.5842273528928,99.86316842272012,37.96887817582263,0.8353764522276845,409.1823453086793,0.0711767988636767,0.4349591063512168,0.8826056237288415,0,770.3289844086764,0.35855457164233673,0.04021780203699158,53432.76040857847
161.60593786202202,90.8856817382508,32.68871767196367,0.8424522365145017,107.24185370200138,0.5577047619066712,0.1119729704869932,0.967254622524952,1,210.97203242340686,0.6232923082325342,0.49525690306123993,17330.92034557369
154.73868176062268,92.91272522255736,36.355812675970085,0.3133695588005931,228.17349311628837,0.2902974830440343,0.1410496902498401,0.4390706147419395,0,328.3577690066728,0.550768126395576,0.24935111298036503,35307.26553753098
139.40355707076452,93.72400666035357,32.31047287801461,0.3912965029322203,172.15729835944592,0.8280549729692729,0.8210785774468501,0.9503354666683904,0,335.7644848362393,0.684945100927639,0.1481567737158724,23999.339766999656
188.16159316990044,97.76391368652726,32.18115209202313,0.533179340702464,181.2464467254217,0.6719878714023261,0.8858827375717444,0.7232899483428163,0,312.340179814771,0.7275824564298783,0.07668541626942411,34103.62017223883
127.03461356490516,95.95926812116734,32.632003365469785,0.6369966162392333,105.4650289778968,0.9707281639857944,0.2346835328852502,0.0706681903080784,0,112.9180517165538,0.405214680223856,0.7429142489903957,13397.709200818643
70.26927712773218,96.44365700492568,37.792913942047605,0.3586182955677971,412.59372464435313,0.2547923557313042,0.113460501524769,0.6817831212123454,0,693.8931620250072,0.18601187900794555,0.2258834872653531,28992.662778197275
166.81693125015843,97.57509822818506,37.64518128736818,0.6332377641687326,54.15904156148517,0.4857841143552324,0.0534166719345106,0.6867166596048486,0,91.35095766998843,0.4202362064155612,0.45983514368772216,9034.645112736744
89.00020391667071,91.17978999437024,33.16356692168408,0.368008365906369,190.6274556433411,0.5012404774253533,0.6082976137418968,0.9058605637925272,0,363.30935008675306,0.548109257905305,0.19633709109666175,16965.88242437346
159.93578999942895,98.33209456910262,32.97003401332227,0.1499416489639546,128.48474444738676,0.2391767948573762,0.7153532125002056,0.372932132470092,0,176.4008341840255,0.5756786655039657,0.06808090630064949,20549.309106067543
184.20945796000692,97.05619804180144,33.44321051909568,0.102274794848718,315.06752327375324,0.5900933994880078,0.3728099892032055,0.5849115002718178,0,499.3541409987301,0.5832026494356024,0.37010068559600073,58038.417683059946
149.06739438518605,95.7734172519637,35.09328196445085,0.1910359521265857,164.41358117654474,0.4432859860792395,0.6796758674906396,0.0121875510117425,0,166.41738008415712,0.6096130798491715,0.14199519894438883,24508.704147524797
135.46407172822313,98.89735334783056,35.41822779221246,0.8130256301476164,166.54930453764484,0.4467215559898736,0.7129588155595261,0.332075242181336,0,221.85620517711635,0.4854324969324828,0.1282274845464248,22561.4469361732
117.15213371613048,97.00306353883808,33.32956058263668,0.9652881811450034,269.75216479789344,0.3627366479724836,0.9353422813969052,0.0622437261587809,0,286.54254467431184,0.5547611620258315,0.023453724111634693,31602.041680618477
104.19533190937943,92.01699962631024,36.53973672853967,0.4842695793530973,343.71006770341654,0.016929352425535,0.0648736378351072,0.521872972764897,0,523.0830625050226,0.40498111304820555,0.015831083747497948,35812.98458495276
102.6556413811979,94.29745381075666,33.85731901641591,0.5614155581049485,104.58711705432364,0.522095236914789,0.1922917232310798,0.8174476505069532,0,190.0816101636762,0.3701413827870654,0.42170064411770536,10736.457581422013
140.91031527079474,94.94042866935732,37.53278795317646,0.2321633521660835,128.98015360947326,0.3352478357003311,0.0685259875969881,0.2064426921290689,0,155.60716375183378,0.4271071800365456,0.3122746466692131,18174.634108786413
156.4218707865957,90.55217626750404,35.940336238740386,0.5959282174121413,161.2286350675329,0.0013198689843296,0.8679939333361105,0.5274410455577785,0,246.26723492140596,0.8447478671251915,0.00017423071313301327,25219.684721632824
146.59980438039594,99.54637513360056,34.61810716582167,0.2301894118062791,488.1866963530823,0.307943707661932,0.7925871600335685,0.204008636510767,0,587.7809986387705,0.522838433180583,0.06387147895595385,71568.07418647362
81.78536366113097,91.28577260796878,36.73947201021707,0.6500928980789471,228.71862497431417,0.278628333089757,0.574642070621839,0.1206884678462404,0,256.322325390363,0.5134400561249614,0.11851677082914756,18705.835919598117
121.68826931937132,96.97461267226728,36.90748775627999,0.9399328008227684,319.54554078396194,0.3934481532236358,0.0836634100511831,0.5109967919343424,0,482.8322870014911,0.31355987812101244,0.36053093904660605,38884.94382672291
161.8714097447135,95.0623103609088,33.74288963365366,0.2761286853727356,158.69426572219004,0.1318519896433969,0.2733123586537196,0.0791486209497276,0,171.25469800673102,0.5470229689076432,0.09581521136077428,25688.064510853066
119.2200505555226,90.25632249884424,34.03828726301651,0.7881073462513918,270.7067863208696,0.5076838246350844,0.2977198480585169,0.5873546311379894,0,429.70767094691445,0.5722645261951267,0.35653627350296035,32273.676750897128
127.44414276429168,99.24747475864362,37.61573092237162,0.1211521805364916,83.35362847368113,0.69244035251813,0.5607431960154171,0.0313374606767262,0,85.96571952823756,0.40547504088688013,0.3041591361970717,10622.931727121546
159.103366503061,98.51836808818932,32.98844623017963,0.4379475171894589,65.63396566504713,0.6301855690545725,0.2580438940367154,0.1067149718683755,0,72.63809246460256,0.43042276781504407,0.4675700308499872,10442.584894255317
144.27081634578735,95.24257927903837,32.252902501777605,0.1996736570474581,260.9300870696571,0.8037549475691906,0.0729598639129548,0.5499974854873578,0,404.4409788459658,0.4293237955993224,0.7451130959751784,37644.5966707168
110.261564319123,92.28942336139446,34.7243319356573,0.4172278974361295,229.39667938328543,0.4520082879870811,0.7307623018532994,0.5914074128989139,0,365.0635760649559,0.6145484795839496,0.12169767100087267,25293.636718413363
175.88071601121956,91.21622890680094,36.80725940146177,0.2561832276749952,111.59614386132245,0.5190917303397282,0.2990802116554113,0.028986930093758,0,114.83097348216356,0.7118142716018139,0.3638416657611486,19627.609686420456
76.94655426956962,93.63392479432126,36.63000863786448,0.4359744911105987,359.4206430143301,0.8104019408589833,0.4523741770233006,0.5733767880015584,0,565.5040968473414,0.3918804866849568,0.44379702980481517,27656.18001330576
189.39472055969384,92.5542828104609,37.517183773476994,0.4757705254967773,496.806570904669,0.4277011708192385,0.1276666349823053,0.838502525323637,0,913.3801352056105,0.6602609785484481,0.3730980015627542,94092.54166870951
71.04509809429203,95.066912010063,35.19920398621424,0.3705320105028266,228.04106953852065,0.7015993498995969,0.8025483033945796,0.7223161772939539,0,392.7588231536096,0.4363930717076303,0.1385319819749354,16201.200154891469
57.01824609907225,99.66409296123427,32.6003880293992,0.6909597545258163,331.0513861628275,0.4346023687179918,0.5655318769240576,0.1311851039207986,0,374.48039665972243,0.18561354662829727,0.18882087542126455,18875.9694076711
175.15255165508324,95.7495349322964,35.532133846016094,0.9269668461330188,483.33917406401855,0.4177361945115626,0.9015856262098628,0.5924746475636149,0,769.7053808712867,0.7542350926046619,0.04111124599233037,84658.08965217328
88.06872362940408,98.89931055890098,36.67037368611927,0.4605358366947452,424.1907376010939,0.7602056245291603,0.4954715630653333,0.6722525000742134,0,709.3540214617539,0.2796199219681431,0.3835453554926394,37357.9368359438
153.5094497053073,96.50878837495776,32.55996872161896,0.2731088408275193,258.5985004862086,0.1748369154662111,0.9414256718178796,0.0372312017522917,0,268.22643343065073,0.6792176949403249,0.010240954864867488,39697.31350425552
164.48707561582935,94.752465265872,33.035944406585536,0.343650482376385,381.8702680069637,0.3385859719415736,0.891868204381326,0.8553476686836227,0,708.5021114863104,0.749651261749352,0.03661190911733633,62812.723649098465
170.96316278933577,98.5460756273337,32.073743966934025,0.868600741146732,107.6607681127358,0.2241722767469017,0.5764598564592339,0.9062673972898302,1,205.2302122204888,0.5602746652394547,0.0949459582712431,18406.02542488258
188.8652218146625,94.71368110172996,35.56191547668086,0.6144757509431331,280.4467349587096,0.3591099429675971,0.9338934381498634,0.8504522733622586,0,518.953298261367,0.8356949588192142,0.023739523655786497,52966.63480517456
94.69536085539988,98.6862817051036,37.32040635167543,0.5095099290762616,175.57712473097143,0.230374822366024,0.3230887472945523,0.8246314679891132,0,320.3635468431801,0.2539493076616121,0.1559433095995803,16626.339184352895
150.88285116018,92.91576769575764,36.0239798960126,0.234673049358034,122.5236595532725,0.5794056310866547,0.3656421627042113,0.7449651984608933,0,213.79952190853103,0.6066235346146213,0.36755050305313186,18486.71908797698
70.57898086791181,91.28813073762988,37.89224052554589,0.5047545774914037,241.8264078145407,0.7981708026178452,0.0454779513060369,0.6334320312819601,0,395.00700053412487,0.32139769556492787,0.7618716297224905,17067.861410498306
109.91925433317468,98.55314464362938,32.37820191499857,0.3506428030216479,108.9565494951265,0.7866130612179019,0.5892009067638531,0.6786270049882519,0,182.8974063528584,0.38291469445713866,0.32313993227602383,11976.422675219945
169.4761785971997,95.87415163792669,37.41800651090898,0.9488468150680144,364.5432986785185,0.3645009645487924,0.7219239699289334,0.806395293334983,1,658.5092989496849,0.6797652424000566,0.10135898117880278,61781.40519325291
104.63383621797962,98.8909239824896,36.884409724320086,0.8956630984741581,255.30801982400095,0.9887604058942616,0.7735191902421031,0.6624984583613046,0,424.449189364679,0.41239483614119254,0.22393525738347914,26713.85753140121
134.79787637230788,99.37827206992384,33.88544912299703,0.1755122876453782,289.0150846540987,0.5938543647058008,0.1498162860461033,0.3277269566820709,0,383.73311878299756,0.3000688387217841,0.5048853093333096,38958.619650935296
123.0094149028256,90.53628390371448,37.84115931102351,0.5649881403351186,115.86917240067064,0.3994003017782948,0.4441590723125003,0.3759611021613539,0,159.43147416295068,0.619020670917938,0.22200303425911472,14252.999102281123
142.20345670012608,95.00969301858868,33.72762648902849,0.3025525109632049,112.89724749207252,0.8355392792414255,0.1768632120939156,0.8970574683722922,0,214.1725665135112,0.4613614045196239,0.687763118484152,16054.378845302354
186.3407425673388,93.7496454907453,37.33582834296931,0.4696993805718615,312.5369458670558,0.7298740126426408,0.6621273488542488,0.0171220857971619,0,317.8882302689745,0.7756389350543967,0.24660446765395655,58238.36657259535
62.524296077689286,96.25858397070115,37.28449146244514,0.8891631984263108,493.2543865232509,0.7492753368241044,0.1579463724217681,0.698820581244282,0,837.9507036147209,0.1819562245312188,0.6309300154276387,30840.38330459873
132.48480486272,97.93591197202323,36.54594569961783,0.5747630678996903,93.31276245697651,0.1961393497338716,0.9041636839560748,0.9547775524252154,0,182.40569340568408,0.5628415772421376,0.01879727270974529,12362.523125313879
171.50888519878845,92.8059021597437,35.38082284287711,0.4007937640336838,178.57914285460157,0.4683243073685551,0.2306346456614133,0.7062281699579737,0,304.6967641054704,0.6305690979083807,0.3603124966839816,30627.909710747903
119.98666608603772,95.56798384373172,32.72001649770133,0.2870995186944973,441.25660244204937,0.8618281308246027,0.2914022662882448,0.993911988231782,0,879.8268294956276,0.41308950372627534,0.6106894603513516,52944.90861547367
65.60117010211233,97.087285799049,35.19183040697899,0.8202923734658403,82.52240551485662,0.5040380076287573,0.8509063221509997,0.6875449055283308,0,139.26026501853931,0.374073204104637,0.07514888033305389,5413.566361415602
130.67281257626405,91.34431082835734,34.14077753392961,0.6620662138279124,444.1485746151281,0.6834527434210503,0.4584676101457238,0.034363029216861,0,459.4108650612549,0.6217604086519355,0.37011179749726286,58038.14344669746
99.82997526121576,98.14066905951267,36.75330219893211,0.521258914383608,285.92869251863806,0.5879337330342645,0.023995945800073,0.8270098816469236,0,522.3945466779365,0.19583266663699528,0.5738257070423397,28544.254300607405
75.91714102062134,96.06109599852974,36.54877523898107,0.2957359184766802,233.72004826689164,0.8423567877183821,0.4945862512026457,0.2846299119393191,0,300.2437650235504,0.3285846072812443,0.4257387019056446,17743.357863624038
169.61965929326885,99.49537437113652,37.46367504423563,0.4008217367414182,189.35625395815512,0.2845608397616026,0.084543335380123,0.4460572256644409,0,273.81997926094107,0.38020160467454384,0.260503117249588,32118.543281431965
125.41593425380142,93.39528919130692,32.08898097459025,0.9638590840646668,183.70272115752888,0.5754752778863649,0.9853447186873108,0.3120919159070821,0,241.03485536092654,0.7026314883205276,0.008433752085922683,23039.24839893706
180.992315671174,91.08145942337198,36.85461930093828,0.5680809438452509,187.61116210226544,0.1232346680098039,0.5881115704556024,0.2685541062096794,0,237.9949100555986,0.8177256835789172,0.050758933871983346,33956.178674649025
163.8122281214143,95.06501201036926,37.630772318748015,0.4606293531189276,448.1613864320881,0.6902107766994678,0.2565326176109784,0.4314057036697853,0,641.5007647034496,0.5476616179818556,0.5131491994494469,73414.31526942253
148.5511921594451,90.85810771709438,36.7358026946489,0.5692798381134915,375.7078535786535,0.7319678383527121,0.5637176795476178,0.3787514484406737,0,518.007747312105,0.7209420707357067,0.31934462701303545,55811.84955277522
55.67844295431711,99.69526523324006,32.7811667592222,0.8010896553096478,351.3753535240178,0.0428373211889984,0.0768671033817548,0.6333385818425894,0,573.9149216193578,0.03410579509432229,0.03954454039256622,19564.03257674003
112.75616664616372,90.38684958257193,32.48767462904533,0.4060980428525819,409.43711702840034,0.6757909636279851,0.799891304268817,0.8131512009875106,0,742.371400468908,0.6998324289283488,0.1352316483185154,46166.55979877915
81.66064802302436,97.53503901107308,32.125071438846206,0.260835508839348,165.70159835186524,0.4146901541657863,0.9253280538641636,0.2970886531872407,0,214.929663037194,0.4305597594939504,0.030965720854929282,13531.299899864222
177.95771799159715,95.25102398142243,35.772471354968424,0.626442506505143,328.11926543679004,0.1240968761096823,0.8744443882061596,0.2137211528220174,0,398.24529310905433,0.7693832229057463,0.015581059201655584,58391.35570621029
78.56883793130864,93.6862065249829,35.77803591115932,0.6986836931329604,257.02980753107795,0.4199075476984676,0.3417576022985628,0.6668952708703423,0,428.44177064626814,0.36193446834848897,0.2764009510099699,20194.533291424716
93.61810697400357,90.65842164508656,37.92148228530928,0.7414462026626947,402.09873584008704,0.1942329296955817,0.3257681196433685,0.6703200658307816,0,671.6335869188882,0.4927015199684724,0.13095803341582946,37643.722465988874
124.7729636441574,96.22166924173608,34.388259044624576,0.8937888316895167,189.1652497129785,0.4155595321233165,0.0350876112162999,0.9011312392861718,0,359.6279656167129,0.3307490044159435,0.40097854082294604,23602.70882517542
90.55408856474072,95.85220329390955,33.99143770938498,0.4340567086202017,339.43037759145307,0.3843390279585277,0.6514003587009167,0.0159456864533108,0,344.84282796525525,0.42529608538922364,0.1339804472835811,30736.808473979825
83.33173143268135,92.808832730676,35.74654956310636,0.1678194066060026,446.99558531779104,0.7383916369360575,0.5349047841897949,0.85304066211651,0,828.3009953804365,0.4603533125816183,0.34342241773322624,37248.91606729637
135.87840888887158,99.10221701410312,36.953652035045565,0.962513725267848,230.9677142877179,0.7742155581663588,0.4593463713273413,0.5210021729483569,0,351.3023953125342,0.40442337779178505,0.4185824508974697,31383.5255221146
67.00548557192822,93.04110007342835,37.62064369713801,0.4915107346937276,79.97993931535765,0.6070286543845467,0.907630953334707,0.6213020891720988,0,129.67164270384706,0.5167937157792948,0.05607065810401621,5359.094669838892
62.85264742732484,94.49725410592106,36.81874499707423,0.6609317587058182,282.2228700538068,0.0226868421824475,0.1678789010828463,0.0913714405614147,0,308.00998025000007,0.23881648842173525,0.01887820004781825,17738.45454741963
105.25311485011964,95.43762455918656,34.56004388369483,0.699674790815463,205.68761951316168,0.931022279070994,0.0096662666901823,0.4326149328720456,0,294.671155221459,0.2888055679403875,0.9220227694269924,21649.262639866516
152.28970135856142,91.00231878176288,35.80948541187239,0.5918623378310832,352.50142124622874,0.6862332800964477,0.0733164521207654,0.2273024072385238,0,432.6258428504974,0.5805730036756382,0.6359210906725806,53682.33617005663
129.89891236698298,99.32161719213632,37.1377959602967,0.2847317767626431,477.9648161368728,0.0341954499211888,0.2233714378273689,0.2542250300825091,0,599.4754358976502,0.30931378914768526,0.02655716310513907,62087.10976586477
112.08832324301514,93.7453615245104,34.943658129870435,0.7796287451045273,268.5237430985811,0.8188328992141178,0.0332855492634569,0.5040951146760274,0,403.8852501690965,0.3669873590705214,0.791577596408787,30098.376114858118
131.37646117031863,90.80779213874344,33.30011986223236,0.8233767768736735,259.78560356999026,0.2002661547179961,0.5028437106431355,0.8124559504031124,0,470.84996301949286,0.6532752913271351,0.09956357836336667,34129.71326002062
104.33595042819194,93.8729117367533,33.01834063848724,0.5976780274156959,344.5631600861571,0.5792211895711068,0.314090455233578,0.7437809301448561,0,600.8426677886899,0.4244148796348186,0.3972933424577833,35950.32479013045
181.37975528333524,96.0020254709258,32.00094646746834,0.5397050445263574,96.57387661710546,0.4666343699501871,0.1804830080681326,0.5909999590859538,0,153.64903374658672,0.5487810438071788,0.3824147951935995,17516.5461075736
62.41216027295454,95.13652671821328,36.30942796988771,0.2025443648151867,164.0777850162566,0.4198387823550766,0.7500840749486621,0.539418192753467,0,252.58432728071762,0.39296961582196555,0.10492439766469627,10240.449015665985
145.90784966902777,96.94541974037274,32.66658325307594,0.1755564953498054,463.54069647517935,0.8897137201243975,0.20445132623253,0.4273060432344899,0,661.6144373641479,0.42247419493083554,0.7078105700776864,67634.22625677689
175.32315975174632,90.5548394206791,33.46303459817564,0.4056083610071759,351.47417601369483,0.4373612915626147,0.6876051009937932,0.9727099735613864,0,693.356612471486,0.846585726981868,0.1366294365069272,61621.56310986242
163.52443567925923,92.84540610272056,33.78725798913676,0.379761539965654,56.04981979253731,0.0753441175731507,0.3492649058476389,0.5601925542342333,0,87.44851150648728,0.6413009597516188,0.04902906144279078,9165.51515149884
79.8455397008953,98.19230576840104,35.36227916082061,0.9582908058669442,142.08146265155892,0.9466387272149526,0.5118277606625545,0.2539663983122221,0,178.16537998810784,0.2813855527320509,0.46212274730807257,11344.571066906321
94.95005711233892,90.7989368779136,34.387743663774614,0.8052604681990868,357.27676971300457,0.9205352312396275,0.9338670398513198,0.2300907920400395,0,439.48286463377656,0.6748590606692805,0.0608777197630264,33923.449689161745
151.80147172545912,98.55485954695958,36.04804395213897,0.6939318657331539,393.9796411531584,0.6844326895815988,0.0373516348158128,0.6113530307751418,0,634.8402888358446,0.3414718558295474,0.6588680097043423,59806.689356917705
66.37652548940335,90.91896092077106,32.333831955972215,0.5658832801158445,427.9368077033188,0.467892528132025,0.5002645074774619,0.5228275273109287,0,651.6739507201773,0.45646429596859583,0.23382250299367302,28404.95842437324
164.60132947739885,98.34454214891696,32.74363516558664,0.2506307776539862,181.4795615219202,0.0928594729435212,0.8544229603276182,0.0076978029547127,0,182.87655542682361,0.6308570829251221,0.013518207176655448,29871.77709948346
152.0524375216467,93.60788401078727,34.9952690211996,0.9806110049658556,468.9628683249032,0.7907481185774762,0.5879742483703485,0.8300653721957794,0,858.2327061670142,0.6560006110045467,0.32580858790661743,71306.94723594458
153.49689764677123,96.12209063257215,34.02178872708098,0.437536628416189,298.8261021100516,0.0754779144240289,0.2768705169651566,0.7041223542324346,0,509.23624063388297,0.4914296191183477,0.05458030523799617,45868.87960977019
68.53258498612483,91.52887115647998,33.774880176508155,0.1962330422025203,363.4425600745518,0.0686009848951456,0.3976811351450343,0.6618292896781035,0,603.9794914474838,0.4137605378909057,0.04131966734997675,24907.658135884
151.89767355019117,90.6616872172518,32.402168474225135,0.5444190061441715,318.5324882509586,0.5373838424393681,0.6802656287285745,0.0687806576976589,0,340.4413622909313,0.7717274961501802,0.17182008499377413,48384.34391547421
146.77544690469597,92.15938204020136,37.37431504848801,0.8865982104517749,105.2330246035792,0.1601282401846402,0.890811894313803,0.3620558501724914,0,143.33325679265076,0.7747181198723183,0.017484099212625226,15445.624215323203
167.17453626094982,91.27853817908696,36.15091151675031,0.8985619015995965,483.401596723196,0.0077302673403489,0.0410663737466115,0.9353822607327862,1,935.5668751079777,0.6067282425761379,0.007412813292588908,80812.43776000297
60.61545409462338,93.12405897679632,32.729708940917895,0.1098693244508025,105.2940109523687,0.4231134309957862,0.0715388218903764,0.8625892413413637,0,196.11949197756164,0.24453034396790965,0.39284439461635257,6382.444287322076
58.119940243151945,95.1438324651102,32.390275746422844,0.8976661702762597,164.6968803850326,0.1372172316100659,0.3250515236095875,0.2855429378695334,0,211.72491146812195,0.2525157418730106,0.09261456140972434,9572.172846211639
105.35595848360568,95.88759463565007,37.84923520058746,0.3443357957498726,416.1325461003411,0.1605154152806912,0.2327796844374789,0.1570588840991387,0,481.48985942819405,0.3425282163592872,0.12315068756430102,43842.04325062466
75.08641831963564,97.89868107379743,36.08703530263703,0.1350751275715807,328.36863267549563,0.0769106387353346,0.264930886222406,0.4490879571685771,0,475.83503112197286,0.20202760421921098,0.056534635055251095,24656.024516119043
130.38190447197996,96.5623989324836,34.504736426562445,0.863011243326587,427.1671244193606,0.2050937537236099,0.2212699986258809,0.3558303786676609,0,579.1661640558775,0.39299702342588644,0.15971265911900998,55694.863209615454
178.8421017034111,96.08758325129553,36.21038624453471,0.8774800803893874,282.0812847683202,0.7154841797743894,0.1958250488551577,0.6822263767059911,0,474.52457761238213,0.5432905656584526,0.5753744553149771,50448.009819164785
107.84976359509211,94.11782027485776,36.53799071888096,0.636607971858115,219.64695591498568,0.8089273072177914,0.1306239668692917,0.9664348100843196,0,431.9214200402838,0.3724353383117517,0.7032620134401093,23688.872269812826
169.06830093180156,94.7380843496014,36.67977321433268,0.6169903815667225,464.8304747965032,0.4525336440293006,0.933954131795238,0.3630014499825614,0,633.5646111437163,0.7762904546383305,0.029887977411779863,78588.09859516741
55.03251805991197,94.14520829390182,34.867263833918344,0.8318082453592774,66.31354288165768,0.5065538158814177,0.144189463906153,0.062224172652242,0,70.4398482231078,0.2191010101057844,0.43351409272985997,3649.4012462515734
77.74947686698987,98.42166030061384,34.579296548749085,0.8076785974392519,435.25859915887065,0.0326550345942026,0.2044037747655361,0.8976140083423853,0,825.9528150153561,0.17605501305970273,0.025980222258048427,33841.12838646103
59.10717785330156,92.300004525484,32.066168505613405,0.9010949260984336,153.86800333450174,0.0693162613713168,0.2462657239807857,0.0379497302398708,0,159.7072525535936,0.31723006514352675,0.052246042081068096,9094.703439024792
99.29986936953426,90.05720931541964,37.55934269085103,0.5974727028370331,431.9313474892855,0.2575677256495169,0.9330148731304204,0.952765897153333,0,843.4608052885626,0.7097789242633502,0.017253206780141958,42890.72638229296
177.60559541902788,96.5131989722624,35.61984727033366,0.9708823834595278,112.63847603759852,0.5438984207131475,0.7557141336010847,0.6645794280090398,0,187.49569001447568,0.6948068551438138,0.13286669693691297,20005.22360374959
68.08853668586335,92.02462183638832,33.21892362313981,0.9965321478400044,311.0985336607432,0.739551148734993,0.7896994303155147,0.9416892084419493,0,604.0566655711796,0.5151581767653289,0.15552802788978454,21182.243922077807
136.86531986041305,98.9011513630981,37.51762051652862,0.2048901489987693,449.6485635551624,0.605003061338033,0.104758259538498,0.1996596866489782,0,539.4252548567492,0.3070123660673648,0.5416239936167976,61541.29447575257
115.95195178112496,98.59046329706656,37.48959141062178,0.8645893835987098,263.09284110450074,0.3921278549867882,0.8363098750156717,0.0406997952538076,0,273.80066587019644,0.47381085516084137,0.06418745759262394,30506.12842570824
181.6932086693847,90.76727371928206,37.93510498619658,0.5498400319737301,385.9550032115268,0.1183240730031381,0.408193081817418,0.4882099782764918,0,574.3820869451296,0.7752655501758136,0.07002500499079801,70125.40293550497
71.54008424250767,91.06388405414076,37.24433937883387,0.4488097044698489,412.1022280350013,0.7807732348871894,0.2628230262123887,0.4506234145701252,0,597.80514118409,0.39618644617749116,0.5755680505085021,29481.8281101491
83.6237598178009,94.95171592246666,37.98670632692039,0.6517650788944435,381.4223939225506,0.3637860515990571,0.5757500835203105,0.3314922732548828,0,507.8609703542563,0.4091044128538713,0.15433620200737597,31895.974658510015
58.98816576255159,96.09222662769356,33.468117128739635,0.1503690015358063,466.3983815935693,0.7360540144827896,0.8221829058167339,0.9576564743886976,0,913.0478113710614,0.3757410861730589,0.13088298601725729,27511.985044827255
113.58125870023544,92.7490833748224,37.0534975111954,0.5558150068903719,251.0754037339679,0.5129788419143418,0.7786521510749094,0.8225837321614322,0,457.6059463913936,0.624949621964928,0.11354676320182369,28517.460384773865
92.50744144122834,97.16797716699372,36.938169852774585,0.883801513024,127.9064476243201,0.7386620535618252,0.8899974825811321,0.6615820213755933,0,212.52705379058926,0.4631427016020261,0.08125468541359142,11832.29821356233
172.43730107519332,95.94916020918872,33.385642155324405,0.2921153645250719,71.5149786661159,0.907289561452572,0.928132186015444,0.1628582916378277,0,83.16178591819522,0.74815309266124,0.06520491743260283,12331.849907635053
136.66700978169695,93.24824109748556,32.590625294005946,0.4837509052924826,160.9069413368773,0.921029516053802,0.2381220714277495,0.7343234082185247,0,279.06467490539126,0.5162365322988962,0.7017120598449731,21990.670525629946
137.9022496267197,90.25371488042316,37.8765230820656,0.945532798943388,114.43887674610896,0.5351067800006034,0.4238578941692716,0.727012454699724,0,197.6373654423768,0.6655692628438522,0.30829754707384793,15781.378548043327
126.80794407897582,97.50150281298518,33.776147309123665,0.4857074540251276,301.0769336455162,0.5115083647656388,0.01462853920507,0.4250681736160074,0,429.05515594812357,0.29220033376301663,0.5040257445979434,38178.94696519013
67.39979552594214,92.14753665825084,37.22535074280684,0.4225308690991585,133.22540174527938,0.2656784655028372,0.87932165926506,0.9247859097140136,0,256.4303760953025,0.536310879654951,0.03206163638588739,8979.364836493325
115.07752230292296,98.34473743462628,32.02476292804762,0.4964829833110404,67.52016828021704,0.9357998315292914,0.1545721514747675,0.1669778822290104,0,78.79454298739408,0.274078365019372,0.7911512382200838,7770.053671163787
189.9332006106497,94.20290260054256,32.126148843317615,0.5675074898658007,66.19542299090054,0.4579191671996209,0.8614748123426943,0.2673375624116643,0,83.89194601609692,0.8324783245192526,0.06343333856820463,12572.708554437524
167.755954264212,95.77077442631766,34.79522785217821,0.668792209718322,424.2062742641877,0.1275912392873771,0.3293873219865963,0.0632243392506336,0,451.026435660514,0.5600097537380319,0.08556430266955695,71163.12834405484
175.61697231256065,98.72948730409,33.43228810361038,0.820623520825058,316.1524691493612,0.4327049146265499,0.3681335899811382,0.7954509581775875,1,567.6362536644307,0.5060640598175776,0.27341170100259615,55521.73942115105
166.13555849827742,98.63623000919954,36.13904770061578,0.5068919851878828,211.13838585202015,0.1270532502380039,0.0391322544838593,0.6217593860953973,0,342.4156590205453,0.38205646396637505,0.12208137011668888,35077.59365395016
68.91062861318267,93.71519575243572,35.39338595340772,0.8357328415811263,452.4026192331111,0.5025316842570751,0.3268787897653196,0.3149403056812495,0,594.882438425385,0.3279674452390905,0.33826473548839464,31175.34887760401
85.70551429874794,92.08888892714845,32.46491478470295,0.5803485952168725,81.58847513347112,0.5612755148562122,0.8883636828012641,0.1638136635943153,0,94.95378215215871,0.5950540420777664,0.06265873141237191,6992.58222216475
55.4214229331153,97.75146077728594,32.9757697778943,0.4046324593311798,491.1449327275217,0.3377557614935853,0.0255474011216041,0.0401477700287403,0,510.86330653744733,0.07633620362042473,0.32912697957357584,27219.951038148443
95.97386685854504,94.33080203602132,34.32829562035049,0.6921557453074728,327.33130561450747,0.0716506142314846,0.4063274730467253,0.1667455686259366,0,381.9123502982688,0.41354169053611445,0.04253700120855973,31415.251143680456
69.6619993167765,91.92041993559005,33.1136243837326,0.7459500292691422,132.5589142859818,0.9435035356332392,0.0313996298127411,0.4532846463376582,0,192.645834867007,0.2954629343127609,0.9138778738873431,9234.3189964227
118.8271016157137,99.0442534231715,36.75333408346357,0.6022440780665388,355.58109453963584,0.7733531134834296,0.3709234251090649,0.2471769690106061,0,443.4725517254168,0.32908753756863524,0.4864983278113965,42252.67085348801
146.41221095747676,91.98104194241088,34.49642141331968,0.150953475821251,393.5215669026032,0.838881080505121,0.1726406407802911,0.2589821774319667,0,495.4366391654787,0.5635469048922275,0.694056113228254,57616.36266966074
173.0582148301404,90.25807168191233,32.560591201055,0.2528945876447424,243.2042525168485,0.3668683942862294,0.252218393268372,0.8755763666677143,0,456.148148293688,0.718169441508355,0.2743374373384091,42088.49377966448
156.14431728727124,90.2027997376742,34.90605741363275,0.3567679488012054,437.7346728104963,0.7608310300194505,0.877598373161419,0.5151376734611006,0,663.2282937553515,0.8573009900775841,0.09312695582365402,68349.781638962
181.7090554300982,96.22315356454264,32.54502908636849,0.3543630453563438,117.82958328341164,0.4853728951691942,0.436049220621891,0.7292519731284146,0,203.75703938573844,0.619784868917174,0.27372642251967627,21410.702280150817
62.27626920316149,96.6167506071753,32.7736238325189,0.7060787202221835,175.47691260992377,0.2010834884060459,0.2737979914019122,0.035710949028143,0,181.7433596917527,0.2052177522643226,0.14602723317638083,10928.047448635256
56.64427778123309,93.11041705056984,33.43765899216923,0.1165137955062693,92.0715627127954,0.1244233769072132,0.5893383779505478,0.3651633556780287,0,125.69272351551983,0.38850709331252076,0.05109590578158653,5215.327174055806
144.28064536788872,93.20010989247064,37.157166231484936,0.7801135993445679,144.89502827330847,0.3450508693220568,0.1421069598325823,0.4791693473954418,0,214.3242844118738,0.5114490519948494,0.29601673929510963,20905.548189871428
94.06257538000324,93.39493915059944,37.54767519399783,0.3388082273262399,157.42796536001526,0.1375521114751396,0.2593916074208559,0.1864168552101847,0,186.7751915845672,0.39190632566707817,0.10187224817547039,14808.079858596975
89.22263717427937,96.80158546758878,36.957546375992415,0.3790196615944922,462.9349359147696,0.9982689762040686,0.5462479676028885,0.1201915414455386,0,518.5757994513574,0.3612854872493775,0.45296657683157987,41304.27582242176
99.66975683866222,90.58133791026827,34.004463304507084,0.5751188451495318,85.1493599380203,0.049188990232022,0.2375230418480688,0.8703037784998425,0,159.2551696289225,0.4864840882974634,0.03750547164667719,8486.81599999021
91.42246781546916,99.29116352691324,33.634678646652986,0.2943330408450618,242.33680408446924,0.4411435993690765,0.6791277374008733,0.9394316270997966,0,469.9956622517068,0.3328887032387493,0.14155074486067826,22155.028671916043
124.04391485071427,92.22521044177446,35.29493414474143,0.8960241822179748,289.57940925211085,0.4520935223903841,0.4914913022595225,0.0788066980454074,0,312.4002063172094,0.5855549866635388,0.22989348832763964,35920.56358378898
114.42004037525788,99.99673205242092,36.33111896319868,0.1768319013939087,454.4118742109724,0.3006319285816755,0.7719890702546909,0.3490187125424431,0,613.0101215120847,0.4077314271433004,0.0685473655470332,51993.82499421607
124.1778544358486,91.71522693787188,37.96023672896105,0.4999441260709584,498.96329839754605,0.5713515657069453,0.9482445357224686,0.9582856281444736,0,977.1126562234768,0.7382969898849683,0.029570565548857453,61960.191837241364
145.81633755255888,97.71546457312375,32.78942427127356,0.8644800425094009,389.0246517139261,0.1499770241515446,0.1158048893474077,0.0831617331324648,0,421.3766159817097,0.3724782510545904,0.13260895146502147,56726.14993058451
107.26261871110502,92.23412544929624,32.295751994142826,0.6542595049791122,486.8559457560633,0.7839123805872337,0.3346650099845448,0.6436413728787262,0,800.2165750766666,0.4884897050386988,0.5215643359109989,52221.44367686705
88.92653776419117,90.80846801643254,36.16613533397162,0.3630965642583701,404.1955096411432,0.3324477182476383,0.3195490628784065,0.9722213709670056,0,797.163022163163,0.47242012584370036,0.22621436142554094,35943.70725221962
77.43707246918063,98.74933324350648,36.99335470102344,0.4786841869988146,483.4411884371375,0.5913425897986417,0.1511829193372542,0.9782236685813746,0,956.3548013334537,0.14931991968030953,0.5019416907444306,37436.27034359343
102.17900613690443,98.58751259190892,37.07809267919854,0.7360249423082632,368.2718266750048,0.7156392360669593,0.8103031373334708,0.4712233309037432,0,541.8101035188065,0.42526637910293275,0.13575451788297385,37629.64923787432
155.14387415823325,94.03570392449602,36.07078129446296,0.9759346690275094,85.89354145298198,0.8890421176901612,0.75987870403879,0.1627491077823806,0,99.87263868872373,0.7038858629820681,0.2134779454638601,13325.856786186427
157.1551628650484,97.02396142540428,37.72409482471512,0.90382484654149,230.86408414670444,0.8357874364522001,0.484425470834399,0.2020843149774388,0,277.518094444385,0.5374508245484496,0.4309107140313677,36281.48274376558
145.0322272023684,95.57065932683918,35.066028581267524,0.408189527544139,340.96877771111167,0.6083090281035596,0.5377707777946096,0.8896013951243946,0,644.2950780567762,0.5611694225233352,0.28117820892082535,49451.4612379118
86.59380366642807,98.52956113673748,37.48288879001728,0.9983780913590716,207.82332925441293,0.3883931803838869,0.0595441380024962,0.911683004329736,0,397.29232643888406,0.15557575288780723,0.36526664325188035,17996.21257076007
134.39164319038417,93.15055969318657,37.80687282194914,0.1031541971779524,173.02276315120037,0.503204670074964,0.5555073523270456,0.6078796438735548,0,278.19977879757045,0.6076407635777603,0.2236707761230162,23252.81344923047
132.04310431287448,95.23672399998983,37.08294474201865,0.1248667802275735,309.82967020989093,0.7687347933788026,0.7913415240196364,0.7661763994699113,0,547.2138513802553,0.6087640655594088,0.16040303041950063,40910.871462748124
120.37593674481296,94.85372371204552,33.85855137955173,0.8414564636540744,470.0758445160957,0.877545542559473,0.5738275735838572,0.7399312514704082,0,817.8996524348994,0.5204261708161755,0.37398571316324114,56585.82012473407
129.24716316182167,93.5390582625686,33.17729390702177,0.2795164181497468,65.7418430822691,0.1037819281766718,0.2653063701204189,0.661821597989107,0,109.25121472572555,0.4936594371753747,0.07624792152802098,8496.946719412912
121.3917354041952,98.91455064556372,35.28872038989091,0.1546923415566168,396.154041593647,0.3848562624930535,0.6675482723343372,0.8272769548719391,0,723.8831507834508,0.4295741010467147,0.12794612936876545,48089.826596438535
131.3366094200046,91.65877924662536,34.718088502281134,0.313433265912852,375.2272751200822,0.7761165984135006,0.3614884299652476,0.6854066230403211,0,632.4105346327592,0.5851884902563785,0.49555942778303563,49281.07807617885
151.5933038738524,91.49508639520695,37.2665500531564,0.4834901385827742,483.7790414247292,0.431651762593961,0.5448732842857352,0.5340023057474993,0,742.1181650178496,0.7051736984464191,0.19645624904166298,73337.6632345
69.79980624446436,95.76909535322751,32.60019002640292,0.7575096433900643,468.8200500496446,0.3322277640662838,0.4875653632789247,0.2369563625881567,0,579.9099438178059,0.3171141302286593,0.17024501358796124,32723.548656985276
156.1994765401182,96.57494229984944,33.54644036786911,0.661901973896085,393.0046529198868,0.4113226968232696,0.3811750009651801,0.743888144118619,0,685.3561548104433,0.5171301697797199,0.25453676746465936,61387.121063917155
73.34463026722521,91.94619254324566,36.51079366711225,0.3138590958043784,284.1839441071694,0.6028447467863508,0.7188779803941351,0.4734378678382744,0,418.72738467913905,0.511849756128383,0.16947293272536518,20843.366308422133
63.99477978540058,93.90717442254623,32.569919869863874,0.5529434032905259,141.92039895508395,0.9998051441338016,0.8838761119858818,0.2947916840075093,0,183.75735235807073,0.4747265000768721,0.1161012605933329,9082.164678186793
186.7707576398981,99.46563842978745,33.9245864841302,0.933592694858712,295.35607324650846,0.4929924291045318,0.0052125184769249,0.8019462757417753,1,532.2157762042609,0.4081414863686353,0.4904226969588403,55163.877573795624
184.1938887975096,92.46617422690674,34.3229323643239,0.833506999285382,394.4083972638442,0.2084944749542605,0.9336165192303671,0.6967136003530283,0,669.1980917310046,0.8892742465724481,0.01384058896870085,72647.61646642051
63.15893356697615,96.68360702117394,35.73556277937614,0.390870806348614,453.0511456870519,0.1628465752790947,0.511515136083225,0.9373395631247,0,877.713908658498,0.27714138794777,0.07954808716452144,28614.227212890946
114.83921459911988,97.40149393697592,32.94879587431619,0.9840381052201268,405.3704041447471,0.0423497474764142,0.7007318803632652,0.1654416400188777,0,472.4355486215693,0.4655530834755375,0.012673929294357034,46552.41883371057
80.1430666704696,94.4812869946516,37.163626942098254,0.7377583603916179,137.8701208359743,0.5588172349183215,0.8556245661758771,0.6491892846364932,0,227.37392595422733,0.4968787534665355,0.08067948071972945,11049.334286023186
120.52156111314645,99.37525986759584,34.68525341279764,0.1562044201001036,319.85884140262675,0.5445720914888342,0.4671036923142699,0.2442394680881759,0,397.9809946901045,0.3530221703544917,0.2902004568230953,38549.8869016869
167.0739278049443,97.3665673521879,37.50213027128334,0.1316446419597748,199.47805678911067,0.2052339267803091,0.8349740733648903,0.9035829853016416,0,379.72303484478573,0.6617291957447751,0.033868918943882775,33327.582458654455
183.33258959029016,94.57924579860898,34.80721948180359,0.2515671541090269,54.142550325789344,0.695329406452567,0.1776198194552022,0.0994994142566156,0,59.52970236956472,0.59644909344848,0.5718251228165692,9926.093958249568
140.62410821595756,95.69335201776094,33.6502415536444,0.7550702812451321,140.09942110489973,0.7411070416296808,0.1591675344798144,0.6561618064448772,0,232.02731033897228,0.43083473891315266,0.6231468610278552,19701.35615444843
102.7772650735953,96.926134434251,32.85097297212605,0.2653650332581851,100.94929247005216,0.2590982053821112,0.6574713688561535,0.7910857215280299,0,180.8088363414675,0.43109515450882435,0.08874855362136175,10375.292191186449
136.44895136202078,95.92190180429218,32.02247056826771,0.5603380922879502,429.22360559276086,0.3440997640297365,0.8701430055517372,0.3549178403647072,0,581.5627207232964,0.6248845553735891,0.04468376114725804,58567.110882957815
97.1201763246408,98.78697583826076,35.192944909909016,0.1839341081627485,166.3278134665154,0.9904716723472566,0.8924261775360394,0.9541380793838092,0,325.0275139555649,0.42891444706614323,0.10654882383666597,16153.78657155994
177.82619151232814,93.56888662280402,32.64294018156154,0.9287975420471756,178.11408599939998,0.3742644678507342,0.6437404583772466,0.8507306845860373,1,329.6412043160858,0.7503104057865516,0.1333352877621863,31673.349567972582
172.50406251928797,92.99885740055804,34.35036658178707,0.4095645522252108,481.9714573094979,0.7608016717561018,0.5254892302093175,0.2946182996849034,0,623.9690685586772,0.7161797452805276,0.361008586923026,83142.03440422995
130.36128628775424,92.13838889495264,35.53563056742252,0.9173188509045676,220.58902537198347,0.45272542662994,0.3313930876965162,0.0075410927159986,0,222.25250766444537,0.5588618743382112,0.3026953496203216,28756.26908845382
98.84785357634868,90.37782968064596,33.654115381416204,0.95038807771949,54.31353806497755,0.7933448278609759,0.9800004155993314,0.2966571761180608,0,70.4260388923146,0.7129037065381599,0.015866566843639508,5368.776657860341
94.60760620370208,90.43013964380056,33.05134575419669,0.1055157825823127,177.73076675576144,0.7690232387826479,0.3196956866662505,0.2813104704707425,0,227.7282923689505,0.5006704136394035,0.5231698263977254,16814.6823915111
59.51142928518303,98.70055193109285,36.64832973565605,0.5177216684788588,103.6848112708156,0.6677560251985356,0.7441861072315932,0.889964607500909,0,195.96062363725284,0.2755440566696918,0.17082126822559576,6170.431313890691
165.13581488841487,96.78393146405908,37.68074703368973,0.1221904501362036,96.26385278113428,0.8547783462955792,0.5319817999050007,0.9671211782547476,0,189.3626635061664,0.5825871108020658,0.400051823113437,15896.609773311011
115.80173376026607,96.60532415436488,32.602642507171794,0.9178234896726152,84.86928056108728,0.9392184948776852,0.6085123425253467,0.0704399859702603,0,90.84747149311634,0.4646561556384222,0.36769244841653465,9828.009831960355
98.89294533403567,96.14642818934884,32.933541946310044,0.5665667902611182,316.9667615789198,0.5799833204520839,0.3934805505886262,0.4712948285333167,0,466.3515571280175,0.3638034353538634,0.3517711641883783,31345.77662553043
118.59989792469678,98.49219144694104,37.76007594351631,0.1674496114286471,135.20647563343638,0.2374689072227457,0.9648231254722478,0.5483319985297957,0,209.3445126316887,0.5231667995782269,0.008353413953616953,16035.474208883557
165.52962871137802,94.80266925665627,32.22670533087348,0.1992490554489102,212.5592573184547,0.398628961644075,0.571682326099271,0.0929116613297033,0,232.30849104692027,0.6551782023953244,0.1707398296008531,35184.85494309007
71.82291804051536,98.704108285583,37.86579401930283,0.4451581220434651,437.9079722585075,0.7583057135132932,0.93778763045879,0.3774977091375225,0,603.2172285991519,0.3700161604743626,0.04717599527429993,31451.82840081106
170.7835584126467,93.5944502618224,32.027866898509934,0.9462107735856004,240.95216290832408,0.6508834851238695,0.0075914161739141,0.3170824173929506,0,317.3538571993555,0.5378193139901051,0.6459423577075666,41150.66778870733
176.16369273962778,99.2670750433909,37.24201193390799,0.7236182364112728,462.0611075232369,0.1777983385652487,0.572670583191121,0.5360563543270873,0,709.7519002984795,0.5528978200827267,0.07597846032867536,81398.39097265562
182.80556852957488,96.9865698008124,33.8439510859265,0.8808569795702191,274.0721240280228,0.0512395411464247,0.7171868897252714,0.661190899731938,0,455.2861183055545,0.6844452710642319,0.0144912140006703,50101.91045105087
108.66087897705476,92.57177136024428,37.63153314906378,0.4298109817059817,229.47647667789008,0.6829615935420649,0.745080171162218,0.7034851104965666,0,390.90976122999837,0.6056172605304576,0.174100452528522,24935.115660377145
84.3139545450857,95.64084921688624,33.901671731813515,0.1388923295949985,387.6750171908157,0.2510790240293453,0.9049768817816812,0.1367550236133875,0,440.6915233210661,0.4892183094659405,0.023858311782480577,32686.413777691756
