hip_flexion_angle,knee_flexion_angle,ankle_rotation_angle,angular_velocity,linear_acceleration,ground_reaction_force,postural_instability_index,biomechanical_deviation_score,fatigue_level,movement_intensity,biomechanical_risk_index,movement_asymmetry,fatigue_grf_interaction
-0.4260033695602404,1.03984836943412,-0.8083511292342084,-0.7080828471051278,-1.122708333552625,1.3990778452326798,0.15160441247499531,0.471005190214644,-0.8378955885299697,-0.9723707916679517,0.43091136319410683,1.010000367505759,-0.20270511232097235
-1.5495532107641623,-1.3872616962963216,-0.06311505835836072,1.0360237270301977,0.5018214816441077,0.21229505388464834,0.21711216568006467,1.4388839156855435,-0.7181912223171508,1.246303320382726,1.1440272609380309,-0.7714387013643738,-0.46013089717958394
0.7531639688786967,-0.03260646549048876,-0.0844911784956618,-1.512792952951482,-1.5653559665891612,-0.18793310346013128,-0.8257924818629757,-0.9877826801165084,-1.5867453314553692,-1.2461811973071792,-1.2595120276102487,-1.3179933479620154,-1.199991139013031
0.5236261981709979,1.1795916191685722,-1.0377112363061989,1.4000335137436952,-0.9445936960043907,-0.8610646919226883,-1.509597339645813,0.09777680504729157,-0.5203968107874911,-0.24169588729381172,-0.9902591431129619,0.22322099085887767,-0.7337213320627959
-1.205881030164536,-0.2023950440179971,0.0055053195769388585,0.5857028288011752,0.4228090982358716,-0.5044479515085842,-1.227886922349112,0.47152478152196886,1.056552913273525,0.7967560242751535,-0.5352376518805501,0.30406678499152856,0.3386736304647701
-0.4718075484952888,0.4837165059817325,-0.6789299450306817,1.283206676534342,-1.1359799099925612,0.6768876340203126,-0.7738033446078966,0.6073677690892341,-0.6284976250035084,-0.5064092983472003,-0.12344990132297075,0.3891206457559878,-0.21319462670868633
-1.0057281900624664,0.5269928170517794,0.5326459800849087,-0.34567769226278106,-1.6908031287498797,0.06810147928633392,-0.39334675567683736,-0.53139984547723,-1.3829027794935203,-1.2274026982695128,-0.6419161043087374,0.9775973051732189,-1.028531234560113
0.10413138359300157,1.6175960144875965,0.8881434783101153,0.2963750429196418,1.5162776938714462,-1.475919651945491,-1.2472579901394794,0.08981882751014228,0.799251189690942,1.4791552798231267,-0.811943362699115,1.1700589235606962,-0.6415878826707367
1.298497941007425,0.9691214093371378,-0.0841628932637633,0.7980872275954445,-1.2328362382855271,-0.644534840674977,-1.4721047423379865,0.5297830295181287,-1.4800791639844124,-0.7201858574700936,-0.6661818919346635,-0.8079053469214782,-1.1641499819363041
-0.3872019655804147,0.20960687465693698,-0.1361191780172015,1.2506592003903272,-1.0314030481748977,-1.0536052219589849,0.928009467521857,-1.2249800436818885,1.38449210864448,-0.390304772443867,-0.19426816815889195,-0.024617938340281163,-0.04569569304183237
-1.2979147099524249,1.0714412457257485,-0.32352820463604254,-0.11201986120534141,1.3950940976132387,0.0026098516357520936,1.745572266430398,1.3628391609074801,0.6055032138810468,0.9048382911884578,2.1624834054088793,1.9241403252425509,0.4730702244785745
-1.2361995600916753,-0.24378292050532135,-0.9255849823427208,-1.2576004850648819,0.5930083921312321,1.5290871708656215,-1.0398946903734938,0.11053786603971809,0.09999966199723088,-0.6394778189316651,-0.6523763556096852,0.28490407054658307,1.0316335004924007
1.1339714392154285,0.7954808198421699,1.1997828415342535,1.3047297085668284,0.9370595050143408,1.164121617413749,-1.591179734375928,1.2198160858493412,0.36588329528394925,1.9940293376882106,-0.27392586171542216,-0.8507888161404282,1.1124307597773955
1.5734847898429454,-1.1096957047865963,-0.7187640814041247,0.5436912955614674,1.6686727607281344,-0.9849204765064643,0.15964881567318628,0.7622014354199019,0.7272539578951454,1.9176854588709384,0.637287304870196,0.7980559325230095,-0.2532312793148233
-0.6815850409780725,1.093229807313598,-1.27217271870584,0.5030184816696375,0.21473552389332254,1.6721773876441335,1.6664219295275693,0.8055750752292145,0.05204190046914955,0.5404863478094265,1.7228715721720385,1.3308698467463975,1.056524497064606
-1.273854495062943,1.2728802575023395,1.2879985710246238,0.3283909984413275,1.0345057567452516,0.7964861128434597,0.33748190389728583,0.6145469241742056,-1.2638649797086492,1.1088498669955968,0.6600942419642325,2.1415254700247,-0.8213439954101214
0.6671937993704216,-0.02276636164960277,-0.28185659416567993,0.5865639352203093,-0.36826307137431846,1.0232415029349233,1.4449276688530628,0.39878971764962384,0.921222850858321,0.05191255438826249,1.2872643353225974,-1.362926512704881,1.6257035129226565
0.36561730102771567,-0.8263570851566314,1.1188263977944701,-0.4018005198996581,-1.3310370969477943,-1.499235866228811,0.8814402077607039,1.5108457964287134,-0.5568277659963085,-1.0196876650240698,1.6590804534583676,-0.7556062926901572,-1.0031505601614799
1.2803657367081405,-1.2663603762250608,-0.786688544359912,0.5734574462375839,0.32895688271103907,1.1313276602827629,0.2936102670643169,-0.46385713717879357,0.5846204865469188,0.6989055372660696,-0.11405487698764233,0.6913489200138301,1.3386280187530377
-1.3540847380991274,-0.22951997283244124,-1.4234393008802113,-1.4036552466558654,1.3869214066834539,-1.0920112804679356,-1.0422389560296819,-1.2562654899156602,-1.3804033617836173,-0.5926011096947975,-1.5962420394334984,0.42048046363961367,-1.1628257408870568
-0.3511217703171378,-1.2669159967746617,-1.6042159252390047,0.4984973664765529,0.5748056848446973,1.7418312989942923,0.3076434115153128,-0.41004532556247064,0.9927247720865533,0.8649998948006867,-0.06712703919262937,-0.9475978363916586,2.364769187821606
-1.5472724562302207,-1.2629561153067737,-0.7928959222598999,1.327652427661824,-1.4860446471021997,-1.0358994900095304,-0.3563702543036073,-1.4438703816031033,0.7418651286443847,-0.9201644682311219,-1.2450325523889338,-0.6246638539182774,-0.2895284457432843
0.07957205659502437,0.5726766865592429,-1.7390425383720347,-0.1141425773350187,1.0516384656004858,-1.0280117477856052,0.595771053282887,-0.5768303684485169,-1.604248287336,0.666248251682535,0.019767231614189713,-0.05832424011408282,-1.2473209980173539
-1.458006346807382,-0.20476568868203682,0.8831145080192939,1.5678593812825874,-0.3073676776452484,1.4833688252012514,-0.11547954280686604,-1.544842444476648,-0.7924059795820416,0.6378220234612191,-1.1458646804357389,0.5546049286180939,-0.12009651389438286
0.24407416678190333,1.5124931055156112,0.23229830510413968,-0.47001227630943926,0.4664479762021261,-0.14537999722690778,-0.6529396279935135,1.6909095795590865,0.7490633987003512,-0.02793319894073499,0.7081836266323184,0.9033799998703053,0.45825431698622476
1.4332267478609093,0.24741341244073362,-0.5648721342019946,-0.4073035987604726,1.0578484225352045,-0.2541112729110331,-0.5945892264101065,0.3981980954808758,-0.15488291870060047,0.3670188978823807,-0.14208163649011155,-0.9703427285404527,-0.2404513144672271
0.17445620601990394,-1.2739963221747628,1.267497454798131,-0.9534168767224186,0.7439464486840038,-0.6994738193781548,0.6174589448584686,0.285759090733023,0.15970870233133036,-0.3183215853743593,0.6295993130493277,-0.4109115335840333,-0.31282573707545863
0.18231716601264375,-0.06175907974125528,1.6182690353624842,0.5780893282017142,-0.9677163307884207,0.6497908360226806,0.538534236978038,1.3069085510624887,-1.1432080246410399,-0.5155630745269819,1.2782449608920483,-0.92239494973123,-0.7263989268238082
0.4656298803698231,-1.2478006419615095,0.42358853589445034,1.3525516811672813,1.0516586581755842,0.6954860574668129,-0.2927648881643594,0.6025963496466898,-1.368254341288786,2.1813739220161694,0.21028880721810478,-0.1497014804574944,-0.9408336427694782
0.37362642309977884,-0.22370962629925673,1.4404434963402926,-0.8866431650410403,1.2012908424762645,1.1737109343998606,-1.6288973418387693,-0.7404040103598454,0.3276301341876299,-0.07091719101142387,-1.6516543781557977,-1.308867729333734,1.0750506841739542
-0.11639309063429988,0.15731893186940937,1.478509987342917,-0.7380009055609253,0.1780703264023683,-0.1328604573109372,0.4469535174291453,-0.1780126259445517,1.5777508894066556,-0.380527625290111,0.19043189811719594,-0.35947914274413045,1.0598121199610109
-0.8020073191864127,0.4163474342105945,-1.6938817869460465,-0.7221610403953355,1.1143063572135326,0.5916950243146396,0.5809580382186659,0.1648773688467422,-1.486669386836714,0.0673860090623519,0.5206944882885899,0.6401761283086668,-1.066880030997631
0.8352089608573325,1.2902210874579259,1.349121832853357,-0.8293361212474608,0.9034197294228633,1.2740265915041582,1.3077455585220665,1.1939856805627604,-1.3870473546569952,-0.13588765880313747,1.7393294351471325,0.042753003500685734,-0.8928466238183587
1.377153142540055,0.4114074661882315,-0.8829210599713685,-0.13832974145545213,-1.193431237276796,1.7343833338008003,1.150875949001917,0.28020843730337053,-0.5325573711000617,-0.8825085051286647,0.9994986079541218,-1.2233568904825467,0.30837911804865187
1.2387342891902993,-1.0959005539455546,0.7814801534042362,-0.808707861333281,-0.26752192561895766,-1.1695707021030797,0.6080037549787978,1.04618487275856,-1.2427466618132859,-0.6248554392886574,1.147183921776249,0.4450951099166389,-1.1219299326154986
0.16678824877400125,-0.6751745850519112,-0.4914932593823479,-0.32216715690755865,0.7535837392033399,0.6560326146112596,1.2822490930678077,-1.2006274350551958,-0.2574666436604647,0.26899672318393164,0.07070902788884038,-1.1367233034009643,0.1425362375714183
-0.313116760246893,-1.0169619336535904,0.4876054054503022,-0.2169049727514979,-0.9191982738130448,-1.0082788613595866,-0.37658694073765947,-0.1707683511053392,0.03147668199804825,-0.7212117812819703,-0.38156785064873044,-1.20914787036785,-0.5632316263625994
0.9875563792369576,0.07207225307049588,-1.2657264566250361,-0.5718847881521401,-1.6042934260076276,0.33853407393333673,0.6909939950948418,0.1620722996625518,0.8218722896339694,-1.1903160972514624,0.5958548071348425,-1.207964030802348,0.9265280439991824
0.5374315989236388,0.4660766561476704,-0.9760977004510051,-1.44860055496694,1.3015848011686808,-0.13458644218199858,0.06573677444348203,-1.377946511253681,0.5454673898222386,-0.6617533654313484,-0.9038480269854039,-0.6462986372110676,0.3221798648787535
-0.042620816783785265,-1.630358096573671,-0.05474412305926676,-0.3227909378659405,-0.26539770854570993,1.174038154130835,-0.07595640645803568,1.4176004409918366,-1.4903971007320012,-0.3548006827289085,0.9240238287250748,-0.20172149444438534,-1.0236854190132312
1.1918585729746949,-0.16059360021649494,1.6455195021762656,-0.9421966574178472,1.6431230527376943,0.08299590423699278,-0.741980586694898,-1.4844528581478322,-0.3180908100550421,0.039337703464636664,-1.5431771399241996,-0.7236319738561727,-0.18968239416048852
-0.5676991605552153,1.044579161575047,0.3589135158317595,-1.454719250585465,0.44696325083114014,-0.32971021281802987,-0.4324992461486967,-0.6749216471581152,-0.5247509116626055,-0.8393944797168037,-0.7682859232662076,1.1580750226885794,-0.5198477847006384
-0.6854294791406756,-1.6316853415105321,0.5659884242644904,1.6171692628744527,0.009792420334541039,-0.12719013167328372,0.5823159967832469,-0.2656860925680228,1.7027479338649518,1.0821986869746887,0.22483152540215245,-0.8461400066649853,1.1555385638199183
-0.4517834212506452,-0.2797675034240909,-0.18150038552824324,0.4547112304859346,-0.8763048710985772,-0.5410585097219403,0.2753496710764704,1.0093277391082092,-1.1233478517299016,-0.470609043281687,0.8887099598868489,-0.5465714441122211,-0.9501950757017986
0.824964986898382,-0.24525392536962884,1.2269631748062824,1.2889266461592572,0.25488137339754097,0.1141904867569223,-1.5770831235301874,-1.077456172161266,-0.8375694896546656,1.161141990739211,-1.847703183810055,-0.9908283931479676,-0.58869472819742
-0.7152570882790894,-0.964609259647699,-0.6946602502806872,0.3173015224989162,-0.07528475755640592,1.7711523377050233,-0.4597774671462224,0.7444066507774146,-0.15601469321588826,0.1602687975708853,0.19103421755164862,-1.1030461864593142,0.8338641635099471
0.6008769368934329,-1.6372734855521718,-0.45105281459604346,1.659519151829182,-0.09696429918018142,1.0560886184435103,-1.0127854721265561,1.7242051384155666,-1.3133179597143947,0.9676111523784752,0.47901906477718653,0.45327408834285227,-0.8357664861903967
0.47119270684224307,-1.5823716191311972,-1.7192926334090135,-0.8601908647650895,0.45175588169034575,0.7169580706241551,0.7472831029263601,1.5770794679718105,0.5758566635211537,-0.3540359772037937,1.6107455479497705,0.25710578252485966,1.0062839690848935
0.3181501567652993,-1.2545038103606818,-0.6861303422240497,0.6068611873860218,0.017643051535385708,-0.27366144658506353,-0.47319497155704066,0.6977177337064069,0.372212904241842,0.42893683153069934,0.14944797075046687,-0.2898772961971695,0.10007289469103708
-1.0813243533566,1.2741019900248651,-1.4794385638422143,0.4847927370807114,1.1151284824353762,-1.3563294653095146,0.5447976911325378,0.7128781737362523,-1.0875747619570302,1.3424354879943443,0.8731309227086133,1.9495015396078457,-1.1059607001741887
-1.0354848283357299,-1.3193477757457002,0.7750473898441275,-1.6052275493362627,0.5905662939419244,-1.4773383631447676,-1.1745578470441196,1.3330897064011202,-0.8295016338410055,-0.9409302891960305,0.09605678308510146,-1.2066251634116412,-1.0652063821134872
-1.339818939937599,-1.614989319882182,-0.31946444758371906,0.5596009733367849,-1.0050762834617253,-1.6497613150312143,-0.7118067402102902,0.15170209832152523,1.0691981092718517,-0.5559221449051371,-0.3941323916885398,-1.2553079761333126,-0.7356430186979624
-1.6047682234481513,-0.9577266038823639,-1.638886535636753,0.1973720899165613,-1.64258930005843,-1.1006971283946623,1.0710248495624308,-0.83982100201539,1.2628141924259069,-1.1696234648814283,0.1714463673984483,-0.2008512174790015,-0.1422167954654116
-1.0773301730270577,0.14178485532618748,1.1121281685138442,-1.0523740283992984,1.729554183292735,1.1434356352577062,0.11765941212003185,-0.04987136153634022,-0.7014758311922143,-0.06826302346018195,0.04805576252257084,0.5876154142863504,-0.12346271468594215
1.0540244971643122,3.3656921087101974e-05,-1.51110393171025,1.0324569389345404,-0.3894982555831999,-0.48887086403731284,-1.0265233580034665,0.40523294689144096,-1.6340100262100425,0.2587318147029378,-0.43985626325660326,-1.054776355940021,-1.2424003845551517
-0.23907813715961151,1.7227524138319492,1.3995928361446663,-0.8946864868511456,-0.18382113084479107,-1.5164663764662276,1.1251381871794572,1.4129574014689081,-0.5195647621235309,-0.6386315167038301,1.7623409352999528,1.641081090950125,-1.0007936616447803
-0.36899702793172107,1.5023110275006324,-1.2936637236950208,-0.07703811963554887,0.26105053326564753,0.318709237428559,-0.9684454370891329,0.05432069211863003,-0.2160229809790381,0.15036171622673708,-0.6410711882443187,1.5072942433034473,0.010907897473871022
1.4397827734120834,0.7225473137362355,-0.606197546245179,0.4774152632221098,-1.3493954834331328,-0.6037561297273718,0.29946561498733915,0.9794131035634851,0.17533919145537077,-0.8901526197674094,0.8849841785958484,-1.2455849190365782,-0.24314851739015086
1.6500925064071965,1.2962772619088812,-0.18471642201438981,-0.9846372879273609,1.5150056206511784,-0.9902193433461571,0.07117828582023522,1.3586010020057502,-1.2745978807369915,-0.06114592950681824,0.9864381766250729,-0.7689264817459196,-1.1060295680846082
-0.14084294914923265,-0.9113951845653612,0.5277862615047382,-0.01846413765172065,1.5780119044789709,-1.4746209498973477,-0.5336009020622592,-1.5634517633815166,1.1543819544636869,1.145297891048913,-1.45163985680851,-1.162611455411259,-0.5480526438050615
0.5309679335647434,-0.9941058406861972,-0.30889607156414167,-0.7554337561851767,0.3566537143697109,-0.8878439524752487,-0.09349771882007979,-0.12765031578010338,-1.2557404993083403,-0.31188035894695176,-0.1535042772012534,-0.3882682247700018,-1.0817053966429382
1.59639571226292,0.9578973503408565,-1.6352684056784683,-0.2152312572691388,-0.3747772218521946,-0.2210527640265301,-1.3714118422864288,1.4543083365169507,0.685323770779867,-0.3664052644915688,0.04169939805771981,-1.1207466495026628,0.3513942721636549
0.8457627406555259,0.5444795392162479,-0.6621515184424508,-1.5752761203772718,1.3170786286437075,0.5632100447094018,-0.11455355061741686,0.6903729108673909,-0.8091324848735748,-0.8017121746286114,0.39565815170770746,-0.862144854478287,-0.42669907508360533
1.5968156895800976,0.724904077864976,0.5009245610716061,-0.9668344941785909,-1.1612550381634419,-1.3033030858927575,-1.0487234600370083,-1.0450698821913493,0.35931846030821485,-1.0495248942018356,-1.4551948790283482,-1.3785447257024765,-0.6342282658668582
0.1231742444116366,-1.1087334560878503,1.5004826879861035,-0.4061498007016507,-1.5219923783923837,-1.6453522927996802,1.6019088169739744,-1.6847804150498307,1.3397842598315746,-1.1314099065174363,-0.03908612459242106,-0.6606317440346673,-0.6766531106852695
1.4128664549778616,-0.5277064793876063,0.5426704680370736,1.5873122299458304,-0.009726011401289768,0.9665018442940359,0.9988459187694598,0.05125151201801596,-0.5345123104447486,1.0371717880494753,0.735148087710992,-0.06128246863080727,-0.003735318298157702
-1.264610844887014,-1.4133098662741141,-1.5889891659123163,0.9258515995982788,0.7099829892668089,0.3841667689983447,-0.7759353926658719,-1.1401670623647127,0.1823655530436848,1.3764056272152014,-1.3296289721065575,-1.0890371138887092,0.3980355096517087
-0.9938176180088855,-0.9149627642917759,0.024445359994216494,0.40777379424773585,0.6097652647178418,0.8815390729137701,-0.6469600128216948,-0.20262510841213718,-0.25002458512298137,0.8176934809630196,-0.5929590567657885,-0.7635623380775034,0.2623752659765048
-1.0515599955343473,-1.2778615685459846,0.13783473978493288,0.26229568343018195,0.006055463954906712,-1.4434210967643284,-0.3750305945932644,0.8216118591648374,-0.2926303163123788,0.19306111236465226,0.30363245154145807,-1.1407197722136722,-0.9095318957522766
0.5889626095446795,1.286212226547329,0.32754431848712195,0.9462880162194643,0.5949098690394129,-0.2753952850610793,0.18223817217779587,-0.027810759530326738,-0.9939456169961783,1.2714676963813798,0.10850906292666468,0.2854183568009775,-0.8098653598128803
0.5538641515504268,1.6824491793280458,-0.020478122975655738,-0.02202822338983068,-0.5778043542564292,-0.5243591091307314,-0.4420578108724507,-1.3858692909771944,-0.22294728499665836,-0.41347403975687763,-1.2650836765877667,0.7958580454745464,-0.42356310654916823
0.10238766761506109,-0.15058458459976726,-0.23580611386965628,-1.6287889646856648,-0.4051782729661769,-1.482864994671205,1.6604623846174407,-1.715595374886064,-1.649903699190558,-1.0972217977976193,-0.0193046686286969,-0.9485867032478098,-1.278119203461286
-0.38136718965213107,1.4766662674420763,0.6515848313770868,-0.9770399711920641,1.0851536971026732,-1.5021842539433325,-0.14835810277316672,-1.6333601487435765,0.42490952137133076,-0.2126071160386287,-1.229921049635834,1.4889728779292024,-0.757944166823977
1.3037345605443442,-0.31722139248008513,-1.6188694882535009,0.6064919357053431,-1.2072021997647904,1.2870385773709472,-1.455138394140917,0.562031291427635,0.1253116267017306,-0.7345256462150735,-0.6320640824735599,-0.42337111197007676,0.9124130287297612
-1.2478030435156406,-0.8065255147476296,0.5285226667777772,-0.9117308788730756,-1.7178439203349363,1.1578889697936945,-1.6540509130576475,-1.3549169204485694,1.2853942554407374,-1.2581266382464988,-2.0928998882360186,-0.37827425455826946,2.1646115314174748
-0.23623300673894812,0.5512782301768538,0.4251179539148807,-1.2083194077422743,-1.4619989319009044,-0.15616980375878717,-0.09019822952738316,-1.0546459424474683,1.3512644311354978,-1.191621981380215,-0.7902287637801092,0.2333926970590987,0.8740282941186244
1.1214839938253522,-1.6590647336693345,1.251793546808558,-0.7583577136519151,0.3524101815724206,-1.3767413870722773,-0.11090790420686006,-1.456356427853224,0.715734499619211,-0.31608449333608146,-1.0816627145705981,1.0026060183295267,-0.5814494025876484
0.48176647907317965,1.622950113340814,1.3846662155559384,-1.5839721369176305,0.24964074390313734,-0.7720860932786012,-1.602299153087328,1.7397807039822626,0.6338854230573883,-0.9746287319028533,0.07672779188100111,0.796963656701409,-0.12322777505559868
1.2848855161516977,0.9915203881470689,-1.6609588850959842,0.8431329187067692,0.6654609728889234,-1.4129532079732292,-0.1569765076283022,-0.5417123502406899,-0.6101484314748642,1.2551235181426303,-0.483418069247729,-0.7673643231582785,-0.9840127313199885
-0.851722089230571,-1.250111422363885,0.3853384683114821,-0.5617602258984055,1.6245189019655057,-1.4811720200186003,-0.2844626204564453,0.64727441062064,-0.052342700009742386,0.5044327190420766,0.2469049781218004,-1.3082750517722554,-0.8658238291827458
1.3332355049411186,1.3373311194261714,0.9345832620645209,-0.07066214214969617,-1.3461596667903026,0.6816748079849718,0.2422433466953446,0.5027133817289184,1.7711878213031205,-0.9752954931057995,0.5162737818305173,-0.40125969896028624,2.1601714377437338
-1.1397995903122158,0.14955177858013485,-0.1229624975978594,-0.24881865248827376,0.49153911308732745,-0.7808702986538326,-0.20047662104286362,0.18664688129022367,-1.327362316778814,0.16949115460189454,-0.01179169519769295,0.6597100337708734,-1.1000560674898603
0.4036765425335417,-1.3520785594527078,0.8692733480956701,1.0925523250007418,0.05385859058616558,0.5675472500634199,1.0754124916888996,-1.5026234471548232,0.6741003405224987,0.7887524256491135,-0.28239081035996316,-0.08691353995490769,0.983359929183735
1.7094356019241004,-0.7299796567052519,-0.6232940083962958,0.6349326898253314,1.2077746747731333,-1.6297060925788713,-0.8752506201737331,-1.076413304329282,0.3052006903439593,1.589942072233284,-1.3552623197308207,0.4793292470878878,-0.8755362559262291
-1.3097600395760969,-0.14035181085007534,0.6595647212554692,-0.9193112312890114,0.5635361494184014,1.6387209730274082,1.5228494530187868,0.6933710677157772,0.5431606981315209,-0.35809718115489875,1.5449317369977975,0.4828652587127058,1.6804769180221124
1.6256130321685802,1.123747488669893,1.050571062598479,-0.41421854112129386,-0.5614979947157465,0.31289122787708495,-0.09126142711403165,1.5950672644190704,-1.2996867736809892,-0.5766885208760106,1.0356397424195967,-0.9512223880273681,-0.9281087684548462
-0.47293064247538835,1.116619276527998,-0.3745051392031112,-0.1137715555387743,-0.9533197815437848,1.5363822131726124,-1.1646990811580138,0.03504568763949734,0.0009523956897955214,-0.7120845897101907,-0.7918590208794333,1.1492248512643592,0.9096664238340236
1.0679582710708104,-0.4945601445271735,-1.1321187504732262,-0.7761391818096258,1.3271212187608412,0.5622891386473956,0.2516300725045611,-1.4382872778815985,1.2223181749207126,0.10545630105092856,-0.8152030616352459,-0.447657458853507,1.4987963872013594
1.4489104392164147,0.2803964951211053,1.1700667913587444,1.6580815982038437,0.8137460144385511,0.06636296370413135,0.9600052981759748,-0.2636971703121729,-1.7267862836724612,2.1800285980805847,0.49082147816640126,-0.9941341606747311,-1.2971500938341745
-1.3718587644366,0.9254456419474582,-0.17103742563146423,0.3858550408978196,1.1077336723811255,-0.16253223406139108,-0.07221410487071038,1.0938662613332044,-0.5298652061674145,1.23151801722742,0.7034755185160367,1.823375069049178,-0.455513956640296
-0.16923280164903998,-0.4522514873528981,1.5426305273788956,0.9027721097293809,-0.44886817086950576,-1.5366419888601806,-0.87773258855334,0.6127554446186625,-1.4081721852011195,0.1299771099689486,-0.192551347173422,-1.0373716830143034,-1.2216900928253547
-0.860324231464187,1.2864190425802429,-0.2119368471149069,1.146640591785415,1.5964181951546663,-0.03694208330719701,-1.2294263664751213,-0.6158667790647184,-0.29475173742178173,2.5930660635543124,-1.2859233916074828,1.7421713173425253,-0.22938307372500302
1.5790992004289872,-1.3048595913432537,1.5742588514020706,-1.3423448310069517,1.719071316663796,0.39876806868091325,-0.8930120064605273,0.33783454413969893,-1.33885284629721,-0.44184203367473185,-0.39277671138880677,1.0377383804375782,-0.9506492486669942
0.14706046778070722,1.5084375050485663,0.20476790092827538,1.7399721452318166,1.533028183805803,-1.6348405271058328,-0.17299162079637925,-0.21005184451530015,-0.8052284006850013,3.2372333630428862,-0.2660042938926757,0.9960134045545068,-1.10799506839918
1.486456403246198,-0.511051284713352,0.5368153472482422,1.6414098476412153,-1.707415521176027,0.5977080609758303,0.00042110810468918344,-1.297653434794927,-0.31135561803907696,-1.1792984799346045,-0.8942588163619288,-0.0072988794108800655,0.061843175556265256
-0.08847907658900935,1.1336015162353348,-0.5018560274271378,1.4205865786677119,0.7579814144105509,1.3995663235098543,-1.1087257996851723,0.39732311780620394,0.4074637331309245,1.8857748007975914,-0.5029021546553332,0.7832236041218549,1.330071768982737
-1.4981116077259482,-1.6117690305275658,0.994149340678332,-0.1996515814142675,-1.4813592106933668,1.0291750644052156,0.9994590396274876,-1.2651215816396788,1.0806125934742588,-1.0847675629668363,-0.1718808338539629,-1.0923651755767148,1.8072354670221245
0.32644298658321547,0.4160107648502233,0.2226772555009985,1.2782642327161209,-0.051071049850224905,0.3254641584111237,-0.4170066284761729,-1.4628477271671263,1.8146978747630365,0.78788663429433,-1.3005982336417654,-0.49429810524132334,1.7770714367793685
1.7436898860306955,-1.0396062146255924,-0.8945294292397927,0.24323869132465017,-1.26874853582963,0.8655885782724466,-0.15164052532693736,0.013006169784935429,0.6135440031605441,-0.8615722769078789,-0.09727729425766127,0.8850575751266815,1.1614950112659794
0.5399849010638171,-0.35145935477058177,-1.0280943509049363,0.4253967106634312,-1.1003100957009548,1.6468744636795434,-1.2331399214725973,-0.046596284827105816,-1.1732585472964243,-0.678306882408903,-0.8960913677983968,-1.14986650730867,-0.5689395385934105
0.7908000567274391,-1.0844255076955829,0.7355309122229682,-0.6367710240366135,1.6302469541173215,1.4574220339759545,1.2049268347198234,-0.7543287307889714,0.3809201882637708,0.41416188968206225,0.3241967327217044,-0.01883088686914117,1.3386054402494325
-1.4176625037429669,-0.05487460372052935,1.0439441594361247,-0.9132536300100299,1.1804453400286536,-1.5174053955241265,1.1787476486149424,-0.9475418946037334,0.2437805263842934,-0.10812616832467603,0.1726609745399116,0.6938091924319861,-0.8135339813020712
1.1123543981867798,1.2736527324618072,-0.24586838807120973,1.684697315995963,-0.32657372230896425,-1.4206395244658114,0.35289195767527815,-0.527524603980193,-1.0880683661507329,0.67497678854055,-0.11641057169596426,-0.25564147634133305,-1.1200090997949017
-0.22069401955845516,-0.5145300652904122,0.031546183581478864,-0.7976704824456142,1.1178046255338114,-0.3672517295360387,-0.2053943229235803,-1.3132220795519105,0.7184930219565517,-0.010801856507501732,-1.049190857420941,-1.060338489476563,0.2532916877508358
1.629635072771865,1.455443128349616,0.2969784012616395,1.304174053720485,0.2871112479484761,-0.09646072710022688,0.7830292423652813,-1.1465234385223726,1.5257783181571622,1.2112618207407726,-0.2417599965274293,-0.5574958270829401,1.0627319088566227
-1.6336813276720064,0.23501888015850295,-0.9741453513176808,-1.6252764853086104,1.418880100870865,0.6974013232643976,0.5688420823211136,1.1472638692125425,-0.9438617845470701,-0.8441666745811447,1.1894263324130752,1.2585434740880699,-0.5189239144746188
0.2629134361916398,-1.4720840042177745,0.37698162061943086,-1.3358344210006126,0.9841370746603423,1.6975556314392446,-0.62027357458213,-1.1408407498088595,0.07752529737922621,-0.6121713938054969,-1.2210327033120703,-0.08446746255410878,1.1057044380866032
-1.3612622177560416,0.5452331536762872,1.2088748074464681,-0.16994080266727965,1.3850334511379774,0.6877549509418628,0.2993473364088281,-0.7604082611951865,0.10659988027694435,0.8310558441787939,-0.3144666172525909,1.356775822583509,0.5188400962796473
-0.8118108586510722,-0.52106286301296,0.09774809535973306,1.477039500626616,-1.291990400996939,-1.236431133603897,-0.4520514128685925,-1.2527328175752244,0.7786340989654884,-0.6580143202719952,-1.1803061351203337,-0.4741117359519109,-0.4442420639302163
-1.1521932834909374,0.8230746073629148,1.3547517804342346,1.5374228228721878,-1.5167328781919087,-1.3259004207521559,-1.3173357385935573,-1.2860782927257632,-0.8079749430254288,-0.9366719039424446,-1.8095337729632623,1.479852449742832,-1.012570023020044
-1.638197740264232,1.058176019088674,-1.0078973094721198,1.7415065554887115,-1.2639845913791237,-0.14281105848320955,-0.6142677696231869,1.6822363394384958,-0.8676891873346342,-0.5721475006277487,0.7292991197383527,2.250210490813178,-0.6873627339999737
0.2083575917451005,-0.8684145892310758,1.3537663550390602,0.19585984339542234,0.2734321060425732,-0.6972960072963311,0.43154303402915395,-0.8555209991693842,-1.2617009684344465,0.36368491898363636,-0.28741407498188515,-0.8632139664545743,-1.0544223680591505
-0.14566725525226057,-0.7474045621925259,1.22982438253529,-1.1359148320803771,0.3319233662236883,-1.1562464469579736,0.4432732532505675,-1.3511159656914629,1.5925480627893245,-0.6165286466448446,-0.6208402575318601,-1.3641169584693376,-0.0770533556991412
-0.708052235130999,0.9471230937573478,-0.4830519926024931,-0.8536668845049724,1.603996245142305,-0.13564701677378932,0.22187068876670113,-1.3852299386309048,1.7478480310720126,0.13346581305661614,-0.7994775034567803,1.182258031324692,1.177868623831113
0.89995333114583,0.4079212284836425,0.4573764377472345,-0.8343568339428732,-1.1680715997827318,-0.3115450998920373,-0.1800612003748349,0.6854259165141552,1.3303933915954214,-1.0222275011604194,0.34635152974249694,-1.080365744646493,0.6988513810455451
0.044721566517326984,-1.3587932070329702,0.3027054052900728,1.1350970806227203,0.27726231158618814,-0.8870838516922911,0.5508495754277174,1.347241465291664,0.9164364109812164,1.0723838010775524,1.314677410616746,-0.4396040850348753,-0.08535467209524336
-0.8439566798225681,-1.2158465705156782,-0.16487542389382426,-0.884534745821049,0.06251389582193792,0.37499291268170937,1.069366354483597,0.35960565152671164,-1.6852394703531939,-0.5323882828973749,0.997124360908713,-1.2749888064728727,-1.2602393538848387
-1.431207158124275,-0.867973646360624,0.5503209664529893,1.1129085057857728,0.031503703761731165,-0.0024262351765981576,-0.9768864457140009,-1.293402500898903,0.3410922439010506,0.777042521144212,-1.5760552550614255,-0.26764515952848666,0.2688587359047878
-1.2395790115648848,1.0406423376339482,-1.7351304051873895,1.6397874345165808,-0.37345980555298586,0.9981027992277024,1.2929416105549332,-1.1541902919682465,1.0202073044638846,0.5889500687850767,0.11021251499283932,1.8285801102541894,1.7116164705281005
1.0897237303977183,0.20317326023946342,1.131545465280168,1.047487065380453,-0.7028015360259667,0.22640549875461594,0.030455055047346694,1.6841690139155816,-1.674804115113992,-0.0814272000720618,1.1823408697484035,-1.2625038601727845,-1.2536878711824562
0.17889049764695542,-1.5414572815151535,0.0014418113265190565,0.23247056266460855,0.8857770135616285,0.9546931312823503,-0.026165498768494735,-0.7549962929589661,0.796979319422732,0.8893532786749481,-0.5387984945804546,-0.08571660204187338,1.4301427590222189
0.9699183495365182,-0.3951081150180586,-0.9363211357265301,1.5663876266713581,-0.2585287281058155,0.44564941373283706,-0.5847812405697167,0.29303494115274303,0.44368452560602956,0.700466265531404,-0.20770546308733398,-0.6654483042223812,0.6751317392100996
-1.3867870046359625,-1.6359105383394361,-1.3748646228779489,0.04003660022951113,-1.0755692793338005,1.7165407192082478,-0.3112607849157147,-1.2424272716205613,-0.27654116069640367,-0.7562951641419613,-1.0745603318016543,-1.2331946652608703,0.6436471182316472
-0.4634484380413856,0.5840626424415898,-0.06821203546463085,-0.9643402736625791,0.3768277060371338,-0.5207503280201903,-1.248108230984624,-1.4426644778990176,1.7566354657905467,-0.46723213673302766,-1.868975868962693,0.5010547546261351,0.7310155366858863
-0.25329937680582293,-0.8905255510569376,-0.5311649001734203,0.5674352556520058,-0.3878300999885429,-0.8560894435440634,-1.0310680435872766,0.4350947884356185,0.8817071374949333,0.023729215475646406,-0.4224547479142394,-1.3006547826712977,-0.0739703932729925
-0.05796638080356225,0.9722622111032365,-0.5620693244911742,0.7389137669832747,-0.8635978995964395,-0.11026250612282983,0.7443988143986165,-0.8867911977989815,0.6382308205757222,-0.36368411995347644,-0.08977575576250756,0.5590812249586068,0.4077267880704206
-1.0356512194387473,0.02962606257042278,-1.3216399336148148,-1.3285116411386493,-1.4310001594308648,-1.2218260147144806,1.7011536007513701,-0.11221806246292317,0.7145313353348793,-1.19825175557466,1.1145131352969655,0.41122831938084015,-0.45403506232876045
-0.31531438187181776,0.8208857158931419,-0.6531499652700925,1.1995082079955106,-0.9252955713287195,1.1613019718432334,-1.4277116090192625,-1.198358904428144,-0.7060556006753322,-0.2807202154023193,-1.8263954810181235,0.6361805978571727,-0.12253678930787143
-0.9717848585053815,1.4488161948133567,-1.4053969992242656,0.5859060084896881,0.4384556535804941,-0.2691740036944311,-1.6313798583721464,0.018757260017344325,-0.01131769710002136,0.8116615821778023,-1.1300562418237632,2.0489333529600504,-0.15265802421428365
-0.8906413462293293,0.6799764570045257,-0.8058346582962446,0.33705319809165607,1.360422224871558,0.9709119949078264,-1.0229487755521898,1.3699240618718727,0.916825653064171,1.395315500072969,0.2276702382696262,1.0453948988443678,1.5741175387626785
1.1282822729389381,1.5838405524598258,1.5779323380621315,0.07775818075158336,1.6251974198270713,-0.1309724059745864,-0.9023536687134667,-1.2605155594817254,0.5451485080591248,1.2988572570484946,-1.501164639302904,0.10032782707942955,0.32472661141809583
-1.433333281761962,-0.042112446497096924,0.7249719996945932,-1.0445507242147336,0.13470166159713917,0.16696538933344818,1.4744338192947133,-1.1271299613713335,-1.025159443604938,-0.6149083279995701,0.25602501869871075,0.7248623670473475,-0.7256182105298234
1.6939730617143343,-0.6698256749101754,-0.7698641336779628,-0.7241095476854973,1.3463708383135857,-1.5558826363724532,1.2607136882283962,0.30669925045867746,-0.5683823007647906,0.17338043047665364,1.0947155385024132,0.3916531825284013,-1.0282449109157858
-1.6364279973233338,0.6575780248874707,-0.23353342068848085,0.03049512230654421,0.6643949898096253,-0.4073563783051348,0.42232916363680123,0.41135764876433184,0.5623598003556287,0.5290459904385275,0.5794693156932796,1.768035758677325,0.12326492766753505
-0.41007623550055367,0.6592272088901702,1.5471163227602047,-0.7853643721304018,0.6310205887981961,1.2367415236611412,-1.1066851823930535,0.5613946440286701,0.42572717848200087,-0.21359730225324455,-0.388367657767556,0.5375539060855066,1.2341343810313676
-0.5668538603796728,-1.4581268687502653,1.2943481525845861,0.43108943096709806,-1.707264457147962,-0.3718334918533577,-1.3456280117274233,0.8693305537440451,-1.5018514433624433,-1.2145689141892293,-0.34349764016307,-0.9351047409717052,-1.1550735839941892
-1.630457397495015,-0.43704868704057714,-0.4101674515543139,0.13789235321150553,1.5894619890168602,-0.23261063400734094,1.4536857023021397,0.27322778725352476,0.3153026663857094,1.3456784584555919,1.2068427299711972,0.44936163697727244,0.09050895489104727
0.9688785546473689,-0.9250962078116292,-0.7707942501564825,-1.042416643323555,-0.5992568187306743,-1.5154641441811754,-0.9919411105217967,-0.4677722879896532,0.16851174490417434,-0.870161317070797,-1.0174442813367945,-0.030932799933416417,-0.8307931087897987
1.443399530629831,0.43808898804394986,-1.3610029197987652,-0.3024330377742756,0.40940187537883294,0.6265826106428841,-1.1439599989312357,-1.1895684509687128,0.7841035646398492,0.07418765771402402,-1.6215319753301665,-1.188776983743737,1.1379128666794158
0.9831657909294262,0.10367761040995262,-0.09433514067904931,-0.02909897432888933,0.6539970700587204,1.1038682146467227,1.5761096591386292,0.12942341218607642,-1.1022752104493518,0.46841022425825873,1.193482740999455,-1.2502775566256845,-0.5904180685124287
1.6512235448000459,-0.5079095357617157,-0.7288229209375022,-0.7670770425209124,1.3613842655485024,0.5566958520240584,1.0325930398318361,0.2453155187619409,-1.1696548941136264,0.13114339257031096,0.8925726756431813,0.1545212993138779,-0.7698089449462773
0.47701703533836903,-1.7008523382829965,-1.2444907979942856,1.4789006517878824,0.2370810092825075,0.8345129565090981,-1.663611478670823,0.021099545506045283,1.5932242906523741,1.2797651926339038,-1.1510238619447106,0.40504091933900027,2.1556885792145044
-0.5776690887933282,0.5688577796205467,0.5645447295539301,0.883213915070625,1.7082748626095239,-0.4715519398270732,-1.492309454857195,-0.4436498265536625,-0.10879005390914828,2.386225788947842,-1.3513861215326675,0.5976106402251143,-0.328352751656653
0.855923710025492,0.989128748359295,1.009507188872209,-1.555610368658818,0.8655483511962813,1.1237221360672187,1.595752802090099,-1.5818555660752804,1.3118628035440918,-0.8531465151282527,0.02755336284219554,-0.339134141376134,2.1599559617096986
0.9320450602022821,-1.1963558071037543,0.893330860114155,-1.6557634097614302,-0.2939474136576609,-1.0894975344267512,-1.3586709674701385,-1.5999432761098267,1.1436648994751673,-1.0967003629122594,-2.0548611077842582,0.257344133353146,-0.17740953285730177
0.6312211888026775,-0.1610049348915064,-1.6479871354268605,-0.8928182379922666,-0.5873245932743362,0.0211702375456461,0.9271372486868006,-1.41614706098265,0.9823709861461345,-0.8006510508196591,-0.3266626754300386,-1.2865683150706835,0.776106182851141
-1.384393879458521,1.624673744105922,0.14197967206140277,-0.5147167738835212,1.3040020764680123,-0.08460178730171289,-0.7718243482506145,0.5216697018266673,-0.7659490000359441,0.38918114174848034,-0.1811404151606268,2.6744853147515246,-0.5962230504754811
-1.49880774969069,1.2130835473906507,-0.06175087439327146,1.018104683543165,0.7938510239731897,0.47776651084864785,0.4556233329244325,-0.16549452170708812,-0.5846590970573313,1.5524441103561524,0.20513570836444828,2.295891019439157,-0.2468228441276701
0.4521561837089617,1.3836151752010746,-0.0397961705695337,-0.109805555301324,1.7343989325558098,0.5315388637789629,1.5929793956128668,1.1216984308893172,1.222922054858231,1.1412160009689778,1.8893394841980586,0.5397115283011991,1.4687291920969845
1.5293038768846139,0.5604627948651969,0.8391216791287229,-0.20735338017766786,-1.4910411700990105,-0.4916320660906564,0.8497486713093425,0.8025164605577145,-0.25002189034564226,-1.0919544568124255,1.1485807332008513,-1.249195176977636,-0.42296227406035236
-0.06785453228780482,-0.8350496453978546,-0.7994816378199233,-1.184402128281252,-0.2563845218737033,-1.5525972456154284,1.7424716044630841,0.42859279711087456,-1.6480586033700488,-0.8293273342359461,1.5162764202043046,-1.1808129146144932,-1.2795320911754073
0.49602959401733077,0.4209264203085729,0.16502092715444633,-0.5668889835876089,0.7984482659208303,1.5320095367399316,1.5320119190712134,-1.0992146021630818,-0.9896385047329186,0.06618959518546721,0.31560952712760154,-0.6588344884514818,-0.3562759322758324
-1.1242668898522576,1.489063424773105,0.47729569796579296,-1.1382813358764423,1.1795826065840904,1.2047916695499885,0.8668650381269328,0.709158591946858,-1.095827287608599,-0.35139725970060876,1.0962154702316367,2.2504391977981344,-0.5615769283654322
1.685926657419512,-0.3724148421571466,1.2888731129373299,1.1930475314451041,-0.6995756282296177,-0.42247012177945664,1.547256950777068,-0.3360357418350696,1.009866351642995,-0.020217623494572713,0.8523976174882495,0.026912330406885593,0.3870162438813836
-0.05146495267476674,-0.12505106439911864,-1.5108455889849812,0.3004180042187792,-1.594545955237512,1.5973739216862506,0.5250399267307289,-0.3292555459438569,0.2475626609773977,-1.1239024393710335,0.14088002471205507,-0.7633480895449419,1.2652418193869448
1.5837356325054937,-1.5239236564239156,-0.7608384318133073,0.1322784329816431,1.0984863187077303,0.0014254517981643132,-0.5073401866009433,1.4643078612187812,-1.343680726947904,0.9572107422545201,0.6539835809229393,1.3050990170955892,-1.0065509924304146
1.3780395417362432,-0.17309566457071307,-0.46881635766909957,-0.2345314546590159,0.21464201418362627,1.482708891009507,0.7643701480416076,1.1107516186741073,-1.0825140563141098,0.003094314519637676,1.3012481542585994,-0.5215312931205686,-0.48547693817677373
1.411496548716966,-1.2121265247112658,-0.011491590742842733,0.3817681801840026,0.8383782593070345,-1.646632031002965,-0.9103081798612821,0.8354717753863837,1.588498489095842,0.9934306613556682,-0.06184231877205601,0.7580957154468514,-0.6276922628861359
1.3988652786051423,-1.0721862023146582,-0.7867694886803495,1.1748087704494248,-0.7185554005489624,-0.5151319737692808,-1.685631557123504,0.0005487901761765905,0.33342476681523525,-0.0493874962044544,-1.180618620603268,0.5775854294792209,-0.09383330238614485
1.6511015437643335,0.8263197554593372,1.5469465925274442,0.989599435056875,1.7153899150458076,-0.5929259101054526,1.1406372874110182,-1.5826529637730296,-0.7236226351515822,2.529285234364176,-0.29186199896150167,-1.3335124840493502,-0.7377620734344917
-0.5161197982748398,0.7022041052299162,-0.5149622940332396,-1.0599593401180938,0.8128945554777597,0.0012180541903032659,0.24048962417866468,-1.5293787453548753,1.749604126761409,-0.39277542315012115,-0.8858034055759343,0.6956634072219361,1.3398301449695709
-0.10366234871109342,0.4280008888559232,-0.7437344599563372,0.6911303063465805,0.9158125182918279,0.20302672164525004,-0.8704271844906072,0.17619500776822683,-0.8965873965978685,1.364923865792403,-0.488381467464017,-0.04767212158709754,-0.610769179447357
1.0681669025583256,-1.1686011124246505,-1.51769403155244,1.3580393858174458,-1.3787180822919158,-0.016175648369651317,1.551702757130448,-1.3504845027330514,1.159567139853632,-0.7855569794730418,0.15618934280751318,0.36086055950088497,0.8752991155564908
1.0963058184946175,0.13139956228523536,1.307125712389699,-1.3766890467733846,-1.4488573371223883,0.7443802232596534,0.17905092202922296,-1.0471563951116998,0.6355115655905051,-1.2085808052901168,-0.5964228506500806,-1.1698181400432706,1.0878359990754078
0.3675407550724002,-1.5091098083343666,0.01956488404085746,0.7726468916983689,-0.15687535244863227,1.6661548408164244,-0.898565966622261,-0.4326514843420626,-0.6966805941474619,0.3615432812930819,-0.9278122761789779,0.06508220531529739,0.06408076870411286
1.7218452468273866,-0.9065374415420869,-0.47147695349539337,-0.5796722964564773,-1.1140631264340268,-1.1904738799652028,-1.3945217147794702,0.5587940851736491,0.43116484597173965,-0.9368196914693074,-0.5918260829928864,0.7035283791275174,-0.5291118994582693
1.0939727991302144,1.34472566664826,0.9976345790538734,-0.759355295206936,-0.7347820902724191,-0.5749860461983293,-1.518973764936572,1.460895653822755,-0.694936260836356,-0.8091288472552784,-0.05714523936761123,-0.15193783259905708,-0.7154977559853937
1.5586034127223183,0.6359586894158799,0.7091546073622044,-1.0020165854307186,0.31840878488277813,1.6501575071367964,-1.636108120082395,-0.013501137039142583,0.7000001702384212,-0.518196563705049,-1.1556067191024604,-1.310284215828698,1.8955353620777824
1.0506586290270779,1.3631825865392024,0.7907836567390439,0.09540657562096116,0.6983928189380341,0.6198744039928225,0.2953049472081221,-1.6843973249644175,-1.004921366846221,0.6129209744118175,-0.9542624009569117,-0.08627444322672866,-0.5985261534687528
-1.2744340444365017,0.12565914309700255,-0.4248653247424797,1.3903179575749884,-0.5667145927872818,-0.831482665539263,-0.7079383945172238,-1.1627010933081023,0.444324799912687,0.22194599209797675,-1.2975226418414554,0.7663630361480287,-0.26109520545455084
0.1859591402869412,0.8233296461204279,0.9383109278695309,-0.7710688713038336,-1.4033557134938117,-1.5445461956968962,1.0374697420968955,0.38752482067542215,-1.6753114501429225,-1.1134893368199559,0.994023205154615,0.13534126145017894,-1.285763581050973
1.321881347600171,-0.5887232906675829,-0.48952919890523644,-1.1302314428778892,1.06111827080753,0.6733329555009142,1.3425485965491366,1.5465169537652688,-0.8525662390903448,-0.380362323669003,2.0067352459690495,-0.0795495061607368,-0.4353285190379207
0.685699593872947,0.7900693468946186,-1.5770640275538026,-1.363030945021172,0.7909636422553913,0.28253953216886063,-0.21849829135378207,1.0283666129100522,-0.38829864329508895,-0.6846396989003378,0.5558320317747784,-0.40677379922519646,-0.15460205119318948
-0.35456838678540814,-0.05986389480779374,1.3606687098935901,-1.2940985648059133,-1.5465585998104625,1.6605688699952572,-1.0987629042448703,1.4849795462389792,1.7584618108331966,-1.2236271003760764,0.2538678622862437,-0.3805627618860589,3.299965219616237
0.10834988846981854,-1.6365525487099426,0.6697140467139533,-0.4988240162367116,0.2158313254659083,0.15088130165919728,0.04575615394509921,-1.645767966403611,-1.6171627217246152,-0.1887921657756817,-1.1024730822738837,-0.04257051408697575,-1.208414171386023
0.9051098723289349,1.5003760127892822,-0.42547805402722955,-1.6416665514767854,-1.14282101934733,-0.5657015849319349,0.04222677435974002,0.7838131137981935,-1.1942421923772493,-1.2009210700550372,0.5699166794064986,0.22452124731912554,-0.9954350088318477
0.02705804179506841,1.289477497429477,0.6555543133577146,-1.517137657193605,-1.760957967143811,0.1816386864268773,0.9592118630755444,0.8453989949514293,0.56569938648571,-1.2811748308759074,1.2548350870990566,0.8540371695033414,0.5815170912429614
-1.062999757052532,-0.12872609090091383,1.4673557365487297,1.523619589005907,1.3369081841697468,0.00347595511141012,1.5122002404875965,1.1638762800219613,0.7293650468652437,2.724161428284127,1.8618193603871676,0.2488175340850669,0.5678023565042845
1.5026222897670114,0.4935520218195046,0.31243679323306967,-0.007240010939869208,-1.0283872965053569,1.714940566028374,-0.7655461503384449,0.7847531130496204,-1.1124386197662641,-0.7342720030508018,0.004618138839941179,-1.1957704084066736,-0.47485971201766497
0.8762028825126675,-0.03668968125794644,-0.2211050530900909,-0.7003830713669278,-0.8918214119386317,-1.068709466203833,-0.7155737640786941,0.7810206131090041,1.473871611111766,-0.8610113378214306,0.037057035105120664,-1.1894450619251522,-0.026058219609149825
1.333711601371504,1.4940057047251953,-0.7132404910006584,-0.8310942152591035,-0.6579758992350502,1.552656852311188,1.6444635111038672,0.9837947422198086,1.8200940718499206,-0.8038395784519489,1.8303449260802038,-0.21385437134550836,3.251964151691344
-1.0413585599034683,-1.6473531693501473,-1.4741471965436588,-0.78182405760697,-1.05703044865959,0.1186785810992582,1.527470087619652,-0.011259333977269796,-1.2341877439885494,-0.9610126716919595,1.062423167351754,-1.185052953391891,-0.903928595309518
-0.5478231201762517,-0.007283042475545283,-0.2153651804171148,1.2672461959939942,0.9234151353040984,0.7465631783822073,-1.39976767277888,-1.2962089816787474,-0.9388806203555721,1.9406334115399466,-1.8742714306485864,-0.12329069742155804,-0.500872301134648
-0.3825324010927996,-0.292312226188614,-1.4951037220315595,0.297267447703312,0.41621235753735575,-0.10101440092336646,1.5353420397621618,-1.4414025162894462,0.3767843265712968,0.5592637560486518,0.08205111641916427,-0.6312109678966795,0.22582027035261787
1.4201885170192545,-1.1425682436312043,-1.5084342558111785,-1.3645551737339607,0.05555779625318036,1.6606656704053036,1.3423628281695879,0.7015037118437659,1.5910903507113434,-0.8571357409731726,1.4240844948337978,0.6834168461689637,3.0793450291855655
-0.6699365602504249,0.40392179394085104,0.09192986007653015,-1.1872900304346479,-1.2478179750837666,1.481825566420764,1.0814112966333216,0.7555837446240684,-0.5805786306694611,-1.1254952236139184,1.2785358793013772,0.4925467983844784,0.14598917196469674
0.8222526510266617,-1.6198361555363474,0.810072074950478,-0.6851135218740779,0.22114147731906167,-0.8929153135914913,1.182614113010509,0.3175255693696467,1.0628491317746438,-0.32203728562694195,1.04746022243101,0.6548415487474913,-0.023700460539169188
-0.33005810052569035,0.5817761921486979,-0.9582760706952925,0.2848683319625551,-0.8651970955681856,0.7299856726555572,0.7034402740164181,1.5043470907298433,1.5465606055709857,-0.5176818507575233,1.5298891446096978,0.36425816686150747,1.9915903011475835
1.7024191739308079,0.5567794591490887,-0.9070652835079536,0.6899340492722447,-1.1718514315111483,-1.0971172339423803,0.9686943665774487,-0.9357498649597474,-1.0046468725785158,-0.6822547804552027,0.03362121374191223,-1.0708006396315388,-1.0177377282247562
-0.4141845500105197,1.5339740131467117,-0.9257145915000998,-1.6253311996751547,1.0780583957987802,-0.44830491793379335,-0.43463075478853436,-0.6584414923358751,1.4708673150140898,-0.8911764454753772,-0.7584185094124481,1.5906769978741722,0.6428573964824275
-1.6580083757447943,-0.7769308407633082,-0.7533988988955634,-0.17990690189581526,-1.4623498061729778,1.3256750847829102,-0.31217713010499104,-0.3751759892786125,-0.6399684213643043,-1.0699516820357633,-0.47735167460711847,0.06946395002800489,0.013875065508446138
-0.7086689018427109,0.3244716148157294,0.9797498469677364,0.7138049712240141,0.010409901793705094,-0.8498350868071186,1.367844186448029,-1.4045493496235018,-0.21940887535092227,0.49202946143384924,-0.009897000946287605,0.43619557615458787,-0.587313866624403
1.705194740244901,0.41297905810149843,-1.4093901976446745,-0.16843207248548409,-0.8711987655486809,0.6600563777172505,-1.0526965184416188,-0.7702523675482361,1.1048347400919118,-0.6738414522451012,-1.268529566515354,-0.8955661460748724,1.4809416580921306
-0.83853793437455,0.4816677347273915,-0.1488752774649908,1.3741209514730353,0.7983518572157359,-1.473278733916996,0.4663567185202744,1.6870881149609294,0.2362608588214842,1.8923530752050401,1.4897571350478398,0.7552206337155742,-0.7861142520303536
0.7152414622002977,-0.36693908079716764,0.27204635831809754,-0.059325444441855675,0.5106244830405922,-0.6685993796017735,1.6834151133629947,-1.046413126157061,0.6132631346843312,0.3401283113814228,0.4580858765151422,-0.9551738378125699,-0.051673646087052674
-1.5175895941296744,1.641509528684235,-1.3619658919450817,1.3725862856851534,-0.42736651886755933,1.6600598366587105,-0.8605053637575473,-0.48323092554834723,1.0718229166949218,0.3852432627351971,-0.9360136157265719,2.82853383791216,2.393947919921611
-0.0679660611583034,0.6126927543290573,0.39030498103229805,0.6860552864459455,-1.2730007972230788,-0.3238210009577626,-0.30027578242493874,-0.29973890789834706,-0.36713886297147974,-0.7821120512172659,-0.4170097745813696,0.13793585904095443,-0.4151951206350614
-0.30053671793776604,0.39684456708043486,-1.0796898611394659,-0.09467407475089244,1.4127633986039743,1.1538497836483683,1.0758485156276814,1.5195718522204242,0.8809349168394116,0.9371970308668394,1.801303344377569,0.1128201833520802,1.696298945498734
-0.4469495204308851,-0.05288521165952486,-0.08429731977580358,-1.158080741855121,1.084872559003123,-1.4116336743330213,-1.4015030809106852,-1.5535133229569134,0.10198144660677137,-0.40191688760108096,-2.052863313812794,-0.2793527078041955,-0.7830299597379962
0.44467476940437023,1.6005807229499331,-1.4505915645218888,1.2839831830192514,-0.35942157289954496,0.4865527182256559,0.006772291377304618,-1.1327710757811176,-0.30985954900940005,0.42266332335171475,-0.776145267922392,0.8074147794276186,0.010048106871934186
0.8144990534183273,1.6370111492760426,-0.1776708960518065,1.5470746049661106,-1.6741142089797778,0.874241256261627,-0.8594093461976435,-1.2579654973075578,0.6851887688136951,-1.1390368713715182,-1.4693188218424984,0.4794358844387834,1.2438003019167843
0.5279876605899312,1.291867727410711,-1.3411789510549923,-1.4263050072513308,0.35921625465391027,-0.27306321224857694,1.6386136205284185,0.9461129506158463,-0.5977728307686796,-0.8347330998329384,1.8002699208700783,0.3534790520459623,-0.545458509621662
0.5384588365904395,1.618745942876061,-1.4835846395652832,0.42942709652078664,0.6996884102138186,-1.5387289249779958,1.2885426247137601,0.6009494371575044,0.513486250078246,0.9161868696156334,1.3170583076873439,0.7349473141529813,-0.7633751323315956
1.4404161691077626,1.3666956908865615,-0.9254293570765036,-1.331741536680249,-0.4417021849534574,1.4636365002335119,1.315851509864285,-0.0037871925810477472,-0.04723912311323459,-0.9567360510209957,0.9193087502498662,-0.47376024625594176,0.806844846163663
1.4373839446822203,1.7108883527680485,0.9622219224922771,-0.8009709036945107,-0.7257327921460414,-0.5836241737563974,-1.26188141839152,-0.8006396342533123,1.1265659588178323,-0.8211113325681914,-1.4360377493978898,-0.05795788712776866,0.303513172540496
0.6179299852219848,1.1161579336063676,-0.4559275702736275,-0.8759061217746986,-0.7175193677825505,-0.9414238098330892,-0.6322509177810226,-0.02757475208572643,0.4318833488139389,-0.8466949524370051,-0.46198030189226014,0.05237800120135485,-0.34721760176352484
1.276747190363171,-0.3118915590082788,-1.1857369515547367,-1.4119309600734378,1.5553339537263524,-0.8103584342195886,-0.6643006575483175,-0.742954436114715,1.5985031854003895,-0.5658868680121423,-0.9775912355637879,-0.45688441530168905,0.3136416351132344
0.4189233095117489,-1.4855772374847092,0.023234669511642585,-1.5875685503303252,1.3236801595324414,-0.6045458160932404,0.854602066243096,0.6577544227388975,0.4302543761304607,-0.8145973478852507,1.0521875998186874,0.08850046442693542,-0.10242665107560461
0.11874151174612715,-0.21831530619590767,0.965472460338128,-0.30832991954127575,0.2557034634400169,-0.6230458082995609,-1.261069267433704,-0.1525388605242296,1.679054412217357,-0.025338355799153302,-0.9886922461905936,-1.046244519425375,0.5681573643643051
-1.5603596492190368,-1.20317201112407,-1.29421253303076,0.004551833252767323,0.12516021739061528,1.3436306768605724,1.0336276946894147,0.5922704328539481,-1.1424678550451302,0.11188269489376428,1.1324753525488456,-0.5398185232521953,-0.5884499017607318
-1.5824352236294508,-0.6944206081947651,0.2701053772998186,0.22552433749326875,-0.49211396720647826,-0.12679782650725452,0.9506704382043005,0.5495431808502428,-0.3971196099213097,-0.23499682973027347,1.0448987862987742,0.09246048669034136,-0.3460989557501955
1.2438421933402364,-1.3160993810014612,0.5374245819971828,0.39273904608201077,-0.5735199079513849,0.731630516714273,-0.5353986248519285,-0.7879845328478251,-1.6902274069152134,-0.22715451897554387,-0.9183212158516239,0.7142903706921945,-1.2600742656510575
-0.049057047836663446,-1.4716905474528872,-1.3395813213635757,0.36355202374743695,-0.4194229789074526,1.463743213185761,-0.11077221515159011,0.5741041456943698,-0.07979712650667255,-0.10732391243424505,0.31815610474291156,-0.3984635336111717,0.7661316899800817
-0.12436089212800758,-0.7107228017279379,-1.654102668116185,-0.9299084761782119,0.002157213235869685,0.17205197317770146,-0.3027336602751946,-1.3841176397896535,-0.7942611772145377,-0.5865157365178495,-1.1662620609811885,-1.3866931611014406,-0.5359452023746895
1.3338272485358658,-1.6806337370099347,0.32475150291699023,1.036585613801567,0.5508306858670138,1.678280400995192,1.2048707667022067,1.1051948304366426,1.1825328645176327,1.3009832160424626,1.6060436043643305,1.241872337038555,2.557839195485351
-1.1494070675293728,-1.2027569517342944,0.683025942261649,-0.9524210887173404,-1.3894652213511676,-0.7571925548187514,1.1475005084501264,0.2053366504117742,1.4637987794837106,-1.1335412315973965,0.9455198712451687,-0.952320097063918,0.3056708849294157
1.170462524994399,0.7201948370369147,0.6922756583119364,-0.3385516267003393,-0.48947012064314693,1.359654326238369,-1.5364065077166111,-1.1429598203510771,1.582987143521021,-0.4992903944382939,-1.8643598686193832,-0.9777444180902889,2.732136162477768
0.12763265863697112,0.3608148504128665,0.1104282297392652,-0.9249627045129003,-0.20311550030441797,1.734003838889896,-1.254585880497505,-0.5361344645565416,0.6506167589700814,-0.6638727072966444,-1.2485863135335944,-0.3606884227664638,1.897925677618818
0.7047213129777009,-1.588176023849451,-1.5828497022273582,-0.3164792046888323,-1.524976458705654,0.5769390160739795,-0.47496787077530905,-0.12185411638725839,-1.2184063657429898,-1.124569861287607,-0.4167764190057777,0.49875809563078904,-0.8124478455961355
-0.478827434977921,-1.520098273712697,-1.74934785460873,1.7156334947872052,0.03560017837087127,0.6615096313572342,1.254801140793511,-1.4635425324653433,1.4399505204288168,1.1815150216816013,-0.12976557265755068,-0.7723239405390009,1.8112422048614942
0.9686899984010735,1.047735931435289,-0.9494108000084308,1.0809401334594786,-0.9137591695637186,-1.6125909905174924,0.15073735597039567,-0.9780651582231792,0.5832466225228826,-0.3049784131766092,-0.5686311446015206,-0.38218046056137756,-0.8043732481515696
0.5800983991611348,1.558972341360828,0.6555070533788928,0.08064126718039927,-0.6841857569667941,-0.6374008258551438,1.0529697715453303,1.5961147727418392,1.3763728161896638,-0.44895578286787435,1.838039739484219,0.6214200049201274,0.38730765684861646
-0.4047310510690201,0.21874072562641925,-0.2685493770656655,-0.940338151481419,-1.2494608428659235,1.1567120118073262,-0.02683338217706873,-1.16636899288601,0.06247949932843866,-1.077616012940329,-0.8228514197336896,0.003951742609485261,0.758678562931116
-0.21621552624441046,0.012719427762397541,0.28380646656397474,0.11436915174112262,-0.5107475131938296,-1.1308162837516704,-0.9478312495531456,1.3685909675028207,0.6174141806620843,-0.3017533851906189,0.27938052851683787,-0.4325629322772415,-0.41552344426527804
-0.5593194380073756,-1.436568932751166,1.0859459376402092,-1.122436696055238,-1.6183526707787514,-0.13890148486282183,-1.1696212494793927,0.2642212977544105,0.27728458219564645,-1.2315841697841996,-0.637322505086921,-0.9533850200439858,0.1281248568952393
1.01238815755083,-1.1412058521168773,1.3486302063584326,0.16008752862747666,0.6041834433695461,-1.446104281074952,-1.6780221033842764,0.1821097480067533,-0.3465277284980909,0.5972548538938101,-1.0501258917714,0.2719516791204719,-0.9253788219122903
-1.116539413165544,0.780819899962651,1.2376469377295645,0.053549290433865845,1.5975208881701204,0.18384080205933848,0.2631441158533733,0.18967872609675276,0.22586865926020333,1.248081312089668,0.31512298907197556,1.3933492609526321,0.3044908100632265
0.30328433943761846,-0.9856811983783085,1.3376182829353014,-0.8469379150499547,-0.5057317485201992,0.7451794060076735,0.21100806155707794,-1.5556693037007343,1.111514583191247,-0.7462685949934046,-0.9245826784679855,-0.6271885978269308,1.5691095078003063
-0.22038075059409173,1.2762835159898906,0.15566695962435745,0.6401122414935976,1.1576767874098446,-0.9351221548051635,-0.21541347206390596,-0.7789197385464898,0.7476062732238055,1.5473967014409749,-0.6878824354593276,1.0868861277825788,-0.20294182837145922
-0.7354196486658372,-1.518762984780477,-0.8454800645308604,0.9145221426178299,-0.5645928531875254,-0.2541700621151558,1.0995352458918215,-0.44398948776040065,-0.08071583314881503,0.01283009818647052,0.46429296159752653,-1.0317953752618645,-0.19061835475737804
-1.1459384903258425,1.6012299815702145,0.8962396459925687,1.5198380395577868,-1.2786711794839984,1.720478505555256,1.0888219865689999,-0.5123995953108349,-0.0493191993944808,-0.6332193321699296,0.40962760045624375,2.406728604510186,0.9498324921194278
-0.7906857114743803,-1.367141744877579,0.48251070235977866,0.08089007200335412,-1.2967854085656214,0.9186212726269372,-1.6224880929352896,-0.9182038005042,-0.699131770827207,-0.9134954181603873,-1.769732433764203,-1.2691605234205436,-0.19889472769269895
0.9994322809562136,-1.2720257480335835,-0.4514539850155038,-0.3398356169637023,0.40138637917860975,-0.6965543811813425,-1.4483426789586469,1.6004266667135612,-1.4934547319787685,0.03943700069265115,0.08852819446145808,0.41581018873488235,-1.1755035517235939
-1.4062804404995302,1.3656571996482865,1.239440929647952,0.5685359085985989,1.5376310095511245,0.44869432873531173,0.10817383928241064,0.12711139425452617,-0.7637535090063452,1.8262879439223016,0.16341523325859628,2.3858688481911283,-0.42095759693440654
0.11581047709260626,-1.0303632941169847,-1.7277404018859086,-1.4621133949904936,-0.7243508975659496,-1.2077637371820233,1.3382607359905097,1.708842234336268,1.27005382818066,-1.0762984754462268,2.115632051492638,-0.7620135006808196,-0.2478038469374781
0.4916935127091535,0.11137751013225246,-0.02325486655771875,1.0055499118422404,-0.32265746975446635,-1.5011853267124442,-1.012002901277885,-0.017657200311084222,-1.2524923356182,0.3182255151596418,-0.7212075440263602,-1.0256871385488815,-1.1787371498119539
1.4297841307213472,1.4146900913371392,0.1588635956226269,-0.7638093157709809,-0.21370934392567706,-0.39255472851990275,-1.1322097590629612,0.31108623138693475,1.0862761479562764,-0.5757440298896037,-0.5788041137111626,-0.4055204830401105,0.46247403221326416
0.7503037270337722,1.5784181796571566,0.9599406713706319,-0.6714379815080073,-1.3296468204671659,-0.6391456366428794,-1.5014859233087958,-1.5845570647727723,0.9927419448663446,-1.0638219310222552,-2.144314268640717,0.47368638094264615,0.17741915140041045
0.9900736833197612,-0.005876109477907185,-0.8286281786025443,-0.12638931450905116,-0.29029334705472076,-0.6725588302090901,1.1999019216570281,0.16148464690803419,0.6716939380151551,-0.2630265103665573,0.9520037177432986,-1.1119586958570364,-0.02377347398094781
1.3341665963547895,-0.8303695914244097,-0.27824710464533464,-0.7979952601053012,0.22210120064434016,-1.6397557262275821,-0.8483355787068129,0.2481224708421235,1.3096028241754492,-0.4041177313519697,-0.4233194097337719,0.22257860581170488,-0.6770281836668153
-0.9470922668068458,-1.584725261889929,-1.2771929839449765,-0.47668464117121007,-1.0854319300161694,0.5184960168751378,0.031042075067754277,-1.0463020891022332,-0.9399115973431649,-0.8956676464044363,-0.699532738831091,-1.165420411109608,-0.562617498371041
-0.4446592303154558,-1.2698729966093079,1.4739977973202316,-0.842443169331387,-0.25335783632243525,0.662558090245124,-1.143532260825986,-1.410319192091092,-0.3533153929830552,-0.637528901789837,-1.7734096145228186,-1.0380551281267298,0.05166880251095262
-0.23854677997698476,0.5435894567929395,1.3945816806866047,-0.6475990426606285,-1.457386342369503,0.38095578584053724,-1.1588834306273101,-0.12129686277409277,-1.5790158705488255,-1.1228807903492752,-0.8955611464288081,0.2264976349294555,-1.1659579555235864
1.4568447804195397,-1.5840629735987615,0.4792970801452868,0.15194618931697745,-0.08883712120677063,1.0172732631428045,0.19485670579039144,-1.6349403577409642,0.3703073209042551,0.04661871003957023,-0.990545241439369,1.2496951190800543,1.0134764390343105
0.20666713825538274,-0.2507444181176329,0.8276567591717371,-1.1393623671171182,-1.3940880365125536,1.5950187454992315,0.012593633662936088,-0.11899958234977906,-1.1081968799888893,-1.1620874275772404,-0.07321044706663167,-1.173496970416288,-0.49429322714378254
0.2822749539297286,-0.1782386558700129,0.4968600418576617,1.4420777268160019,0.7638276279370428,0.4944532418719064,-0.6777053705219789,0.5322290845218484,1.4089588887475768,1.9130085288167853,-0.10791898792764087,-1.1625326072972852,1.6038758976096754
0.9364446840804835,0.057661909176826516,1.076744341152902,1.7175958308616222,0.15510884685899398,-1.365798046549983,1.545097698815133,-0.10574185168596126,0.3659145055501201,1.3446207692782806,1.0096408042557032,-1.2420494347990372,-0.6763172041534211
1.5736040166024239,0.0673609440208264,1.6523761045286425,1.6828059645801317,-0.6056282769908748,-0.9423995303306607,0.19876225367901754,0.3191235412946841,0.6526797255755642,0.29968843595251904,0.3592498215455275,-0.6133478194611309,-0.2507886147435154
-1.2861793893960902,-0.5415407121436288,-1.0258675856678705,-0.6961092193251747,0.5958102878330133,1.1879304992918147,-0.9742354352732122,-0.282736720244136,-1.1832658480159535,-0.15180733782680045,-0.877482612946496,-0.021937623278462687,-0.6665375839358912
-1.58493559427868,-1.6946293011593534,1.418042170207387,1.5362168258649824,-0.3346710575929989,1.0028989662581487,-0.8957292894260098,1.1566220181625357,-0.8295755084256848,0.5856148714236232,0.16976102134782092,-1.1044746083643957,-0.31267525185388917
0.5882309324459323,1.5119426899889123,1.4588649933249649,0.15159252670706164,0.4550457924366863,1.5731280482798398,1.0675928112978685,1.5125850389387216,-1.196361593963616,0.4729095670379124,1.7907027366743353,0.5568491203081084,-0.6125443428556209
-1.1920295421619573,-0.8971326583949678,-1.0644934475464163,-1.6391573760153333,-1.322244956667974,-0.034836134417668856,-0.021975494956991595,-1.5968917819186654,-0.013853204947751482,-1.2241442443887074,-1.1162342043293803,-0.542981407410913,-0.018707886859921957
-0.606268386537186,-0.9171987775278848,-1.5222796889618373,-0.2366183355332844,-0.6051765603296254,0.01691776081224262,-1.3336910695424382,0.8377512430702013,0.7928676243091073,-0.5255375617412346,-0.35690390903756997,-1.1557231624405588,0.6274622971646342
-0.7856034453453965,-0.5930731637806733,-0.7123765280486128,0.28058322551817627,0.8381635594085565,-0.9112468832695286,1.2357127096696443,-0.3345152955961884,0.2448514070398898,0.8965781623046892,0.6351698273205216,-0.586804257855746,-0.4094617886420144
-0.43730779804655473,0.8709032636476036,-1.30297761591806,0.003573939741626105,-1.5240847638712531,-1.4221986770055388,1.5010925582880468,-1.3079585769399824,-0.6732781065720281,-1.0933139058565176,0.15004631879226765,0.8187625225660514,-1.0050505272382757
0.10867736354310849,1.5608341325965813,-0.5595870560332101,1.0745955586208609,1.509109523597629,-0.774847357017197,-0.5470187485000841,1.5947067022193242,1.530690232121847,2.406580092536876,0.7160758523784678,1.0974215869344943,0.31985713323127773
0.03392283205639187,1.079214679590386,-0.3917511475779016,-0.11138844815047691,0.15551758227253779,1.073596285402149,1.4170387998894056,-1.1626898682754854,1.6339574454847354,0.052095896071662005,0.19129891517634426,0.5949915114747979,2.4694495239520426
-1.4522559021211214,-0.927376019032282,-0.16543243140848193,0.8926964173053008,-1.4792036495869936,0.27412399120008496,1.0200997478001217,0.3343688780090456,-0.8529893386658796,-0.9607080295922252,0.9452096158908723,-0.3177267692173062,-0.5537170934684863
0.6160158826542852,0.1938657931126549,-1.2349063863829262,0.8257954496665164,-0.40681774470389087,-0.07216994137813629,-0.0038679379432773556,0.0011061875255745407,-1.6936829955478734,0.13577028163154542,-0.001947412662690033,-1.0517089348407103,-1.2729282418864654
0.4231517203757685,0.6848040808734533,1.544774300310763,-0.7079082017589682,-0.3208495737376293,0.6274159313755826,-0.25799869453927976,0.21149316192121634,0.04580886433752396,-0.5942484349508257,-0.0349650444837502,-0.2691521782802878,0.4224945303000252
-0.2727502685244361,0.09493578935184678,-0.8132750929804665,-0.025831330907897916,0.7697306241525872,-0.7105851029371298,0.7948245647230782,-1.5794028540300606,1.3609225433688834,0.554600216817421,-0.5319068055244894,-0.2771529533367876,0.3025882991292721
0.38632315481705215,-0.8595682523481252,-1.5301626625738873,0.6280291400065466,0.6210425211995982,-1.0444594297002603,0.4616234398639349,-0.8721742214636283,0.7429351691314782,1.0206092587985824,-0.2778190770035835,-0.6949705605499378,-0.29623339818023225
1.0293456656866486,0.16928889017848792,-1.5409928501357335,1.167994077938277,1.7059418590121598,-0.6014154205075727,-0.7098537965474052,-1.0290724835083984,0.024453221185952414,2.7457427009258,-1.2067460446980696,-1.2825485779451322,-0.32539820974056893
-1.4087558642089242,-0.12204653961553528,1.209838303179603,1.357735434942541,-1.2968829637716939,1.3927656610400765,-1.6091976378448378,1.2607746691343438,0.2515822069277333,-0.6855185320717163,-0.2583143505780427,0.60430576581248,1.133686689445942
-0.0889766330388606,-1.02766106346306,-1.4482467059627029,-1.6889022863032506,-0.6005014377326873,-0.16140440105785722,1.0852829927075904,1.3986456896009338,-0.741123551998908,-1.1498465538910554,1.7245513981972,-0.9710610522262363,-0.603708038225648
1.062607551802784,-0.8858612285639784,0.7921557526019569,1.2105810665818868,-0.3553895032731285,-1.0983355790776408,-0.8172909473797452,-0.6613148975594451,0.08809215337980858,0.38923479196324423,-1.028500926287207,0.016212515076076038,-0.5948099532274088
-0.8584541888646106,-0.8698783104850992,-0.3521156832378852,0.4951944407373873,0.6356868135058353,1.488421442565593,-0.4639287493066068,-0.33693748825618985,0.7593516012731492,0.9175138624353304,-0.5573125764962196,-0.8455347672714065,1.8377589764913878
-1.5500112064488563,0.8835508167010742,-0.9977611958222873,-0.47080875161974317,-1.251826492891431,-1.1752204562724182,0.46550267106813953,-0.27936833787078874,-0.9647335808848818,-0.9869747505510835,0.1335570678028128,1.9521746149035129,-1.0223964749184467
-1.066790068504574,-1.2693098028931624,0.30415414208080865,0.22654507771527538,-1.5933803612757416,1.6614731140112162,0.8606415613247667,1.7004564449744743,-0.5408080532495145,-1.1281509244754688,1.7752188911537432,-1.1151585892545384,0.2680617236588487
1.0664325097424316,0.5242698503006854,-1.7409030118025202,-1.1991096998686923,-1.5451739286639734,0.6406417044879534,0.9345840475850262,-1.0907077944962038,1.517973758682676,-1.2148842818092893,-0.09709956965582311,-1.1081490707139843,1.864949002545076
-0.39077865502389575,-1.0821605234957885,-0.8578768537652983,0.6234978417572503,0.243078316168311,-0.3144534031570106,0.5354434424211539,-1.581127534416536,0.8382822538088944,0.6553520649572877,-0.714824838736329,-1.2090105606078123,0.3750068514100639
1.4004175670331456,0.7776506559812019,-1.2647614866743033,-0.006442000535667604,-0.2641291304261365,-0.4301679273104073,0.8825663948738492,-1.3053211080251261,0.9097089784360939,-0.1786650495703847,-0.28149088849393616,-1.1399438572846814,0.31851338387021794
1.4154043313628917,-0.4567278715487676,1.6050142671824148,0.348704463885146,0.8406386635147942,1.731779232365345,-0.005272082884309994,0.6596370479390335,1.00039599145304,0.9637756367113804,0.45103540904445477,-0.1438493325146033,2.3658357449063185
-0.830263970290066,-0.21394387395724013,0.7060740316973445,-0.5300318502282577,0.8019625517333494,0.6240375038498285,-1.155980909783989,1.0572137059419475,1.186476671897945,0.1027526188983134,-0.08110635593730328,-0.08727034809214126,1.525585675939842
1.7199763272869892,-1.356259773684175,1.009796982276957,1.3534746098458335,-0.28263859812409203,-0.7554182739439984,1.1201945718299726,-1.6082417137438842,0.06915510266658174,0.5525609047811698,-0.3238246220279258,1.2409561174325598,-0.3940426876806849
1.2954242663388613,1.2083027344583461,0.9055503811059975,-1.6493212510574156,-0.33084563994322413,1.2499027196431771,-1.4470466457163471,-1.716157576786956,-0.8111779913479839,-1.0979596574976531,-2.1968931892049786,-0.5179906798555463,-0.21601801983080798
-1.498989314527989,-0.2387568018319577,-1.7148865058707967,0.20084696372969524,-1.0414079192573784,-1.1544280753093579,1.154518382161335,0.9356226432310667,0.8388729715087448,-0.6872248108247192,1.4538686871104245,0.5550299469525425,-0.35264473264860624
1.4003387326038832,1.307565170710207,-0.40101579120822645,-1.5204364739562688,1.3214514598118632,-0.6849414909309715,1.0848382172571474,0.24884251440832125,-1.2438791416358124,-0.7389976506132037,0.931608373374186,-0.504392387038061,-1.0430862978298474
-0.719672697950942,1.2707276545624548,1.0820239330835655,-0.12783074006128042,0.972413848416536,-1.2186041889353296,1.5620088804446117,0.4465538100796223,-0.8293958051759192,0.5980344733714491,1.4022212343084628,1.5820021996494014,-0.9866584611579654
-0.809565558908653,-0.16731032965723175,-0.4266352433762225,0.46737397890941246,0.027513411574874108,-1.356234660793152,0.7121056157162344,0.9118092065455352,0.7188682264745416,0.34619117681853484,1.1274867998568043,-0.052149010007365146,-0.5635871989407797
-1.1948112617055149,-0.29751326546061674,-0.7167176476094056,1.0801874122197228,-0.5752106709834176,0.34784840267342326,-0.2788019971836526,-0.2778350980595823,0.3058721819388513,0.07464010854207516,-0.3868650177451703,0.17887633600058764,0.48274739908019637
-1.2037020432834713,0.14620392455588788,0.0013973911470976435,0.6662717319427284,-0.6912990736768337,1.476268395348995,-0.5996936955526868,0.03902502235992533,-1.390559797681643,-0.22073177023054968,-0.3932584731413024,0.7199160112665088,-0.8739620830501974
-1.0647444691145957,-0.20513371114412765,1.3907994475117544,-0.05471072014480098,-0.527821596154512,-1.3486313685269389,-1.2807693726237093,-1.481527741252865,-0.8661872519840169,-0.3924163694468759,-1.918649990583429,0.15894309661803313,-1.0372594603494971
-1.067918000624196,-1.080806425821093,-0.9338764716499133,0.22496668382474677,-0.601430124500599,-0.4019413219729927,1.3820977242090167,-0.1969809977977097,-1.1842814666077361,-0.32390277613219226,0.8325419560794604,-0.8879722318575182,-0.9597097746620402
0.19972694606883903,1.2804014400384016,0.10714540384603853,-0.32303880019292974,1.2207147996352712,-0.5184552763590865,1.1086914466301245,-0.9984449691470155,1.3725233919060154,0.5538513894294393,0.08848711277535887,0.6696243089838968,0.5097432945638165
1.6344605440111561,0.6765776850674223,1.5817545932377235,-1.4195343948948493,1.7301351655242443,-0.624285093186007,-0.18978360281903708,1.5128808048904976,0.7357932786595833,-0.5379695543650789,0.9099562871600009,-1.2827594859144291,0.05042779124709725
-1.194911275878726,-0.650224680054583,1.3021045461954843,-0.24851315858639433,-0.3084906717461592,0.25093706594608556,-1.1585953683171337,0.6291468968490886,0.9741713594411227,-0.34118164573917187,-0.3780313977313133,-0.2439938528317099,0.9794743499787724
-0.8437482479695405,-1.1950066302271367,0.8518852895903446,-1.5533143614309473,0.5600374067766016,1.2250906207315375,0.3256472144329763,0.46581891428741845,-0.0997349280066305,-0.9010166550888598,0.5492750131673884,-1.2502070688957085,0.6099433220198754
-0.18735321356438076,0.7874126701030857,-0.5392110770170826,-1.1527426406511339,1.13566963929896,-1.1146621878878613,1.1427759681649632,-0.0034142383853047317,-0.06148547504174239,-0.3806076068305404,0.7983046633654973,0.46744132685325185,-0.6619301875080223
0.217549996484193,1.1048042959371198,1.013493887383646,0.3069291668023184,-1.2245843289207554,1.5788090400967008,0.319736069561879,0.6011884911883714,0.5815153395831516,-0.8124158578827271,0.6384522475935606,0.44113680833282065,1.6840538952182182
1.6497008445461265,-1.122199881980196,-1.3721540417398925,1.0664782766670378,0.6191662399648052,0.7835122347367801,0.215130949216354,-1.45938584575043,0.17357537140078635,1.4027491291575402,-0.8553198539972786,0.8896465577323849,0.6466558138692852
-1.1119731053829747,-0.6643950245595796,0.8053402097354035,-1.173402840895523,-1.3418680393576785,1.1600334608132783,-0.11449151968786687,0.1301284043993128,-1.1007893501698547,-1.1511848341141213,0.009489955135727219,-0.34433813695310334,-0.5768392635722687
1.3313596279429873,-0.9340296876232613,-1.5063640926007418,-1.1954016568166332,-0.1551559504161646,1.2065683944081933,0.923938322271292,0.49129307401598965,-0.28290479130628055,-0.805678934155675,0.9860141265100983,0.3440666016575224,0.3862726503440572
0.8540978043522666,1.034183746633408,-0.2860650039268441,1.2022630365764793,-0.6752804525839431,-0.42506629168545007,0.6313571251997891,0.24652652016974952,-0.33337935810562336,0.011769495832551118,0.6122912664176152,-0.28326929360694947,-0.4409731403029052
-0.24088730648822274,0.7562115273110952,1.2710872607381276,-1.4605587997351013,-0.10907461992681808,1.5262962885141467,0.9992006279360535,1.7691394491834354,0.5938821898438681,-0.9540642213272488,1.919644446396924,0.48382570660036345,1.6588507915678514
-1.0354744195233003,1.3057941689376238,0.3528580289017549,-1.6438545400942088,-0.33739077578670196,-0.009855582155295185,1.7099601175762742,-1.4864682698861342,-0.8652760539679644,-1.0959194580853298,0.17332639570304076,1.941428438915359,-0.6469110163045819
0.7802580261710005,0.31549287776821194,-0.050357513437241194,-1.1123923794941941,0.34467329224890086,1.316983076871676,-1.0337701335236325,0.5725007501072567,-1.3901473132619475,-0.5942533838503674,-0.3296253591768186,-1.0709141641226467,-0.8916266551981862
-1.447300988263967,-0.6746682762261461,0.9181016409826848,1.5276811279417781,-1.047506962722744,1.070796626680453,1.1533339809212342,-1.6982696353268616,-0.9440862347068126,-0.33476246233038803,-0.362668187173304,-0.01965982832923601,-0.4202881198607033
-1.2651866563560832,1.5309244457899853,0.9017883038191358,-0.14190773377753654,0.8121420845953957,-1.545414314898555,-0.25472913317325846,-1.3985495098654468,1.3457219345920997,0.47532775422092677,-1.1425776441073698,2.442260446917365,-0.5717280226297435
-1.4573773945746429,1.3115109733725216,1.3592764251025777,0.330625343439106,0.8575077820042868,-0.844561146308787,-0.8084680237018745,-0.021408167082850448,-1.3522715168586814,0.9608150131308718,-0.58119153679423,2.3722882607342646,-1.1204584605365129
0.5512793717918612,0.5254964016749735,1.260301348691614,-1.153672168303813,0.05924259310878638,-0.8382233515512327,0.6658072520088968,-0.4308107685889688,1.4840160504452446,-0.7145720933871771,0.16949686182666554,-0.58895935880148,0.22794736342104363
0.5634064040566762,-1.6885286047182344,-0.018237466877085957,1.4620854872030216,-0.5608005512257949,0.27907024239470424,-0.9854197066087287,-0.9814247763411361,0.8546838718713237,0.26128550669302336,-1.3669680759373024,0.47708195393515945,0.9032971738829704
0.08099752825412276,0.45851547464913717,-1.1551715959954378,-1.1423666949407112,-0.20574358548822178,-1.5986674977413777,-1.5104094985326337,-0.39204452103459364,0.004910904515421008,-0.7900343905800619,-1.328492706920092,-0.1966586688345727,-0.9198039080142217
-0.5707081309094664,1.1835985680896126,-1.3932029663123342,1.4346071428396907,-0.6661172474683723,1.1532248940097662,1.038088158971341,-0.5519347893994839,-0.2138372669778138,0.1172725743022084,0.3468280850397923,1.327810725312935,0.439496541208012
1.3692606755202872,1.5622429214783011,1.5191770941579215,0.4580325479211265,-1.4239800239833174,-0.8384220163182948,0.944071023478725,-0.63268421352511,1.7846608778259407,-0.9600478569964532,0.22529161570717224,-0.1677505857328251,0.3705566859667517
-1.0807353732380567,-0.4078816004917256,0.45398732612520215,-0.8740300784244152,-0.49042646443280896,1.261293451986985,-0.5073165213379088,0.9787081216811614,1.6468045653280803,-0.7526136135117638,0.31924582130213025,-0.06812115067330303,2.697730556097436
0.3011732265715766,-0.5022918040605201,1.477344078480197,1.1259853364592631,1.4272588815480387,-0.7346295593335183,-0.9422886033229635,1.7371536653213973,-0.015063029442977379,2.3750169733559043,0.5373372202242531,-1.2089896529035393,-0.4243869982242769
-0.48980610000591934,-1.3616233487351939,0.027129965279455045,0.30216494913869085,-0.6686784283404025,1.6807719113662343,1.2457407246984504,1.4164166321823808,1.5045310938042338,-0.34700247975987225,1.8492228476184647,-0.9734000426428638,2.9871338791770743
-1.1140647734796432,0.40127969049502615,-0.09645540190228066,0.35686833230159737,-1.1753446973029924,1.512461335009074,1.0833196467157407,0.18241296346422078,-0.7159000207009765,-0.7598923409782297,0.8847503701146003,0.9357185674290347,-0.013834235420384476
0.707286878173257,-1.172614105440859,0.9853076419069646,-0.9647046181084415,0.24857891404183038,0.19692051262206117,-0.8688161066419207,-0.9170640030593461,-1.002342129018414,-0.5160075311337937,-1.24090467150352,0.002995560620823986,-0.699691648261294
-1.1959801274400546,0.03636709528653283,-1.5290371567517609,-1.4784788431415814,1.446813229273682,-0.9915045822135468,-0.5358051003145957,-1.380372944760815,-0.28934860917409655,-0.6675714921292134,-1.3269764690360315,0.5804395687322594,-0.6890952503061524
0.7468862706904373,-1.0244886456357158,0.09984998609844839,1.5025548481987274,1.7188355733670766,-1.5664622365071839,-1.2636024138555753,-0.7378493102136576,0.5547943231384266,3.187431545964363,-1.3939582168488887,-0.13483952789553558,-0.7748957985753364
0.8813241654492119,-0.4785442925214954,-1.5747140740269028,-1.1037741375960894,1.2155331816415749,-0.4562875832296396,-1.0837601092109979,1.127698980137444,0.3522137568159477,-0.3023716380175334,0.018083317139990698,-0.6544272591866729,-0.04152269160606495
1.2950392521257421,-1.657827697004349,-0.0062118593916491984,1.1199077438399578,0.4314826519632009,0.7676601730145078,1.055135854071504,-1.3217771706163042,0.7234107162717912,1.2362390077435534,-0.1719284708415545,1.17554220911752,1.195836956140409
1.7302813168735347,0.5819261835653136,1.2248769902815624,1.0711755384596877,-0.066425033510907,-0.26087221628925944,1.4878297203351762,0.024056981410036527,0.7835614033286536,0.6398636259463132,1.0589958538189288,-1.0729556235117252,0.38477070972173383
-1.1551571722244443,-0.15349159267216564,-1.2496027201604032,-1.2786270958931287,-0.06842700460590943,0.9555193197432585,-0.7318770146065917,0.4326606717795999,-1.6583700622415092,-0.832226598198807,-0.21451178700475138,0.31173520337207644,-1.2227704023034078
1.564969171619492,-1.30030942410509,1.1022101715111097,-1.2449487694172936,0.2992133787416034,-1.3115700402109547,-0.8355787692049318,0.7388977150109968,-0.5741113226168046,-0.7096444256798374,-0.07605952015726461,1.0180814277917476,-0.9343772465796835
-0.5813525710744225,1.2826469421927866,-0.8110506319441605,0.985892493397946,-0.0682086896815029,1.0654067348231202,-1.5624103471688804,-1.4414056733462866,-0.34521375290071676,0.5845150812721879,-2.0883162635413806,1.457286757534513,0.2477349178757965
-0.6654738628022913,1.0266752525568048,-1.4326062463664202,0.1410988984066902,-0.43828990412255014,-0.34059280561835137,-0.10009875331530275,1.2715537823227179,1.5551818639184607,-0.23279048358488072,0.8064299612567466,1.2348663616258386,0.8134253880473494
-1.3560465717639005,-1.4884114453503356,-0.8627350538322512,-0.6320811587087294,0.8799461659618746,-0.5262785888655419,0.7048826388997688,0.24371112331219483,1.3839073058815297,0.04552560205333694,0.6618643077721557,-1.0872076330763956,0.5081607664480904
-0.861656551395653,-0.9592436476802573,-0.7104851392641081,-1.2866778980226294,1.113654256378308,0.4250577168477602,1.069222974996268,0.42499044218326587,0.07674122601609996,-0.528802604542008,1.0420977403650449,-0.9494831582859331,0.329177285628385
1.1184427805804127,0.4312060367408319,-0.13161144390990134,1.6398238018944196,-1.5270184587932718,-0.45083017867889563,-0.9277714871634932,-1.2227839365317439,0.9204697258186255,-0.9402075592712865,-1.4929622454617142,-1.2720202832521479,0.3066306863743845
1.320813131077847,-0.5721356963902116,-0.6710427665701592,-0.4270259860170798,-0.8920497447025628,-0.2191079029855905,-1.3472988621127318,-0.858043932880477,-0.8978098987297998,-0.7720367977977188,-1.5354557945292067,-0.10051484703855307,-0.7301382061565992
-0.5174230643848148,-0.9612662766198306,0.0518852697708777,0.18152816051221385,0.4596618231325888,-1.6158339457373043,-1.4312476902334401,-1.1490423335560915,-0.3969793103560365,0.5010060337836316,-1.7948759470069946,-1.2978566161738134,-1.0152846062736052
0.8136890408588877,0.9174952174432772,1.3040457196232882,-1.476463873120106,1.5397158157596031,-0.07200053779537985,0.6557611161667641,1.5413896259590296,-0.7022527790735019,-0.6473721651348208,1.5220196386562088,-0.3825918866518817,-0.545386810234407
-1.42580745844497,-0.6586131140863228,-0.43395220117908734,-0.9036317569117455,-0.5362061933055412,-0.9439895801747188,0.20620002008742483,-0.9791158386542892,-0.1244239046335089,-0.784911109245775,-0.5304968717956559,-0.022007092899797614,-0.5935407246124217
0.5226902523574077,1.6982925847255568,0.9988500384032543,-1.087315798228464,-1.0384675653479263,0.13937609668643325,-0.6588042820700756,1.2246362744750483,-1.6942581153274594,-1.0360416664666332,0.38264328138058473,0.8461865794270191,-1.2709225274129692
0.4610081842443987,0.47443932183750337,-1.384092016788723,-0.39923037378027465,-0.2455120587122831,-0.1948077182194258,0.7983506326051566,-0.4418652023613422,-1.6272734377357658,-0.38552831393092596,0.2547396580078936,-0.5594661101605374,-1.2283798139164401
0.14966316825619413,1.022924869112459,-1.1823190392020053,-0.4826686225320952,1.2587687527818987,-1.0223524281791796,0.10961269939476195,1.727514096624223,-0.2699693591991641,0.4001951039378583,1.2676812391881367,0.4111721271702746,-0.6960787299479895
-1.0738837609063607,0.34266404850312926,0.6919417117159934,1.6625821081333525,-0.3539348955848186,1.0518583031386997,-0.15880476619755618,0.39472718530457784,-1.709276580940317,0.6267232449099973,0.16084747789208448,0.8250456947790203,-1.2771705055230111
1.6263028284151912,1.0982816124808188,0.650620141361308,-1.6623725806512644,1.3069018171987883,1.64455130718763,-0.7698330964595244,-0.4472506671186835,0.42791019837206234,-0.9013585372311178,-0.8476828395585787,-0.9824542387698851,1.5335796450211414
-1.3077921757294089,1.4772762579976921,0.6875568626387575,-1.3684825593351628,-1.2824316906049376,-1.036081270913369,0.5048385564639192,0.6200336562004569,-0.6977663784559537,-1.169093583331893,0.7811309766752403,2.4207433801413036,-0.8775188280584637
0.739469514024967,-0.5017055463765706,0.9665164060301836,-0.6366655790121657,0.763032622730741,-0.4959867504013419,-0.8707490865136741,0.8587604783247758,-1.1205973720485118,-0.017079241191110452,-0.018071835088070982,-0.7692134898562099,-0.939365315730429
0.6002959451765595,-0.18272200090644844,1.1850633477426369,0.883805534818458,0.13561619034959452,-0.1735119413780748,-0.5363101926331613,-0.2929778452488771,-1.519664814818922,0.7347827301194875,-0.5777207446613393,-1.2916045258162865,-1.1523756529675613
0.7322227653850077,-1.22922398988516,0.41725164035011714,-0.5431960163675945,-1.3191959212754976,1.5682685761406077,1.208806745656222,0.9388294585284962,-0.3097443205992045,-1.0368919809518637,1.4941151733042093,0.09594208051924867,0.5282196361326787
-0.6733769088899897,1.467681971814871,1.4537892594618151,0.6673369173762739,0.5953771631457008,1.6137461883093922,1.2517847877242594,1.643449080901804,1.1272093303169468,1.030114522869008,2.0099651723842933,1.7716629918541713,2.422331329726729
0.02297887841861936,1.006621360298381,0.1676991105274081,1.6487704919020463,-0.748517425919434,0.3682116287540772,-1.2602503620880723,-0.3344033516586054,-0.7723003881886533,0.09516898658790168,-1.113489093839848,0.5189362327361382,-0.4547084072304847
1.031314452750284,0.9766305866890342,-0.27227576678188564,0.3627103466148116,1.2995655718993122,0.4851576350260365,0.6645034653356224,-0.597813067418719,0.8323522700051342,1.3723041641805025,0.05345824219833764,-0.5303861757626964,1.0624323549404517
1.3960782744011342,-0.0836337458887508,0.3202648068980154,1.0844368563428857,0.6372454104835634,1.415357166213067,1.3635815127551631,-0.9577272467505916,-0.9824932371520186,1.4387880302509142,0.29513894434217336,-0.6106852424369028,-0.37653472516960595
-0.34049274480011077,1.190969971277585,-0.505578090819333,1.2611511185426185,1.566058679388476,1.6602796523489822,-0.5643534277950933,0.6279484068966299,-1.7149940014267968,2.697988340299493,0.037483635183369564,1.1052885315107754,-1.2808128680770963
0.7142860093504609,-0.3718093728004277,1.1823948140406695,-0.20352596392988595,-1.5145569218434587,0.06763840941204634,0.12815046518297712,-1.1049059668611176,-1.1200734033979474,-1.1069440379967455,-0.6718954230984456,-0.9502936065038486,-0.8233221961927122
0.12443010019516348,0.23822305136970415,1.3271348945228858,-0.2992455220794275,1.3790416381664088,-0.561104269057079,0.1862552404364359,-1.441971002713477,0.47289793335485975,0.6780841872427218,-0.8635457772337033,-0.5044817120123182,-0.04651649038957126
1.550196614327489,1.275311483726113,0.9667312141208256,-0.2605441757899941,0.6068846050483456,1.7030479863915835,1.4710630058856917,1.1525997203100444,0.8023119636536926,0.23292658438489597,1.8252239135481452,-0.693675174808657,2.0752932421678767
-0.19389253514499377,1.4369571443371802,-1.6792573493418936,-1.4559595876290785,-0.7209769776895409,0.2580227316490497,0.18395383668536405,-0.468887428340076,-0.10222221233190101,-1.073244976536822,-0.19435069482611936,1.2529454272642668,0.07611359279272872
0.11748959169060624,-0.9602211544463671,0.22375357503673954,1.6705522749351753,-1.7162520620815411,1.2376537103271015,-1.5180939215840883,1.209134797286144,-1.4323562820186624,-1.1902586552382532,-0.23008333837902187,-0.8444403127096427,-0.950320354923095
-1.5844405535445925,1.385956264955279,1.3361059001919275,0.704195857102383,-0.9904953223304985,-1.0880760539653593,0.1643310592165898,1.7321780337211024,-0.723648763368486,-0.5003809401579324,1.3092334772923686,2.5892588709637447,-0.9057230052015484
-1.1974079531960533,0.2797460449943236,0.26841911420325393,1.538159346478237,-0.27710120690276174,-1.4000951951991711,-0.5936779116868124,1.1609119855124126,-0.3253088445426811,0.6608280783801748,0.3843433489590824,0.8737339713700673,-0.8978587476330867
-1.3889794850194046,0.6359216613316495,-0.5814073102962811,-1.5075897558535594,0.8006281350859091,-1.2380572415461912,0.20269949691523098,-1.3098161111448332,1.0713173475295246,-0.8185152011426604,-0.7609218562570973,1.4933845800942513,-0.34606723512483223
-0.8936012556240709,0.5393241247602922,1.6157075232585167,0.8300517780475044,1.0158258871831678,1.4747902893015143,1.0661328567115889,-0.2811158061508161,-0.7187778172363979,1.6046813340916088,0.5531694248086537,0.8796996029940407,-0.03032487315533693
-0.8617330209278788,-0.0066048532938700255,0.5669161249393379,-1.5710261986654472,1.143980442000345,0.3235447752446721,0.8737906815015278,0.035232005875842465,0.046190572394978834,-0.8241744985715974,0.6364879139377038,0.19299589998071312,0.24081455017334072
0.7139898771305342,-1.4749385632612837,1.6056664161214473,-1.0975272862655518,-1.3343780338485576,1.6524598489393192,-1.3604017685942051,-0.8990128777301069,-1.2773293907064518,-1.1364049382783485,-1.5728784905019266,0.37227872429276765,-0.7048561402384695
-1.5202784445431614,-1.0454439442515535,0.3915314576269064,1.2423097181099463,0.167752433270463,-1.3050193566243367,0.05381618317485958,0.4173284669883646,-0.5904265054550846,1.0235997730786108,0.32539567806803077,-0.39095222266479235,-0.9370051034275615
0.8653041601478018,-1.4708335025118944,0.40767622422345035,-1.4535761125914874,-0.21300846546855018,0.09559659158111224,0.027620792109975832,-1.4394728348273487,-1.6785437329528348,-0.9706101716382968,-0.9729670186954696,0.5194238418913302,-1.2590040772857507
-1.0940458263026709,0.6439142744961068,1.2557272265421118,-0.5308841524503265,-1.196020482654991,1.3030183793632106,-0.31882913377456257,-0.5940543170154795,-0.25717774028991247,-0.9687824475977916,-0.6328987915333316,1.206566740861358,0.46416232054686285
-1.6515242184239924,-0.43524996996871634,1.265824405848246,1.5827555316639272,-0.7261115656179328,-0.48801348440363784,-1.177024588573491,-0.5805931631697993,1.3623963109121022,0.09944499775890206,-1.224893040181349,0.4726903975295236,0.5356040906097007
-1.5881865025987405,0.9682021534560901,0.9781535978009405,-1.6625230808092408,-0.8567743304250865,-0.21768890237653232,-1.0153124967344085,-0.8883224625752847,-0.15770628301281478,-1.1702844355602453,-1.3237304745756542,2.0920537258470975,-0.22303619329518845
0.26191176811421574,1.1834787388998231,-1.6306508327565197,-0.30378612633218216,1.4560981192164606,-1.602238726514833,1.4358970191629952,-1.2394357895645554,0.31813176524039316,0.7205142842459096,0.1516056955577722,0.49090030242191635,-0.853870160328214
-1.5405365380159988,1.3148248640820062,1.1199945790010841,0.27445261516456326,-0.5737466350010257,-1.4058076755978182,1.2979137296999048,-0.6202514224842669,-0.23832003804088453,-0.2795974398426618,0.48177364238911285,2.4598355844182853,-0.8759036898446125
1.4064737974683532,-0.6045292175012932,-1.6100861893101566,1.2638814078907965,1.616942067413486,0.8023155507110074,0.5423282753794776,-1.3226488615698442,-0.38398635714203133,2.7618122961005267,-0.5318155953883932,0.02441868288761259,0.08498562801194154
0.7380224603594546,0.6255059154710026,-0.4903090319679299,0.9194505732896399,1.402601225890367,0.29630957571206207,-1.0437793132008641,-0.7767257855334,0.004841323021168016,2.1072179228720263,-1.2667444753780546,-0.6567013383250313,0.18901272507201952
-0.8911741966543376,0.23603969095350116,1.1425352367628192,-1.1856189389211749,-1.0132815454966417,1.320388053994371,1.6348543389040406,0.3523613104731494,1.137575311785984,-1.055342614382853,1.3883258465581947,0.5135624744801314,2.151988456729575
-1.0425021722746406,-0.11614305401101167,0.9473994170628773,0.6237098656404465,1.2440746250931547,-1.319959656427133,-1.3080736068263716,1.2983005634095943,1.8208438457155542,1.6124123432747741,-0.021470138180490095,0.243307410357846,-0.18927066391300698
0.3510590205447853,-1.4496845575830197,-1.082524986041128,-0.9910378838511057,1.0537997165788313,0.8118985139444514,-0.14005023826223506,1.233271693312704,0.09043399440799421,-0.23879167037464877,0.7520486770253576,-0.022744237053851188,0.5790595714986121
0.44510874301948056,-1.1160657889026089,-0.46200875047452217,-0.8320851489146185,1.552173484218323,-1.5030056177584945,1.1215630057356754,0.08102407729554813,-1.6555512134302666,0.1380031402382146,0.8416509388570734,-0.3283009491988978,-1.280067661637008
1.628271949470289,0.977863306531552,0.10538667272150361,-1.1071459143166895,1.3225812694083259,-0.4314925135515362,0.9423564033199675,-0.5468469964532782,-1.6738550684606213,-0.2711301516866796,0.2832632830130313,-1.1288385170032953,-1.264977957524507
0.7489959850008979,1.6861045943811956,1.2577918025111174,0.3653170830665165,0.6309924463282941,1.6804036801646283,-0.6401098448455097,0.04690543304718335,1.2409470927536816,0.7989573569183677,-0.41614260847406437,0.6041379320905879,2.63735347522871
-0.6306105807625051,-0.5484293963943785,-1.36330763568779,-0.20465213944371113,1.665371367039852,0.4560160820256651,0.7608011125426203,-0.7890982516535454,-0.761235007523824,0.9744953329558568,-0.010938011092529887,-0.6890323561073469,-0.4162761945701231
-1.3297222168313894,1.629789024164874,0.4795278268547877,-0.9385899462046037,-1.0543437736774994,-0.3458834276290812,0.5897307683246785,0.6439722855373601,-1.1711924907661508,-1.0016497693003408,0.8571110471954045,2.625675594280793,-0.9410195079713397
0.34791880504521233,-0.25917090078996996,-0.7428791668268744,0.8034632090499874,1.3849927393967671,-1.586139032959247,-0.4709065488252065,1.4140967574506595,0.2031790214701808,1.9546087396979388,0.6448962657649111,-1.3255571528711416,-0.8683362098166063
0.4285100682709879,1.0834086964157876,-1.540121871005197,-0.5375164161421266,-1.152201533146887,-1.2117242175486795,-1.5179087034374252,1.2138838986600622,-1.0671636045133792,-0.9468332364170648,-0.226679716496462,0.20346850687959223,-1.0675571006026399
1.3936915664142586,1.0344218913335141,1.4841804759593287,-0.7020473183983467,0.1876120191717505,-1.3782465624163764,-0.33998333186273183,-0.022765531792498347,0.7417219482579991,-0.3502944196045803,-0.2538947975209924,-0.8252648949343224,-0.5750822723347933
-1.3216764098827352,-1.14455947669477,-0.5877207044266097,-1.459735149828817,-1.331619956521279,-0.8301712801173338,0.659322247507225,-1.4872704927055258,0.04996720804183736,-1.1956101721781474,-0.5633306111996592,-0.7094024996313677,-0.4485759436448054
-1.0537791250849113,-1.3020379876706996,0.9277654380246759,1.1804588499734276,-1.5721912616021103,-0.2134466561179518,-1.437989264733669,1.5427353007536926,0.9572901016606417,-1.0361251531950069,0.056011788530181475,-1.1674818955010706,0.5441808680681894
-0.20899728283860716,-1.07765821087739,0.4188896815645539,-1.3405549062497604,-1.4779083918363292,-0.7667127284402694,1.2393425863493317,-1.5641028605172045,-1.0474731896965324,-1.2111362320033778,-0.20991877224417857,-1.0317229974191888,-0.958398825991966
1.5429319049969106,-1.2300730858721078,1.3227769043737199,-0.5096194638091056,-0.5534758673482201,-1.3103729278877139,0.9627418830496288,0.2232871891882579,-0.6120419790057002,-0.6148895335040081,0.8284476455459567,0.9117071535050676,-0.9458861136553179
-0.3612880110132017,1.4977488299048471,0.6243801172089836,1.2968883208333941,0.8641225426998976,0.4744637679926892,-0.4583955029596139,0.1383670856518998,-0.578429491407257,1.898669260929641,-0.2257786043234191,1.4940758553253601,-0.24237722646162507
1.7534421931776427,0.38442825055940316,1.0827773956504512,1.0556308271964068,-1.067150783358057,-1.2112690277712994,1.4084851853698928,-1.2993172723132491,-1.6639948116205692,-0.48376438565044916,0.09112019822846622,-0.8128403374886981,-1.2758553904467147
-0.8338752653983713,1.1759034462673792,-0.6048196655258997,-1.5925627066240577,-0.7398434767384633,-0.27024593511237344,1.5879089890207028,-1.265322947549394,-0.12285152565077267,-1.1290871963071643,0.2402635608256151,1.58306057952987,-0.22766072333303727
1.4961262647319078,0.46130366441982934,-1.640339194283295,-0.6251615242787701,0.6297965561870559,-1.2103063872469715,-1.2973903229691985,1.0148193111607295,-1.482416186337518,-0.07323567167059757,-0.2094065511207761,-1.1636266320372353,-1.2123723631618462
0.012481638392636434,0.3732538212119831,-0.5287922576013119,0.8607025025851345,1.6628484461144095,1.471405143081013,-0.4216422392950156,1.4930433631381557,-0.5006705001074129,2.310251702318242,0.7338349554347688,-0.23004711357212476,0.24223033000330615
-1.55742346213167,-0.6212842921846004,0.03815905070405143,-1.3012937874289554,-0.12300078983558196,-1.0092865970516094,-0.22506586409492707,0.5454271929028902,-1.5822305783564876,-0.8603557378087321,0.2183102058544339,0.15502905389199315,-1.23734746210296
-1.238110552782739,1.356234188693422,1.009146244472874,-0.5076548106841653,-0.9404278569967549,-0.784827018087245,0.4935741205223201,-0.8452119918318612,0.2537887423323813,-0.8246474610117482,-0.2368468512232826,2.205561345473067,-0.32083625520204795
1.4830203323453017,0.5884574215433055,-1.4050932641988287,-1.391740105353751,-0.6519987797890092,1.2198905735996803,0.8119128375642162,-0.14669649030406615,1.6582396740213323,-1.0329568948366568,0.4677199842982525,-1.329280325227646,2.6639304015213114
-1.261614112247365,-1.4812604898636603,-1.753521599852316,-0.9386099465570009,0.872249456504301,-1.5339169091944638,0.10483681615404461,-0.5957408151638657,-0.11925086914398217,-0.254956454055227,-0.3372301108883547,-1.1735350000521951,-0.9117428992887802
-0.45446087151350595,0.1948267366915138,-0.8719103947284293,0.44378665775623954,-0.7804694596559404,-0.7791747485463997,-1.5687894900262862,-0.9632269144697023,0.9241587770597929,-0.38889085103803633,-1.7631470625622723,0.025251640687627804,0.014823055302087506
0.5108752011276547,0.14630656012602236,-0.7490482646207551,-0.5860900858326177,0.29441356960379383,1.4075985009044896,0.9821817826678508,1.391866293000146,-0.9626569000648303,-0.21186896548807796,1.647642568745433,-1.0030775256524496,-0.35402243457596105
0.7116692276659328,0.49909205582766614,-1.3037511494156686,0.585584484479486,-1.1425709139418632,-0.11046430967777354,1.5179948156402296,1.7476581050118072,-0.6639898406959879,-0.6780540380142016,2.2683165952895235,-0.7818120585617571,-0.5311293936140846
-1.5955508932303506,0.05497613023806291,0.9475798264420932,-1.0452319205097595,1.1806099621736903,-0.49217001282124095,1.1534340562327223,-0.3064638574085325,-0.9199596752783463,-0.2505873957539459,0.5968608957515824,1.004316289350197,-0.8198114772585657
-0.5652202416070308,-1.1176672892337693,0.06399992177458802,1.1539190346235184,-0.46883205010666923,-0.8684818396397523,1.0242945320192058,-1.463609544002344,-0.20308701139383978,0.22937924060799297,-0.2913106420604475,-1.3417413152685438,-0.5892248273197718
1.1797257993422394,1.5355034411380792,1.3497480073499981,-0.6355881506956148,0.6823389037897314,0.1739416324823706,1.674890311201198,-0.737595684809846,0.540479442057007,-0.056249910635985695,0.6650004007273923,-0.009337661958920407,0.5549543796760269
-0.3905300105230369,1.6858534053421865,0.27877001641418,-0.6113296682527134,1.134236051870865,-0.12039379782705097,0.35627468022437964,0.7576303133232065,-0.0611247562327098,0.19449926017558208,0.7718972949387347,1.7490380589428371,-0.10214812337215598
-1.5675733286416307,-1.5212058665847163,1.3793754105994562,-1.372443089097389,0.45146296645934003,-0.12337547316617982,-0.4835338684564054,-1.6849042002778813,1.180216242079977,-0.7714684173464367,-1.5002863799489632,-0.9139543699746887,0.7855726774331125
0.8504724851271773,0.951194509487061,1.5924154001674315,1.6454916933815555,0.1470442898284516,-1.3664231260688444,1.0572367292294713,-1.342322745758414,1.2697581147401655,1.2829472642444564,-0.18461989636860074,-0.37914641718728903,-0.40850504932813
-0.9501485555022919,0.07615616589620201,0.9230588440678523,-0.0806102279080335,1.248550891071839,-0.5450049776443313,0.005983583687442328,-0.18209859169679662,-0.7467491794822555,0.8386703656180098,-0.12133972101431327,0.38109860414757774,-0.7347852930704739
-0.6563066687044233,-0.4713043730022954,0.17060961491259352,-1.5526300379988192,0.7453719081040523,-1.3698011327821686,-0.4502751073276909,-1.6021378084736593,0.8953377199260135,-0.8700016369099838,-1.419928372209854,-0.570720142824722,-0.5226225022274738
-0.329368501192676,-0.16933253296239556,1.6404212342565454,0.5863736161754899,0.03390893565522796,0.4957866398414378,1.553695281496033,1.4859461279242772,-0.33466936756792715,0.4308083620361227,2.1129147911403097,-0.5371626884701545,-0.008492090817359733
1.1302413770547668,-1.4206830547917537,0.41919393221521045,0.6240782195703511,0.6208178004500199,0.21205626481628745,0.05811305962786433,-1.4702512862795944,-1.2759370438752358,1.0169320099649253,-0.9728208656950572,0.7255402670993084,-0.9229931308242614
-1.5766502709168362,-0.3030090683462508,-0.7282405175133724,-0.012601557883551799,0.6188294670805484,0.8651922644388856,-1.515830700445543,0.061633456102968456,0.3873034069612108,0.45758805920695833,-1.0195422724886807,0.5560265228460399,0.9235719383599224
-0.6684133473671745,-0.7147219660209394,0.0004010621352679277,0.678305370329175,1.536310724769009,-0.6202594455550848,0.5008747185318604,-0.4738238573960644,0.7519202787076743,1.9577997314736506,0.024289257404577796,-0.8504589740368423,0.06262606569931455
-1.3182990614033738,0.9045204012752216,-1.5103298491292354,-0.9326359854824076,-1.1320248101354085,1.7603039462495238,-0.09431987143844513,1.3920978272272433,-0.5892321506808171,-1.0303370324260577,0.893577361333203,1.7444551148511473,0.24219242442999067
1.4018832763920064,0.2872882445718328,1.3523420265935389,1.4530289088354877,1.298920810706796,0.7441828169102124,0.5166633417252187,-0.013631940764241755,-0.3207795310229206,2.596139737316854,0.3525903090577451,-1.0496601098906164,0.12240205841845819
0.7191718964155287,0.06968486581430232,1.0795232103468309,-0.7052889676438695,0.33889617053776894,0.11673190566440154,-1.0050484050712256,0.18413442817344486,-0.21565305842525875,-0.2811487607028576,-0.5772274258967756,-1.3042961891267573,-0.0919210912734985
0.024057221840836196,-1.4427068353908687,1.557240897397927,1.5101808082147425,-1.2268275394061134,-1.6227737217404596,-0.6534774558221168,1.0215353712197266,0.7536156129531739,-0.5687285421920425,0.24636520928855565,-0.3597423212130957,-0.7765015980464379
0.06562292784232988,-0.34565954348787714,-1.7200026643314663,0.9763229212893876,-0.5567228170222959,0.6842880735389394,0.6346125188380047,-0.8181833078686076,-0.7882281439491459,0.04886527688417935,-0.11939914628577905,-1.1455722915493751,-0.36844801512300174
0.914585412758872,1.1761070065558903,-1.4907995119767516,-1.4080664204001965,1.5055561576634053,-0.7229763558065126,0.9030112988096953,0.13407769363065566,1.0227324110256857,-0.5719777001161075,0.7251011606088988,-0.1738641173277861,0.1158212197047062
-1.2076444664103732,0.9714479633952022,-1.582004008863495,-1.4950970760075022,1.3231108534350735,-0.7627731548126903,-1.0648731445855761,-1.319924807405895,0.6097969447691192,-0.7100274756600314,-1.6559844936087318,1.7135087852746183,-0.1278592188589542
0.728800717796546,-1.6173310019269396,-0.4203585651883272,-0.35187941314698323,-0.7795357533787624,0.8778086919998849,0.23873003189674663,1.4233664865341051,-0.849013242675879,-0.6799235336381722,1.1484761588476693,0.5579200081437283,-0.3711273005125937
1.5085590226037946,0.43922357496756803,0.0314984185152148,-1.1003830590673314,1.5160474719465702,0.33496490696916675,0.39230811202845783,-1.5521952633820366,0.6570675810824914,-0.19988106118076804,-0.7951643141873044,-1.1246535619046363,0.7798718930693951
-0.787810342924554,1.3351703300812572,1.1912199328905668,0.8477771846761374,-0.3212478742634409,0.4773331441136178,0.714931120980746,1.5490921808467923,-0.12124817052888014,0.23559016196011334,1.5687855237538644,1.7277587063558653,0.1790233073631367
-1.5160538395915055,1.1383530148862295,0.485975242339577,0.48441710064261234,-0.4992291493032103,-1.2530162585234657,-1.3496475812161048,-1.1839048726706063,1.1441160819603122,-0.11940057381271409,-1.7617377399763312,2.2236063233907255,-0.33581318987634073
-1.5520944338116067,0.06495901804027135,-0.806143442051775,-1.4306815279619711,0.3246145852610715,0.7747278748320412,0.2617056364531249,0.04823028828667393,1.2909240234993185,-0.8453680332445273,0.2166058784815912,0.972614852678966,1.7803856421140052
-0.5883960514471882,-1.288928211524834,1.0855765954368257,-1.2878732190417377,0.011234290571170036,-1.3842543832315422,-1.6359286588941273,1.4486033947289851,0.49076557376627644,-0.8172575484420013,-0.14756067870354678,-1.1596568548290098,-0.653063559940177
-1.3711384021047495,-0.4962733616962713,-0.6665344430373125,-0.7323905189387446,-0.4649858054501605,0.5880669090017163,1.0827868476486884,1.4488902794929441,-1.1770597852618094,-0.6739914858183966,1.7574392799784142,0.11772902435748157,-0.7709765946517564
-0.7559694434682009,1.3029999959489447,-1.7489362904373993,-0.7552528864202425,0.17990039192596627,1.5222972755943927,1.671121921986403,-0.27100424491347486,1.0402446126581804,-0.3920348325316701,0.9840108977115352,1.657180635530906,2.223537844193985
-1.0905084311216942,0.3359194935227022,0.1817634782589426,-0.25173994726265697,-0.8144781318078963,0.16402686328623384,-0.4713429222380196,-0.7214361394468434,0.5601371785422788,-0.6654650045939212,-0.8275661596703979,0.833665108883526,0.5633516898488494
-0.6852127735947403,0.2517680706423281,1.1788847233839361,-1.6522605175269054,-0.07064085842764069,-0.003445564341054445,-0.6709050468618705,0.3782407143070006,0.2558403090165278,-1.066225347875115,-0.20930834210896118,0.3254367060905757,0.2036130278101245
0.8909968837483584,0.7994207398457703,-0.6810487762558974,-1.0885836956604977,1.249223521052427,-1.0076675489046076,0.8014870771276694,-0.18302643993811968,-1.1542005934582276,-0.2745547693703708,0.4353709160757106,-0.6018793942849404,-1.0583857017400662
-0.6062306874142895,1.1916137023276911,-1.7271324254460556,0.8375953323851221,1.6991175459706027,1.5553521825218133,-1.1477875532326693,-1.4098181364870566,0.6640371981632808,2.3187374598790935,-1.7760455730772293,1.3731219304505384,1.7716590837774486
-1.1709389532173156,-1.6391814883443288,1.598144625792383,-1.0196180902825949,-0.3230300844489975,0.5697224696613902,1.4719092336850894,0.31692408448111525,0.6862834957488934,-0.7613853508203615,1.249733202752015,-1.325078176570942,0.9967042628520881
1.5822353081652962,0.37605129126800724,1.1461216869174975,1.224556851602088,0.28811035967916643,-0.7815347133705106,1.246140154575666,0.40759848839009605,1.5355312197618844,1.1523349424836105,1.1540611145594026,-0.9748542805564482,0.31489168441831916
1.0479624308066926,1.0439204700512974,-0.7592668607843731,-1.0352968094493449,1.2749737366642517,-0.3516816918578276,-0.1491183456799824,0.9037765401649962,1.3170099348369007,-0.20660446690453146,0.5185536637764483,-0.46642319800117893,0.6488454112151409
-1.5355187654598306,-1.6986889820181883,0.5613155390822009,0.9391506543664333,-0.6591023731925173,-0.9696135140202151,-1.5055267469961457,-0.7980316739795689,-0.1738855393712731,-0.07740210379385834,-1.6049441189714657,-1.1590059151829497,-0.6287225122726536
-0.811753364985845,-0.12900205804916617,1.6057167243473782,-1.6539515175178783,0.18536208011180494,0.38312285187233164,0.03539747173613977,1.3619344095063304,-0.6276842992940106,-1.0346845689676936,0.963667142346411,-0.0040111181999080555,-0.32155017856249457
-0.7896473095816788,0.16493577833758663,0.4642077179937958,0.0036898610220160778,0.5013917017029772,-0.15765961061808906,0.2620800743541114,0.7536175262583296,-1.508951989068016,0.38607704867331916,0.7031358594185515,0.32626229219176917,-1.1437077212604272
-1.0865464801989375,0.6125359946851786,0.6748013363175398,-0.6340748188878235,-0.04801535027217152,-0.329085862025151,1.5669594832906861,-0.7977076638967553,0.44338801478549916,-0.4188732484621203,0.5479423242125644,1.161401285056693,0.10681943688460468
0.9085521899890753,1.1700847153049858,-1.087571682244386,0.7693787619605147,1.0402749061321561,0.4664952370539769,-0.029795857034463687,-0.8204263704188411,1.3314576607519188,1.5674640979305754,-0.5864470710519262,-0.17502276391362878,1.5032991189558806
-1.0525284539916082,0.5535068980965944,1.1694605710427413,1.0648780355847456,-0.2994746466474124,-1.6127851233235944,0.8144843865729315,1.5914727958726995,0.2901603801368448,0.3757316984099506,1.6677507233457642,1.0564262794592039,-0.8671319290585401
1.4256960143446296,0.43108010208144804,0.99722097489455,0.9825344016440349,-1.2795355436808888,1.2114098482452125,-0.36661115626657437,1.1568500691906443,-0.13131673466653362,-0.7336834429298901,0.5406320396056304,-1.1981636319674414,0.5655605896567266
-1.415174040028991,0.6769547659064694,-1.5082153964323104,-0.12905399156648384,-0.38313616340596796,-0.19982935259906362,-0.0763541041664384,-0.2551155347643043,1.3845624108834533,-0.32780572014052256,-0.22936278425365622,1.568916398642145,0.8516318237977827
-0.7447012785738407,1.6735533495924724,0.0008765708386415207,-1.3743647753178132,-1.026182431446206,1.5087176771420925,-0.5497917892828103,0.10482335044056554,-0.812057963913122,-1.1114823029223684,-0.31293699870362257,2.090223062643999,-0.136996478024313
1.390485520894727,-1.3422164403447638,0.6693245659507009,-0.21174472372647188,-0.14738255494386684,-0.16236601470069895,1.744699197670632,1.4061146598713623,-0.9803371529711056,-0.21634926723509704,2.1917042250675114,0.8929835648811668,-0.7722717898880259
1.7107704469234413,-0.8809038072939771,0.6008449729367019,-1.4467323857377166,-1.075398774307774,-1.2783027710785242,1.6811401141534839,1.038954014616463,-0.09869210089327464,-1.1415114444918422,1.8940662440541913,0.6616586276252592,-0.7661683400571584
0.45154927213238144,-0.4333071417233075,-1.058126991205579,0.3968992224440709,0.6745811785808233,0.9199131366370092,-0.6682319247020084,-0.32570445467745895,-1.2470669076827812,0.8648207499416196,-0.6927090153318058,-1.1405909116634092,-0.7840393538594881
0.08750186699669209,0.3025956582550172,-0.36687141405272705,-0.6111621400099174,-0.009377645644849764,1.6912271542097093,0.23861332322441353,-0.4311892446661428,-0.3272641521537288,-0.3847929769153604,-0.13006712795612005,-0.3901740802570526,0.5638216618362998
-1.2910998157657194,-1.4416107960141717,-0.4946474807626794,-1.094182214855421,-1.5986379173569807,0.3271164970739703,0.48557209112150396,0.9070687501548702,-1.2162461873590804,-1.22331705832893,0.9655036771925999,-1.0963546244793885,-0.8535754511174548
0.31592124236020724,1.4804005854089657,0.851783022888392,1.521710997859124,-1.6245555597323686,0.4115928370916743,-1.1490092999128543,-0.3755090213217409,1.55068943323703,-1.0765198532862097,-1.0638874519151793,0.7926898184064664,1.6432559554798094
-1.140341759590231,0.5515389568866058,0.8462713853671663,1.1744669638027283,-0.8231447897693148,-1.3673279269180392,1.6176603071775602,-0.3974268678649717,-0.43218520515625836,-0.17045908093645246,0.8594032730103801,1.1423169846906687,-0.9140252079825316
0.3564825585225627,-0.6200840844551901,-0.8755986890676292,0.619286812433202,0.8254766095712232,0.8312951507017784,0.7826346078054673,-0.3740670804625817,0.14047563827408588,1.2080479570005367,0.29046610109278326,-1.0121486290012924,0.6429535515159516
-1.656428848380695,-1.5755284778433036,-1.052449209637641,-0.6144932041960908,0.3211476563605705,0.0004858067246694889,-1.1163981744510416,0.4653216040506345,0.8826649035808903,-0.219871196460167,-0.4614019992330002,-0.8897998574314663,0.681568790518513
-0.8537241476488135,1.166283866759641,-1.1590060519045255,-0.8365077832083813,-1.7641609596257546,-0.9756099684941847,0.16317535500285685,-1.3529402782307287,1.2072043112240465,-1.2758833608534046,-0.8183416808803263,1.5914725410387514,-0.03973715038289719
-1.487548170832979,0.4338540745939549,-1.7230341966451141,1.1327153393124103,1.352726270251649,1.5298036341270644,1.2633255233667375,1.4555754509330878,0.32796576706696895,2.297837443411255,1.8885378394440968,1.350125206618196,1.322651596737335
-0.4776568237276605,1.2853611085706773,-0.22322074034872996,0.04864442788902718,-1.10927953662318,1.0791357042357221,-1.1612184750583545,0.18021989690377174,-0.5998069776127315,-0.7792375289697981,-0.6893427358513313,1.356329380257843,-0.031631632933278205
-0.5600615603230437,-0.1085690316664091,-0.049423912914253285,0.648990485395193,-1.553905342212416,0.0690463516134406,-0.12092850166479484,-1.6527112895620675,0.6261214944631184,-1.0601686041904086,-1.2240431181616445,-0.23245322496696655,0.5415306134834232
0.8313454293405436,-0.8957427873975814,-1.6731913270712253,-0.7929301117399256,1.4667810828420969,-1.1752486788833465,-0.6948658301100356,1.7342617851612603,0.03814003593569095,0.14795881100520447,0.7086944411237454,-0.20435145553822157,-0.6600265937508979
-1.2869870179777265,-1.3813318880853913,0.7056536484883122,-1.509594854927043,1.2525476840739809,-0.23682210121282,-0.6077859630651405,-1.6437773472767043,-1.290278880473609,-0.7391262643841725,-1.5589892837074957,-1.0282015808586789,-1.0012693589458843
-1.5684172279100166,-0.6903605168552377,-0.4379134246408762,-0.7569960142747779,-0.8792999928787935,-0.6745496323245638,0.18521956401885176,0.0908762248423354,-0.19744491458918143,-0.8737850230649745,0.19241628111173534,0.08324152700182333,-0.4863689019737077
0.2983807612470261,0.3224003112218172,-1.2672913389503346,0.5781057993594151,-1.1156018195454098,0.046374570139119095,0.6228008534739167,1.348483049752116,-1.1633364121340204,-0.654475918500025,1.365944233410614,-0.5783535537213472,-0.8611651757517066
0.7755376002477228,-1.1704186676968944,0.6909350567579273,-1.4624623012551208,1.5202844533349544,-0.7095030260518409,0.05736465504653307,0.14634372777162194,0.7525974094690063,-0.6342502033767187,0.14107506163889988,0.06895343847368156,-0.011753454786067454
-1.6122925334937332,-0.7900581848046034,0.9189768194279077,-0.2556640123821112,1.4276763893286215,0.6887537231493486,-0.605062546412183,0.06814587398276903,-1.4146564110759783,0.7592283412274016,-0.3769452000451938,0.00777814194920432,-0.9876215930405395
-1.465884585590077,1.7082378009459203,-0.5205065061208364,0.22464485643033816,1.074204764136564,1.351822107966658,-1.0102358271974738,-0.5944976225301861,1.6865605489101048,1.0345131023539238,-1.1176217484355284,2.856591702553358,2.8491753645429054
-0.9351500616187897,-1.3600429716100804,-1.6282452524271462,-1.4361672398116394,-1.2327898880077892,0.41708084536043466,-1.4113523377465382,-0.009910060887879994,0.5680246588249472,-1.1712841470134607,-0.9956614683547419,-1.356261226236914,0.7659585342638396
1.6512079542161817,1.685917022677951,-1.5394520837261871,-0.7014587178663655,-0.38890828647478753,0.764157071224749,1.1197072838184012,1.1052462158335872,-0.1312811955536113,-0.6230561032557623,1.546411295331976,-0.3027923977493918,0.32445070809057036
0.8024826045239144,-0.44960600090435426,0.2772660802532193,-0.8852993955766535,-0.6561028884334722,-1.6457317255845874,1.2069610271592468,-0.05905268285338485,0.2245166025347572,-0.8253578839587071,0.8049193033798592,-0.7683642183024053,-0.9028763996085551
1.4336305215770786,0.9016516810293239,1.0233846000833862,-0.30654393077390213,-0.38925805984241074,1.7256869245194155,1.7227325353937875,-0.657168040122275,-1.2879224416308341,-0.4222885838113362,0.7539637137597723,-1.0246204890139345,-0.707910745686919
0.2949473305740101,0.6666651681735591,-0.39117361366595277,-0.40941518336225574,-0.9934878029404041,-1.2219387007362794,0.3556040026187883,1.445443186207756,1.35659738972284,-0.825141649501598,1.2455799295040193,-0.1620614139975783,-0.2322461094951511
0.22963951071318858,-0.78038920172744,-1.7049658861091272,-0.6610268924757295,-0.6889425578990213,1.0688430798369433,-1.6668807206138547,0.03467020487411122,1.0773116959582278,-0.7490639754017908,-1.1439592709790178,-0.9473858921082253,1.8411610871685742
1.5996083988083651,1.6452073588462945,1.06675633066359,0.9994311955853689,1.077183214110556,-1.4816380689361393,-1.417498570357205,-1.4788326423321587,-1.4966309721631832,1.844485603375672,-2.012588091705359,-0.29975478652233645,-1.2385588422718112
0.4974984088363603,-0.5648340125671806,-0.5474163982790905,-0.6553058307847164,0.1619308073632129,-0.546964718026039,-0.8403400877216437,0.48649712854931293,-0.22941664511069673,-0.3293030483256566,-0.25339096858070836,-0.9366862123754737,-0.4387620137023464
0.1860564094688345,1.3896128239428893,1.1347564540394601,-0.5667094973691518,-1.1075798396880119,-0.2746075957372877,-0.037765574206842206,-1.6090550689969185,1.3286680613961512,-0.9302523743754608,-1.1356820572629187,0.8143289664912885,0.7358482413027158
-0.40580595250568463,1.193083548918658,1.6544929581082712,0.705137477788051,-0.170368730932071,1.4648969494878337,0.8533144728482653,0.14580496431273804,-0.2610679021397211,0.3081883039526142,0.698366625616079,1.1734616259832322,0.5396903873565166
0.4226984802664997,1.00308714474094,-1.7486237281256698,0.09122080591073875,1.6837651847560562,-1.1385348040984884,-0.2899900098980234,0.8679707975673644,1.4897588637026482,1.360215460396834,0.39517220034375394,0.11298762284997217,-0.09561093838111843
1.3859116205712259,-0.8046160066745334,-1.4681935827155357,-0.8365330676211997,-1.261440633775014,0.9405169966286845,-0.7849669850528606,0.7083587499884014,-1.1163941051465394,-1.0623729786926628,-0.0616520219756229,0.24369770530451654,-0.6401293519380997
1.7081607948868263,0.05794956666348212,1.2597602582263945,0.03364759395467076,0.35649109887272695,-1.3069613332983272,-0.17575207786600325,0.45934025455804145,-0.2598352069428553,0.30361391077076677,0.1935155932033731,-0.4668347856986953,-0.8329971041931646
0.5028623777735377,-0.5275273448483828,0.5698497428173083,-0.7588860699445238,1.0424696448433581,-1.6221460765399907,-0.7552685008537804,-0.12378340897382017,1.1621672451469602,-0.003927442336751249,-0.6144922508299318,-0.9760335968667765,-0.6899947659547517
-1.3273435227973471,0.6360849735857194,-0.7951074992009831,1.2637007931153081,0.29069296888236795,1.0923771764929668,-0.8073294038657541,-0.8318263376561293,-1.2755895569434532,1.1849677879885547,-1.139065836133399,1.4316374864787185,-0.7881644412289766
-0.7240123330315261,-0.9368240119738119,0.8544889776841007,1.3401169702159756,0.22691788315823025,0.2873995663221721,-0.2826961209358425,-0.5373753260904889,-0.058302001516589284,1.1651637542418452,-0.5685106896339747,-1.0609273327722202,0.1298006723422009
0.18889769932818304,-0.8245757632535379,-1.2507680595462374,-0.2762949129784994,-1.6275511365820308,1.7062310906685245,-1.4429929799768997,0.880182345720313,-1.3582374081519908,-1.1851982187287817,-0.4042332272057933,-0.9353421952590614,-0.8046182677243652
0.8554548601600108,-0.5587050582627969,1.516238130893584,0.8954738247683786,1.5715057669140267,0.3228049804872139,-1.0320485965134338,-1.0383603226058467,1.2125729657269306,2.257552307201937,-1.438886719642594,-0.5842968030914907,1.2517721773009498
1.222367110416156,-0.1847827104959465,-0.705135316695973,0.9268001933669227,-0.42093645070613267,0.31572984378336055,0.8560682004156193,0.12961863121344558,-1.1197781906113824,0.1714628123844728,0.6891377041197533,-0.6639639657385925,-0.7721243333651997
0.15129556226429577,1.6105670477112688,0.030986031710073525,0.4127842927478798,-0.8870205672712476,-0.655019296931017,0.2699758465112315,1.7733406323964451,1.578139825309941,-0.49393394937036317,1.4116268990488754,1.1142307254017962,0.47718535620863467
1.5812774064423984,-1.3905794298168486,0.43907003075585316,-0.4129993761847281,-0.667245592132272,-1.2287298259600652,0.7371752970417488,-1.1265749106004443,-1.4793093026076436,-0.6373506042861867,-0.2601346822874162,1.1427224641532563,-1.2128349755144456
1.6365359801393982,-1.4552904733463725,0.329674308209804,-0.7351097524732775,-1.2160993576017889,-1.098093192235415,0.5042425565878838,-0.15607480216373662,1.1023808520165705,-1.0220205966585307,0.24569319335345155,1.2758575822519673,-0.20173723252341746
-0.34017056745390606,-0.39681095232324237,1.5965844464754255,0.3157146331680696,0.8628786724207375,0.9889713668769846,0.5142639351243521,-0.07647035522638333,-1.6867540003092052,0.9509977668068658,0.3075907648270602,-0.7990984099794279,-1.2529776754377255
-1.5488544122801586,1.3098266719587401,1.0593825814806452,-0.42338494300633917,0.5160800774592147,1.3611869033145736,-1.1189520696840698,0.8042659392757397,-1.649132989705221,0.038845544254593085,-0.22953574721157852,2.462201065200056,-1.2019513816414469
0.10440455916855564,0.49559978916104835,0.742119904436071,1.4966424907113,-0.5114841465333816,-0.6064235916470905,0.16506483299828525,0.6270277221217025,0.5697462821957315,0.33951729904253963,0.5478981923765307,-0.1757108544022505,-0.026601549811459874
-0.6654160110998841,1.3359223596595258,0.786343040497587,0.8150407966743164,-0.613762132167983,1.7221549391574098,-0.3910648924019234,0.6663713084852658,0.10357535224735874,-0.08186646322209391,0.1853813662390093,1.6056566273161283,1.155598568088597
0.034178097438540174,0.7238639333255708,-0.18677442953625414,1.7481452891592029,-1.1716813757518336,0.3304359012657304,1.2615254120894246,0.3554844078738071,-0.9666403785866531,-0.44488621665770095,1.1289149202581643,0.1685991932843935,-0.6359187847492848
0.415302462798356,1.0297406329588201,-0.1814136888139659,1.3895721294583407,-1.401279839496233,0.5645383714881492,0.0668460469481201,0.9228218068387958,-0.6459891397993159,-0.8087180268332406,0.6829929824602955,0.1523832763988264,-0.27150581357406284
1.5121857619454617,-1.263615186633517,-0.5988785385049606,0.6396357433218931,0.9572688414771986,-1.1739664347031389,0.6935120857038447,-1.3890171728875687,-0.5276944953646407,1.3541447382829692,-0.47164415658464526,0.9210314892694639,-0.8639648201184268
-1.1976960594662065,1.645236673630603,1.3875787784087328,-0.7565102440050072,1.2588657516003474,1.465813570801398,-1.6933083794630501,-0.8512964711019435,1.6848060441296786,0.096724408992598,-1.773227536518961,2.511516671739429,2.978402337169437
-0.2677980703872382,1.0042320238761475,1.2942007438523935,0.4019659794186458,-0.33322340532248057,1.630464439237609,-1.2444036164804757,0.09571594791776346,-1.5141895614510619,-0.012751616854835886,-0.8058782601523533,0.8082960960834517,-1.0181673707815218
-1.5273395300337207,1.3094320008342024,1.360079051089135,0.40670716855862915,-1.0332122897537352,-1.4611691707545242,0.5329034444386503,1.332492876502131,-0.1475695579481502,-0.6241363769729812,1.291936761708574,2.4401057403885686,-0.8797219146670329
-0.5521249483025518,0.4301362834842758,0.4516473572106931,-0.08669924088410592,-1.3021302567915807,-0.4661671577918748,1.3847664343625665,-0.7970608327408505,-0.7838494072881559,-0.9471616875924934,0.42073907720830256,0.40558478551622684,-0.7309475636260079
-0.7467740951133492,-0.9842785522250781,1.486777196092814,-1.0656825525166278,-1.3000884624613462,-0.8552431366620368,-1.4125344634432695,-1.6049583343071259,-1.2508556571736738,-1.1194471181335273,-2.096056456016259,-1.0949595801528011,-1.0742116431587379
-0.5481217336023458,-1.2995374292158821,-1.620456627311078,0.5603210279613646,-1.6800260993762837,-0.5832794156031867,1.4559835193851107,-1.0803160966018313,0.30526695379126323,-1.1853711371519111,0.27536999430314546,-1.1064594036307518,-0.15707183287728319
1.2129133093049622,-1.3708975412895241,-0.5257056340996142,-1.3437032339319863,0.33063488254837226,-0.09137590343722123,-1.0542108685962548,0.834577541170623,-0.2088356684596833,-0.7770782188958919,-0.16328070499852526,0.7489212720695122,-0.19324295961259716
0.3243352128758095,-1.5989201585706991,-0.3276205182575439,-0.8269228392625505,-0.6845079729398625,-0.3758483527075731,0.5186037102719135,1.0955361513655604,0.9636011851800912,-0.8134861834451157,1.118568875019381,0.12936184126921704,0.40091219203689366
0.5334076204153309,0.024055517038310863,1.3022241757329833,-1.1515865626966246,-1.0740164496940856,0.49336193363408476,0.4380841654491391,1.575467991731496,0.6645495949115783,-1.064586447406195,1.393001907495005,-1.1723253307542139,0.9143562119277134
-1.1922600390705411,0.288158117708666,-1.3482181874021715,1.1427881608407462,0.5011522899807701,1.1413730214857365,0.06431375153608834,-0.9948884759618447,0.8388101393685782,1.334469758760838,-0.6407791179430227,0.8786481561649347,1.6371380431243803
0.8882916378445388,0.12744426991846805,0.5984385991824157,1.3046628833054312,-0.007549057755302974,-0.49104756422135587,0.6891938933629939,-0.1746185419763885,1.3445095342983806,0.8569529479589372,0.3624915069523078,-1.3741251483914305,0.521842896931774
0.8149643195825691,0.7249532551521752,1.4364333872891797,-0.9337875526194828,1.1430318131921744,-0.1793399248555978,-0.3807357225817614,-1.5748721374045456,-1.5845398146702157,-0.14486619046928537,-1.3524113498471355,-0.6147693864283716,-1.1980420543864725
-0.6765169001602104,-1.60362956969422,0.5188982361012809,1.005624203942677,-0.9571348174692049,1.2857012940464176,-1.3899359560781794,0.9012431372450265,1.4576672950567335,-0.3764195455039062,-0.3525415843017022,-0.8708274547554976,2.5000488488756214
-1.0338497686349732,0.9172418394277959,-0.36965502530717514,-1.6252399522401197,1.6601033975426194,0.5550433715060709,-1.447605497725008,1.217083104884121,-1.0581392228179058,-0.8108891299378874,-0.17521806428376363,1.4738446543019952,-0.6646784187878065
0.22884759530964213,-1.4867335717028722,0.8690981840393487,-0.4738265078200025,0.2658774160299041,-0.4186431105770698,-0.674131020465016,-0.3865229525960995,1.607447758031313,-0.14271174230366396,-0.7387680769442927,-0.1011352398159674,0.7591372438950375
0.5073785749297471,1.62188193323004,0.07116035759758203,0.8839035843939237,-0.267877742525772,0.31960419280701896,0.7918923115422165,-1.0117105235481367,1.7932258914265027,0.31093639898928244,-0.1426153087188031,0.7699430418998556,1.751466005382428
-0.45548967552125785,0.30659978829678125,0.6468916256753456,1.0180528352280014,-1.0061337883270127,1.4221692423263916,-1.262477104581468,-1.6085438367422857,0.6289611986374133,-0.42653370599852375,-1.993394112473508,0.16032354993553735,1.6206515604864273
1.3810554486439046,-0.32676744195458834,0.7187065163784694,0.7161816855025825,-0.5168994328098524,0.7467912055071206,1.6404235111802639,0.0786266467290456,-1.1185588473812211,-0.028237168426729548,1.2035252895852429,-0.33421753061523846,-0.6823362471999042
-0.7657829780042613,-0.27300529154671194,-1.7115101642205597,-1.1208412342594405,0.2821528748667555,-0.29257747804623635,-1.3336617656339103,1.417548414865094,-0.48146584570818496,-0.6208945288282274,0.04280715693901651,-0.22289879843333626,-0.4762191798442994
-0.013561729552630571,1.5822946509190368,1.361751835748139,1.3163710882868105,0.6583318239645773,0.9483001117755219,0.16527650912868386,0.701529730316752,1.2949184144553725,1.668882403489595,0.5994054025133148,1.2460048894305673,1.961625852675702
0.5845950095823145,0.03270552428205979,-1.0531380186623789,1.334464429544678,0.6785353376906417,0.6354833831969223,-1.0397448615281593,-0.36156898261559073,-0.5416422484430662,1.709521680115458,-0.9777242262890149,-1.2133945879520625,-0.14408451640212447
-1.2715082982743515,-0.002147841856101972,1.5065180551697739,-1.1029894966102336,0.9104864049667944,-0.8473950125878245,0.017531852192569364,-0.4586117940383202,-0.34117540895645015,-0.40150037052487975,-0.3038665898140817,0.6101568818485866,-0.6435485173198937
-0.8317878377504756,-1.0015273259712572,-1.2862479001108573,1.196316218389151,-1.3943759808208311,0.7526912869632283,-0.5542682458886795,0.534063713173604,0.7911157292100547,-0.8278567114490095,-0.020171030820491896,-1.0302071195142615,1.2519820809985627
0.00334630951956031,0.6252042145153597,1.0742476701429837,-0.2198522744147811,-0.5128396542030514,0.9495586128049801,-1.481472156984011,1.4005131362421352,1.6320172019997021,-0.4583917019138768,-0.0724961002126531,0.08127203410246883,2.3265513419163
-0.26018104596087316,-1.4672123616020478,-1.1826370935729715,1.3984256897641665,0.13525012773778028,0.29063174814200593,-0.272878992954838,-1.6305126850343552,-1.4088633914786508,1.0944362913162615,-1.3152006610733316,-0.6160092550343124,-1.0248135758450296
1.6208903037478146,0.3934160872251204,1.5020900415881053,-0.28816361386678535,-1.613014390691323,-1.6136165614882267,-1.4039413257479694,-0.08967892763923092,1.394244048717593,-1.1768162789521417,-1.0454588023772073,-0.9568305881361249,-0.6321613083393688
-1.62548350084671,-0.7728629991574452,-1.5043597621297176,-0.25079919050481736,-1.5915341987916836,-0.7090819452019161,0.2896960701937336,0.8065658542097377,1.414064733660901,-1.160739960145483,0.7589849397381776,0.04165523260434017,0.3317225650422214
0.49330077033858427,-1.2762212205151986,0.37213755876019744,-1.615750716637466,-1.4657741528038895,-1.5320671486177286,-0.6604811287389533,-0.2779321130364895,-1.2769354264024466,-1.2404501248099773,-0.6543461381255996,-0.08781088575504525,-1.1895851932678296
-1.2858910445861687,1.0592880195927101,-1.488103858535354,-1.406468121585348,-1.7156213534633817,-1.2837096672351138,0.2283651495031811,1.0128850334196648,1.1332436587565333,-1.270238591483285,0.8582436584457799,1.8974826562915872,-0.3691100085577628
-1.0704001073387257,0.8595144362243018,-0.764812416342711,-0.36777391138573273,-1.217602237431708,-0.1820027263286062,1.466683428906824,1.3526757711386186,0.09450853107046064,-0.9465114389010729,1.9600804325151064,1.4413504637548638,-0.028398098097125662
-0.3994286710346864,-1.1351915487089168,-0.2798080895341835,1.3647022429103963,0.5012850320862775,1.3203192463420539,0.886569616869495,1.1204912441021586,1.6897951301440128,1.51942816807343,1.3935783875930938,-1.1541089765690944,2.816748588706819
-1.5199857483492467,-0.4409402471907516,-0.514733229972621,-0.9952307333790282,0.18233508735222873,-0.7831739673669009,1.6785361899184916,-0.06833264738648827,-1.6112811758139067,-0.5629326414987021,1.1289197615895465,0.3336730390761825,-1.2405428410510586
0.6290751332838151,1.2915216993128285,1.173724531699842,0.8257606824751604,-0.11822967384961562,0.48913034260328003,-0.9888121821931662,-0.11580019749898182,-0.15001256793891943,0.4328420800494912,-0.7726156482410065,0.2514731617758359,0.15886645563788374
0.9436306282290328,-0.3702773855027821,-0.3068589492720921,0.6179586857930113,0.9022361183011448,-0.6874607091063143,0.42204980876081716,-1.3186120523356024,-0.14691434564232267,1.2800030139875034,-0.613302965054738,-0.7216439029087383,-0.46646130191447016
-1.6438246352259254,0.9365489551771905,1.3896014242342078,1.1919394290972032,-0.08506496380282387,-0.3710903988555939,1.56776200772168,-1.0741135641470612,-0.8192960290733924,0.6938197351842216,0.35796068007308757,2.1100105204905617,-0.7230639318870753
-0.8458685810238077,0.7218889088970725,0.5229907774513279,1.0246622680038944,0.6944385360918742,-0.7213638101253796,-1.196443083218562,0.40193207731749425,-0.42829203230564594,1.4490685703584814,-0.5611819007503271,1.0506604589547384,-0.6293547612656764
-0.8170906524223898,-1.512550501188563,-0.34660629750256416,0.9679463245777133,0.0475620770203213,0.3272430904462589,-1.5972740298676589,1.6060624328295792,0.03552380649766767,0.6984576211741099,-0.011931863598072023,-1.1213231334362206,0.23376480652857934
-0.9381704927442663,0.06622528608951177,0.7608253089472676,0.7498992726033961,0.7178369862619776,1.2588119764124612,-0.27399216083964406,1.455244243079296,-1.444448798625324,1.2243848148951029,0.8112251049518052,0.35715179742873127,-0.9625138654044454
0.42178440712209475,0.625504317737711,-0.8652862616741579,0.8511550088500551,-0.7197028179797409,1.485176136677691,-0.606255298120029,0.5671990775012303,0.8253261413240436,-0.17648134389152997,-0.03375221648698007,-0.3388901920550464,1.9181333220723862
-0.9676894351166513,-1.4875078942275464,-1.5935572684939567,1.149970319918744,1.2050969741471123,1.3262341334400067,-1.253515356972443,-1.0589712361688783,0.7213949044954177,2.1481611730993633,-1.6082604376603644,-1.3027030019499686,1.6557673405636575
1.331743880158256,-0.07884887642547478,-0.9257164204682597,-0.19837266356426458,-1.4225719832993804,-1.4391844374974097,-0.8978386695843584,-0.3931743653644653,-1.2750635667075167,-1.0460091055480467,-0.9000886603987599,-0.6810780553992429,-1.1749224682462573
-1.196935375680013,-0.6951085236812373,0.1640880401093868,-0.2020785729945833,-0.9201536336484236,-0.17052957689531642,1.2418997960403877,1.1433738697194267,1.2713685043230327,-0.7171527882836679,1.6583063021986473,-0.2957842720999821,0.8031258940621395
0.2180313387945616,-0.1733819166968109,-0.9859799002066132,1.631809547068382,-1.180907873799709,0.11164615260993262,-0.6925547496434189,-1.7087808118335486,-1.4296289278026857,-0.4831671935878063,-1.6631914443440454,-1.0921448395762352,-1.0606401740213631
-0.4540354168720202,0.35083526077035193,-0.13684354886967953,0.06316418327892587,0.029419807609773172,-1.036589020725664,0.27366579332597774,-1.5826610412745237,-0.18276070100232303,0.0806748768934092,-0.8992901525215977,0.21190912325735045,-0.6674936346490693
1.075989869639375,-1.339671250129582,-0.8684396790057387,1.6292914178325304,1.6719395892436903,-0.511973083082153,-0.5472223996719446,0.02545357130166572,-0.5403587298232264,3.2871270808267457,-0.3658513821132399,0.5738693964113554,-0.6030427937966593
-0.3950000358248387,1.0999632880004253,1.3074838474626098,-0.3311352612816197,-0.42325476358387903,-0.9447022623331819,0.03518744330092369,1.2218687820298264,1.539648616975677,-0.4554902594911708,0.8669639740239451,1.0509322924468416,0.13689762822347715
-0.6318848335690845,-1.0978803910301198,-0.5646451602259239,0.8299333306671871,1.3453381941687699,-1.5280573708631466,-1.2417810514165086,-0.8718052279379281,-0.04204783188777306,1.9442797711619944,-1.4710138186871031,-1.346652101012319,-0.8898596049838556
-0.5064876638572712,-0.5583346706319438,1.2937968117167027,1.4088916548167043,1.555496247550883,0.8034804990863865,1.7151886251221031,-0.7426968789984006,1.080201317290612,2.8651398458706576,0.6897178657067612,-0.8256518431058698,1.5927735238837786
-1.6128716547508737,-1.096495179393382,1.1414495350618645,0.3571794916360399,-0.40716933129861355,-0.4753188567519374,-0.5323291607972316,0.5006790898869565,-0.17096609819522607,-0.09997061412891303,-0.027814055600225287,-0.3591183776915899,-0.36757229839181166
1.1253871201136494,-1.0494293666185242,0.11037814784012452,0.8935130561140584,-0.5400873710948789,-0.7539852542021317,-1.6850320840117967,-0.9863114919553818,-1.443246706045629,0.029312141018930277,-1.860503267750085,0.275455281647358,-1.1547730363556454
-1.3514500061264074,1.2262019861030438,0.6171806064338511,-0.7805896169111547,-1.5847635961324442,-0.18289944122945492,1.5252648001219051,-1.3685700376401468,-0.3140123881287259,-1.195558918550745,0.12519873547838967,2.163530968368738,-0.3134379693436932
0.07638188353911239,-0.824780729952345,-0.29021615133761625,1.1939470050842977,-1.7603660098107285,1.2654141520418591,-0.7173374501100239,1.5927768145497347,-0.8958292597539967,-1.2539905220323657,0.5954157855003641,-1.0481725952919025,-0.3115590640348227
0.16222027105183978,0.843769253781493,1.1272162099457397,0.03831195947604697,-0.4307803181273886,-0.05624512060045661,-0.41538608606152566,0.7319623656335796,-0.014509150468046694,-0.27767564721329824,0.2135573380387548,0.18370949059552244,-0.031584907652674715
1.1459696395478594,0.2368282692984218,-1.0452198965269075,-0.35127910302860477,0.22151210118340264,-1.535416939921341,1.5810134638836966,-1.34533877792443,-1.4755526198815054,-0.07782598226479376,0.18027245045860354,-1.2463368287957801,-1.237711173027066
-1.62600200467753,-0.9327363555873339,0.3134720929563034,-1.1066209230538833,-0.22065111278944968,-1.3713512742961627,0.15586158678108356,1.5824915863240705,1.1333509770138792,-0.7743269753544504,1.2001112952691644,-0.1495434352395443,-0.4537510667827596
0.10917193696099335,-1.5709778426953176,-0.36001022467170024,-0.650580096767447,0.5830686950746172,-0.783700513970219,-1.2005508706770716,1.1883755460236138,-0.34525517353007573,-0.11859920196624879,-0.021915141655820453,-0.12038140507314313,-0.6157328118939113
-0.32713016827299063,-0.7749008815571677,0.2948519545434074,-0.47216745400763255,0.48511856575753043,1.3767152136275547,1.698964496272928,-1.3317242124871986,-1.2799768328135468,-0.019296163488905737,0.2722973587179192,-1.265608312620902,-0.7500742139329182
1.0810491234224233,-1.4051615358332783,-0.24627219862302713,0.8506611606594007,1.4547673251002045,-0.10072915238478498,0.5721219906378553,1.0998832191122594,0.8768908171614415,2.0815504325764915,1.1590618686046086,0.6574896445874528,0.5881643997873112
1.3927479534961422,0.4163522028979181,1.0427502602667182,1.0040350295330027,0.3323334864801917,-1.068696704209274,-0.9736896358843059,-1.0920749390153939,0.4639468264879366,1.0341842175250309,-1.4350277791044266,-1.2136141269548768,-0.42730160139515827
1.3949931238482665,-0.5218826736708532,0.6560929651043466,-1.1679790923786149,-0.6691195282020065,0.3362226507579885,-1.2213588638726187,0.39545654596526747,-0.9390003580697126,-0.9457022532331304,-0.5831025288539304,-0.08622871121749587,-0.6103381679318802
-0.7414145393789092,1.0558266076807832,-1.181058234031569,0.1891137031670528,-0.5301980802907429,0.853792630542494,-0.06095246143386424,-1.290150759079716,0.5649208585316807,-0.28254533211677485,-0.9320866571394126,1.3461434939299344,1.1012890122955346
0.013858354219420194,-1.613328267676472,1.16425235574691,-1.4925046531104513,1.4339606840420067,-0.25553391668187436,-1.0969674157571399,0.18763564577722464,0.3756169245563506,-0.6864680636578228,-0.6392146463194585,-0.16538316240762094,0.11521557490796704
-0.5971969469530376,1.3276102275172923,-1.21312998488565,1.4556446871340218,0.1593773914889383,0.29649263900201567,-0.5982879524925004,1.6414600685316638,-0.34265382322103094,1.164834653002735,0.7123853521070197,1.5271299118989685,-0.10911524712937148
-0.38488126429947545,1.5374173142138416,-1.5565918222216404,0.3497987764728891,-0.5914617655728548,0.2065214078373411,-1.4790810051551326,0.5621700727398988,-1.3096464254644062,-0.26148773417033466,-0.6487432224969711,1.5653569670645935,-0.9517452134669409
0.4339703819524053,-0.7929117348277577,0.8958570974517405,-0.9881350693588902,-1.3601778360969847,-0.9680291081716654,-1.2830905033335271,-0.819476631540366,-1.423231401760637,-1.1278936518346665,-1.4638829042446493,-0.7270203680709157,-1.1667367608642931
-0.7020798469936042,0.18944151691810016,1.0612418294751118,-0.519856398854787,1.1711191581927385,0.6593580622874338,-0.8327075863015883,0.7915391407421284,0.18584704771618688,0.3116540828051034,-0.03775886081041623,0.26764592812655014,0.5789704274996718
1.051944423085345,-0.5498945033055139,-1.3641889691437774,-0.41951306142181266,1.1437836444165919,1.3873338974852143,0.11400340199639095,1.0470605388240646,-0.23718727437595408,0.40391398160832764,0.8016781872666366,-0.3973942298056965,0.5305590786717748
0.05027768465976862,1.2698215416953234,0.42407249534490377,-0.9516752929637465,0.9885028834901722,0.8556801431485596,-1.672877381640672,-0.5637325408045403,1.2294069958191103,-0.22309603358568458,-1.560677209594118,0.8071305062641283,1.7984945019955942
-0.8203512370495472,-1.12092115768196,-0.6693597287195022,-0.19644788342092626,0.5653391438307047,-1.3036070576649332,-1.0831113711174742,-1.4824016184525466,0.42534140433400436,0.261448079415497,-1.7807681160805888,-1.184877482634926,-0.6134471372545566
0.6055603316172403,-0.9597874436237936,0.6333305545182747,1.1817505860361355,-1.5843661471249766,-1.120801360739663,-0.06576802532461516,-1.4954583947941562,1.2082474336053963,-1.050134124000443,-1.0769919883153853,-0.3544588639871049,-0.18323968045118735
-0.17492618864837342,-1.3911976643312496,-0.7917958163884218,0.6046054922657331,-0.9899218198145947,0.8286812025792343,0.23173957634106343,-1.5238455444125325,1.4783991934293244,-0.5287248293091321,-0.8881195324709147,-0.6214864365193038,2.0299688303607235
0.0883419888037244,1.192277031631291,1.6060747526149652,0.5169405473344026,-1.2156941556072365,-1.48901202591255,-1.2540754137945782,1.7300518917411745,-0.917125307299116,-0.7612297232556062,0.31399564310270556,0.6758854300163052,-1.0911280265188565
1.1275230517869022,0.6519178426721652,1.2291068561664686,-0.46317092721496345,-1.313925405303873,0.6608106696471694,1.0170716551761454,0.3581468587516912,-0.8695063592524432,-1.0202943716490611,0.9594797087538735,-1.0164686983213804,-0.45565325508880344
1.1180784089452198,-0.48165902167748803,-0.22539856061053448,-1.3870340003838806,-1.2542631451134574,1.1204258441415642,1.636702779344159,0.344986809574707,0.32243437401985564,-1.166182441480244,1.3845372058586989,-0.4127586962079935,1.032159531557008
-0.8451724023863934,0.8755305058653413,-0.9326302956219501,0.5430492213371795,-1.7190067270282456,-0.6338271923654396,-1.5863467080874407,1.1642696052828723,-1.0823992755233443,-1.222168181591022,-0.30883138983543107,1.2342074557606286,-0.9468597348084734
1.258672257615464,-1.0324596747905521,-0.19178421454431654,1.4338981170190002,0.3394641719191174,-0.5169534690102909,-1.1185438226175508,-1.542670627377351,1.6246948996290222,1.374664005276303,-1.8471402110871156,0.3890542249868659,0.6584825591990675
-1.3625517127203879,-1.577323184952084,0.8353668364325476,0.9317938298787476,0.33910827016859696,1.6888227959587478,-1.497562169183637,-0.34991995267312354,-0.9155956501268252,0.9856989221095962,-1.2904524311503478,-1.187292843159807,-0.2188166880924251
-1.0530850443984212,0.9040693295048335,-1.7539429633757637,1.4574066220401938,-1.3317474210539142,-1.2251776696780783,-1.5680373814021813,-0.7745557051509228,1.0529848858110862,-0.7116199232991588,-1.632557224493021,1.4773792874642995,-0.34020843956618746
-1.4214116980683826,0.6235020882884088,-0.20889499721614546,-1.326747925171373,-0.7959530189278865,-0.855624627916251,0.17658365082399627,0.5151621165683696,0.3569761713891238,-1.041566949808959,0.47885259901485844,1.5110847974194366,-0.31979258639476055
0.09542760315441798,0.7422901921195806,-1.4557686200466045,-0.40933142627025076,-0.09086312365516107,-0.027204504642265655,-0.40200531060803546,1.2001082695497778,-1.0917400339668473,-0.30147984783341325,0.5456545715025788,0.12914136356008601,-0.8215766908279821
-0.5267162452165162,-0.8887708019238254,-0.5720107985894134,0.6866465434336936,0.02163051339550648,1.0195176084210884,-1.4003267440696645,-0.22742131337679694,-1.1097586880454597,0.4852456354937959,-1.137880794067188,-1.2015807478613778,-0.6164947923384017
1.585003941172103,-0.7903034502829391,-0.09127600848796073,-1.6139870898180109,0.5885356065195742,0.8670973169025847,1.2532263373152113,-0.8269886633001119,-0.4801228130067726,-0.9487977036407075,0.3079475635901681,0.42661801196487453,0.013358286334865428
1.4624141847407175,0.9383232992670347,0.24160500530008158,0.17000499205072098,0.8897081222414717,0.05882421328521512,0.17664352959431148,-1.2976072862420387,-1.6412079617725264,0.8317044058158979,-0.7707610305523726,-1.00957098930369,-1.230574006242028
0.3752963023784637,1.7213265252112777,1.1564162971592193,0.5686273612404992,0.9713463581619882,-0.16760117294538376,1.2243900861883237,0.0005301885364460817,1.1272787333955048,1.296405969932337,0.8582047597570199,1.0219368655780154,0.7050054010013256
-0.2915114278758431,-0.9893368467606123,1.516425414704292,0.4559145093204768,0.21709056669623686,0.7770719587693272,0.758575245981065,-0.1425254316612324,0.693198629370343,0.5082769417824077,0.4332256644097452,-1.22056287304533,1.1727961452200188
1.7009134383257167,0.2130953999014265,-1.4853423862229818,0.4516304082212626,1.6101717305642715,-0.8153787825906991,-0.22654546153685692,0.37269681630217,-1.1177675595103462,1.7496586791377953,0.09819968559788192,-0.6601687567201092,-1.0035257600511962
-1.584368894032556,-1.7026771096052937,0.8673244121032792,-0.3869412977525496,-0.06622261635379048,0.2001089224129995,-1.0105739227997192,-0.942552095843834,1.5235628583044223,-0.27316175826103883,-1.3577943930617924,-1.1146950440477525,1.386730683620288
-0.9905315446070634,1.2526141814776772,0.7484199140115162,1.5585248552246045,-0.3710750575492835,-0.7787892137091164,1.3159169397363357,-1.576681338805326,1.2158119102563258,0.5502272168944065,-0.16493993921035405,1.8324884118525107,0.15959357999270066
0.34921270858654235,-0.6666349319056961,-0.9650135348800537,-1.556031591665429,1.3396972933967413,-0.27069564357653136,-0.2645916734423172,1.3669990796874172,0.8811225364497975,-0.7762882756589365,0.7569784060880135,-0.9636310190084993,0.4414880229415813
1.5480479924383186,-0.9784477156553767,0.5543054975072537,1.4371557983521908,-0.20546336212702793,1.0810581081001756,0.22403232480133098,0.6927570372658732,-1.0281216794531665,0.6949984288451874,0.6345236748686098,0.6151001675894358,-0.5119544849685645
0.30800459463500246,-0.5946953349590254,-1.2745265481951877,-0.0866636518179203,0.17419022851552565,-0.08451106984680203,-0.9832157933422179,-0.9892113636191859,0.3662429588519727,0.08260059775592918,-1.370791740181053,-1.0913141639991613,0.22985851780236904
-0.21698014110105812,1.0186043406799015,-0.4838443812347089,1.7164023720056858,-1.5901831117874303,-0.8251424516116,0.4227554199632168,1.576228614094348,-1.1670266025114717,-1.018433551413974,1.3827865378013557,0.7744603190473803,-1.0291601448601375
-1.328540058627516,0.5794112992370285,-0.7664542751404957,-0.16929815850303462,1.472897509528423,-1.4501780690947896,0.0769475599244702,-0.9802875359143204,1.344863062457024,0.8904427329550463,-0.6218622027702081,1.3648770442455056,-0.47311639053257987
1.0176115348568386,-0.08507087269840194,-0.8631769905523805,-0.404556351585136,1.1286847100117292,0.1471983882531311,-0.7930705253740138,0.010659569374381872,-0.28125590176355025,0.41108017153964777,-0.5482973515176401,-0.9893135190128556,-0.1293583026712988
0.8834005710835318,-1.353057753096625,0.3806203876138334,0.4970042074684777,1.7329140864737933,-1.436590339100329,1.5709800149810762,1.483137796754445,-0.7647917499905574,1.9174275557231484,2.123088962424373,0.3963739787025007,-1.035169250524256
-0.12908908080159565,-1.1201827389110504,-0.12103002847990689,-1.517906944378946,-0.8975898307200434,0.49905925926909495,-0.5483985443503762,-0.8171656054388656,-1.583901941645923,-1.1285175693929075,-0.9475456372217996,-0.9004215019897717,-1.1645348812998033
0.6731081073218892,-0.40935672194024747,-1.0675383836944004,1.39652181253509,-0.02278007325475355,-0.6018827688654856,-1.4061545713081325,0.23295250992252245,-1.1817634149538017,0.8976047490547294,-0.824599385338364,-0.9466499001493999,-0.9950335682857077
-0.9084841780355698,1.2826591835099492,-0.12566649357647278,1.1900769314337691,1.5670849577125254,1.2406541799591664,1.5201306569353061,0.4337914723641469,-0.6773202220135461,2.6124595910131143,1.3640823916198042,1.7860623081267457,-0.06132844367962273
-0.055775655385179125,-0.9216405229956646,-0.45138735707439087,-0.820274244955627,-1.6063581191777077,-1.2602280102975574,-1.6253548530803998,-1.4165536497835574,1.422582349587913,-1.2077896976485905,-2.115284749842147,-1.0648343021003277,-0.2501760754663229
0.4781910809538584,0.11754551258896899,-0.9088336474156608,-0.4023982832648923,-0.058103908421575534,1.1593034046904023,-0.8443524086896684,1.4414700572313404,1.8106918463102577,-0.27811245556107783,0.40212059777088854,-1.0047208044758467,2.7699081592001846
-1.1611848455065228,-0.6328238502238849,-0.271978328422006,1.5141600936485524,1.1398208173635256,-0.3775711085752182,-0.7084374604355297,-1.6268527473103875,-1.277953571250992,2.4611559584118727,-1.6178411305822091,-0.25702122181343967,-1.0143090643055432
0.3019556118000665,-1.454928043478707,-1.6087246890089926,-0.2523905230898351,1.0846640823660898,-0.7016581110880351,-0.6299579618587047,-0.0523144476033987,-0.6116191366845065,0.5444822648994503,-0.4774284207644966,-0.06580422707195302,-0.7162627364048497
-0.34895171999080427,-1.3517208265672753,0.4473079585285046,1.3425861222981559,1.087005194765777,-1.3722488945674873,-1.1096639171225302,0.9810386581230826,0.8747944246570731,2.214113106321066,-0.10116771197666166,-0.8437192252462263,-0.5308474221565774
-1.3913873571606798,-1.312553630517093,-1.0854598140617457,0.2837063368064451,0.15078211531055,-0.2912898789705041,0.13258714601864974,1.360802606096545,-0.7854094422283534,0.3274838415320998,1.0309805113285806,-0.8408025554428313,-0.6762159871861185
-0.7123813369314518,1.2606010687178595,1.3013485333490127,-0.9357054735740167,-1.5646507032309742,0.7128610182622298,0.5215094045192795,0.4302948045891088,0.7758189464435142,-1.19920130914942,0.6620121185819827,1.5625307463491793,1.2028232218134667
-0.3587064399431812,-1.6545175515818613,0.2261676790757109,0.5919131993293456,-1.0979253477101967,0.6528024420295059,0.6419651609967512,-1.1172094084830506,-1.1953592167610274,-0.6344058742174452,-0.3203851310886028,-0.49040940568191954,-0.7768362505757006
1.0395726921846005,-0.63023970244354,-1.2060417126372676,0.9388501277143078,-1.4188615393368045,-1.0084782496361313,1.7073594970573982,-1.0297975060900117,0.30934905613953745,-0.890923796698048,0.4863161176385988,-0.31347780317891516,-0.44729795284792345
-1.588298900173632,0.8068400172454478,0.9180652751287767,-1.546927867848446,-0.7118161491604212,-0.2386595911897224,1.2509976872056452,0.15837327350693958,1.5665607955873115,-1.1070285565175013,0.9856578639654806,1.8986615879325652,0.9341367874144341
-1.3656945323822334,-1.1662271849429107,-0.1402492827784071,-1.4978588470788081,0.36639559845855874,-1.1611516947332337,-0.8207450754314416,0.7733166137040258,-0.3873364602629578,-0.8893018654658361,-0.0419395473792949,-0.6911490118151724,-0.8073856115113324
0.6976791303066712,-0.16380567216789388,1.0020970055234246,0.6267405483518652,0.29077703619880096,-0.9171015084827439,-1.2733163061429562,-1.118978424492195,0.9825651943321532,0.7033981703201807,-1.6635002096946356,-1.2164207452829654,-0.08249960611735387
1.2904381581670643,0.13894238627821148,1.6626537464548297,-0.17808366335417658,-1.1298261778139465,-0.6624708672127957,1.2016912157621429,-0.8084216680631522,0.535006479110266,-0.848854867918474,0.28464012218340384,-0.9837642700529715,-0.08865433200470842
0.36667054026780044,0.5067944509701049,-0.5261749543194538,-1.4556249603512565,-1.3828611584854744,0.072951937518746,-1.4510543214852403,-1.6692354083323928,-1.568323752632429,-1.2051497646585163,-2.167354678178487,-0.42585842693237813,-1.1731073681941433
-0.20401378302544762,-0.862857848064035,-1.6668471742439095,1.215897749064902,-1.4933889035948131,-0.09297221508896186,-0.5627800209600718,1.417368715737608,-0.12507416231784502,-0.9410367136487097,0.5827829080072566,-1.2843027688019468,-0.13318839708730779
-0.8985380361110491,-0.824608970733114,1.1761455652459714,-1.1390278915950953,0.10226782843263252,-1.552409589161385,1.1838574333789655,0.9085059241238581,-0.6647790981944403,-0.6911932105151691,1.4557311286728993,-0.7509643982189597,-1.0494415112101103
-1.6065287170672093,0.1416874183049713,-0.7334227849966413,-0.8717312787818479,1.5547200176176557,0.3029140235038825,0.9079162481323994,-0.14103593187141203,1.2191641652244225,0.0908780541610491,0.538884627126981,1.1193327610067407,1.2376934095373746
0.24852478598408667,1.329060872621923,1.490994016844122,0.04821297333271638,1.3456371409867636,0.43251804899906837,-1.6689570848682278,-0.08910001079884092,-0.2559124800908401,1.053456809573761,-1.2307365934749142,0.6789357111057478,0.03294868219443825
0.6284164126971267,-0.8357870221910844,0.347057911950383,-0.5121710215856039,-0.7701180333124121,1.1831746179057716,-0.7727292202786115,1.7471929378584967,0.6205205270455522,-0.7336101493640688,0.663055596258011,-0.4801899637980579,1.4206733028854068
0.6279791542432225,0.1771083353013526,-0.35851546233516685,-0.023943605793681176,0.5146439487973617,-1.5011353736106279,0.03419110152597104,-0.8324561761003687,-0.396820255918533,0.3726093037501795,-0.5499090570019571,-1.0838272930556099,-0.9636903780214241
-1.2377962462450922,1.5110091239318686,-0.32783074616825286,-0.9876809190551877,-1.1737163731292344,-1.2235358238574765,-0.25805236929233294,0.9210680928550995,-0.12864123380635742,-1.058884004917421,0.4541518289510495,2.3908512128705284,-0.7463698150922438
-0.5208902046878698,-0.6452089904607876,-1.324086543516873,-0.5985198756866565,0.5629589960249399,0.2747357022608991,-0.3924765395273491,0.540780212240614,-0.5773782243127094,-0.08397743674110346,0.09781451458528484,-0.915357051666497,-0.31901974402988104
1.091896356400416,-0.1555189895242471,0.6031835500072839,0.6033497800161813,-1.6096252041968193,1.3046449164262315,0.24840494302682542,-0.232843432593558,-1.4068539509058644,-1.1169053508908229,0.013525334872610723,-0.8301775088771255,-0.9130600804845318
0.3933099498112939,-0.3068844838336767,-0.5714980612893844,-0.3392700648335272,-1.0481306409068014,1.5931809912503099,-0.3209320804825776,-0.6141188764094743,0.12289256733924922,-0.8379636343837986,-0.6482039287555871,-1.3507260470676037,1.100866940783386
0.01422674840077282,1.4902826393164352,-1.2773596340210163,-1.115305456666683,-1.555049311996534,-0.9216465196315031,-1.0392745068638145,1.781119956598292,-1.2236445760263919,-1.2106790183511398,0.49969511583009546,1.1077374237388842,-1.0727523385679583
-0.725739346231281,0.5620790013468195,-0.8281296495873042,1.2167562459366075,1.3081477562401134,-0.8329811943383891,-0.4189564039429731,0.8899228127748874,-1.3800879568339726,2.3416248039929637,0.31994791917399623,0.7382892597404958,-1.132254108890457
0.267274251708535,-0.5669296075258234,1.4889486014891329,0.33326221360034314,1.5946746902912003,1.5564438842121455,0.577524492760368,-0.24500501552884787,0.3076057376377045,1.590155003702086,0.23573123691509748,-1.1655439577343336,1.3150113604498588
1.1670180166177606,0.9291884191056413,1.0072223339420705,0.37005269568310795,0.9216770127878813,0.0602938032067587,-0.003212983272536463,0.6541519006824504,1.6520905924580909,1.0541800936033892,0.44869681149167073,-0.723658141061439,1.3332846809965286
0.014202704627936288,0.3297332630957098,-0.031373975548703595,-0.4476259878916665,0.9796783529336669,1.1769864338089213,0.8500539369420339,-1.7125035616411035,1.4253266271025693,0.2810150286036544,-0.5849663442835127,-0.2839665027170403,2.3457382377499467
-0.559557352845552,0.443656242975346,0.11362945438057312,1.5825233131827938,1.7168988452488125,-0.4751693351978169,1.168358177989656,1.4726658860558812,0.23808292675311415,3.286922911745349,1.8337827766010282,0.4292673105186542,-0.1230024529268923
0.4513440277328974,1.5890252168849284,-0.14469684126703583,-1.0558638692703164,-1.7294884330914484,0.5023391833958288,1.1853173075501613,-0.7993661899926497,-0.9069260689318472,-1.2658123826486178,0.27941064853184133,0.78685496939522,-0.5363158240592731
-0.7376426556604985,-0.6608205005074319,1.5244131910950383,0.9214365642133692,1.4399346088823253,-1.3903746583493621,1.1797375355713622,0.20072659042632843,1.0559581588557436,2.149255648279984,0.9649279604101633,-0.716246361346569,-0.4944744807434812
0.13452969309225152,-0.5927229173366422,0.07238536815455493,1.1927879351971709,0.5842706515240618,-1.637203617045992,0.7618267642352429,-0.32234628110967223,1.3834187731457204,1.4727716271845837,0.3115419784127619,-1.2680183678702575,-0.6592510513832263
-1.4820129951405978,1.0490555414835319,-1.7236340437388213,1.6387402327442648,0.24352430641711748,-0.17184516239020348,-0.4392998558298822,0.525943525295603,0.6949596826715481,1.4060523092612784,0.054781033413475386,2.0823106194212944,0.3982395104997016
0.9735129124402114,0.46312993787115525,-1.5279586165587675,0.24743495223837753,1.038512531314417,-1.2035314386560614,-0.17501985767960906,0.7481545258804659,-1.3872757001893894,1.0290083359714846,0.3931263869924858,-1.0880855312315467,-1.1783405972460304
1.7063972540736427,0.6682676875086453,-0.8659946591617049,1.0766915987271055,-1.1294515493455797,-0.47234325766106383,1.6399765862788067,0.23507604211920718,0.2852736635391615,-0.5480660418496042,1.3110625376929566,-1.2004991688051798,-0.09287500856204756
1.4991269599559698,-1.0819444710218566,-1.2004039358039689,-0.49540168487123765,1.5887556369927731,1.711152139314753,-0.22928184122395273,1.2756613347360568,1.0078703764387849,0.5671840914221876,0.7187525520002401,0.6900485524535636,2.35681742584575
-1.1176283259374444,-0.3451085282754761,-1.37985142127461,0.4512076361929052,-0.7619005371207515,-1.0446457243307734,1.0845746260137556,1.5971759893607602,0.8848188944253831,-0.3695855707153918,1.8609144786522989,0.04423286664643543,-0.23886431037185304
-1.6376552275000427,0.06343246174230173,-1.4029580787677647,-1.6340587847663408,1.5380245963515777,-0.4938899233222091,0.931825194772815,-1.2236857407625716,1.3502139888892057,-0.838379101932105,-0.19070252711601696,1.0567711352198788,0.5222676122335929
0.3255364373962905,0.4752651649518287,1.5352982500880268,0.2937105659156115,1.3096086192330296,-0.7418241996865607,1.536278093305723,-0.5195615976927856,0.038505140787891544,1.3031985169986127,0.7181896701362469,-0.4223293034031544,-0.40135327466218246
0.2738044241571945,-1.1996910183166112,0.09742185296960348,-1.1359305130321362,0.3892157270468844,-0.03642264756803999,0.73863877976519,-0.8600180140060579,-1.0420221828912941,-0.5984484522849578,-0.07535495070372383,-0.40017526233983064,-0.7864761278616279
-0.09499914696078962,0.06960900404812109,-0.0038264606159675043,-1.0620390271901214,1.3836225814380796,0.38877058180105833,-1.295956323003599,0.6301991831115098,-0.2743503738995214,-0.19917130807313532,-0.47354461781002094,-0.486161177692711,-0.0051970051357888595
-0.1948716424305741,-1.418420446559479,0.8742440967363659,-1.5863304956373456,-0.4187850621809618,-1.2364489882821676,-0.8734427649956973,0.9179033787861963,-0.4046130394126535,-1.0779320806577863,0.02081181294613996,-0.6088857311146513,-0.8473607965766837
-1.4222625816469523,1.0656806787704498,-1.3066163528264072,1.6152005039414083,-0.2959836938461548,-0.5359052146684131,0.08363099008433585,0.6202590683735514,-1.4246534265505533,0.6783084638190278,0.4861774847882756,2.042199447391951,-1.123056238782064
0.19597651693509005,0.45764177675451184,-0.0898694090383123,-0.7825613507281638,0.07254204808540551,0.724061836566217,-0.07944375231529302,1.2582618986539045,-0.11275289703462658,-0.45928815849752763,0.8117384589750292,-0.3132580415287429,0.32140853452158785
-1.5202488839489912,-0.06554374582191465,0.4750142442181708,-1.4310810531882345,1.358769504830359,0.25259992180740265,1.2195037030336675,1.43340288392282,-0.015555263199270595,-0.630144591945418,1.8425502017715851,0.7841120891862846,0.14623339470434146
1.1721021680925758,1.0388634973007804,0.8864174071180716,0.6397903782751778,0.37579187769228495,0.02581350458903219,1.5062528685756582,1.0903164872697149,1.765463092134087,0.795033844685507,1.8069431020474023,-0.5972455173815597,1.3808722704713183
-0.6984285434413716,-0.7996898111727097,-0.14065766971025231,-0.7660745708708513,1.4587310763095556,-0.27040509394397055,1.0002736446729892,1.552401681556136,1.6602408245348728,0.17613141894643594,1.770985300235352,-0.9221875292836653,0.9612919554319651
-1.0682616477781233,-0.9389391275587113,0.8094519610605457,-1.053668978457996,1.42663839188564,-1.2394091252574093,-0.43702081257715614,0.31493393040965617,1.340580322208419,-0.17464286088247508,-0.0890843509323582,-0.717499941848235,-0.25588279861643265
0.5588594791541311,0.9865258656002625,-0.7385325544574765,-1.4016825407491926,1.2133354522023796,-1.6033465665513174,0.6207277176847618,1.4391696213914178,1.3489354615383802,-0.6283566470600013,1.4270076795042876,-0.04371176671136221,-0.6311571159427918
-0.2711770022233205,-0.45035382590669487,1.5565910876067173,1.6751899211777712,-1.0783336700405721,-0.22730084648530482,-0.9561749817214777,-1.5443562563605484,-0.9598591528051321,-0.33629513308762865,-1.7345424238932958,-0.9326440828980478,-0.7747153511627506
-1.0513952080427664,-1.1522410896152813,0.8441415666614918,0.634232955005638,-1.2431030248089983,-0.8679999720677735,-1.0792128519500819,-0.5059247075712652,0.28700257725945927,-0.7631227584290123,-1.104889968234757,-0.9902415967219728,-0.36104822421430277
0.22422930460098503,0.9085338442291948,0.9528003241170364,0.15290438650756624,-0.508575508197626,0.7185731416236892,-1.294865736251524,-1.6722975873728594,0.5882260082787943,-0.2821454776694481,-2.0600358797141647,0.1990571688804619,1.0199190026660303
1.100561405669913,0.6763936970741677,-1.397106847188953,-0.8196864007267921,0.5124911796074539,-1.0070360130616065,-0.49222510897794436,-0.5938812844414334,-0.5079064010279551,-0.294867203469793,-0.754265200899473,-0.9600213837776095,-0.7880267533602396
-0.9623645772064874,0.1909049068144979,-1.3161543241001008,-0.20711996698190652,-1.7430474314517537,0.5054722362520438,-0.9067056304752721,0.3036991946250928,-0.4273457019284216,-1.256663946018007,-0.4259024536721069,0.5309818881583244,-0.09001268226810485
1.2502654284073547,0.40621502183668046,-1.3604409390377263,0.481446875310121,1.637443351970277,-0.033666572866844574,-1.4014353356317832,1.128036305850339,1.1145607348194895,1.8111766744578186,-0.20425559857922457,-1.3446497959320993,0.8246357741164946
0.22533958619229363,-0.5678711268118678,0.30579672476434566,1.3985821089558488,-0.24227344413873936,-0.8634986436482507,1.2896819851338668,0.5277742230827551,-0.33832594881819134,0.6272274092462281,1.2674123109535917,-1.2065584091974526,-0.6497605790075612
1.5132889956856672,-0.948730579516958,-1.1231788702575092,0.7657747191420119,-1.5207390092424524,0.3994881990382642,1.4831002460659448,-0.28806132593285255,1.7414884425749517,-1.016810780714879,0.8405195479084194,0.544531335299732,1.8002420373346606
1.4795329875250762,0.10838572074050452,1.149796550248642,-1.399753344438366,-1.2031909860770669,-0.42618336443692056,1.0965610341139007,1.2832300534891996,-0.6527208927091017,-1.1574252600854005,1.6528898520708875,-0.7570841809792161,-0.6376533393877926
-0.21048316507709858,0.1792841680110333,0.5330408319398136,0.3965027341970621,0.609334729014781,0.4324730669012228,1.0125504839280242,-0.029075984629177456,-1.7273826197206885,0.807486324160387,0.6893750807186935,-0.2385797973644327,-1.2975085577779906
-1.3826379904022275,-1.301636377426783,0.9426625678996295,1.6504026848950215,1.5618440305376875,-0.9421393582682042,-0.26385341263859724,1.1971957448793047,1.596713850670538,3.1673310262842023,0.6404395678982153,-0.8365035537184079,0.16483656305624214
-0.6087678529852623,1.5378236358091883,0.09058502914870221,0.7213429972734274,-0.9967200750567589,-0.9991717921124526,-0.8593251780092538,0.5526243564160291,0.7057333865474943,-0.5015787332114462,-0.22110676907130342,1.790845872477727,-0.2741019308055229
-1.342074591993171,0.28660165937526616,-0.2658835752997718,1.390703086527682,-0.35804824751325437,1.3539896680129935,-0.9558179271425067,-0.16045169861414285,1.09936336830701,0.47981701597978965,-0.7802801010166711,1.0273423523720198,2.13806255307308
-0.4324375043996496,-0.5539737867705642,-1.6002021060069798,-1.2829189231487452,-0.31308488091786046,-0.25480669880994955,0.4350522135479876,0.7058762408251834,0.3535197828740056,-0.8990884120888573,0.7914135398518403,-0.8948412442670383,0.10088048520094338
-0.5846868489833181,1.2529072443571263,1.5575536545335233,-1.4760089036290676,0.6846870022073258,-1.47730255729797,-1.6847285748954763,0.153170055385119,-1.3079974158619496,-0.8110444644506275,-1.0747745628496916,1.424973865768494,-1.189296475433392
-1.2779632224913329,1.5558598878671848,0.8894636918489354,1.5595146961844288,-0.9701943325241275,-0.19205856618293138,-0.46964895951243224,0.8684777256135826,0.003720455287710505,-0.22596069392734416,0.26964796468186714,2.4850031698053145,-0.09752937330960632
-1.4113444114922296,-1.1899022320312829,1.6136912556577836,0.41907436084370997,0.2602227385062081,1.6590805750575992,1.5536686185171753,-0.26048974196232155,1.0169598693181823,0.5194271864346186,0.9089683905308291,-0.6736628365291165,2.3206965840768943
0.020383889075745416,-1.2090544404217725,-0.18395501437102474,-1.5571718702138375,0.7928581665696615,-0.2542178333762173,-0.7945216831834412,-0.26097600030574747,-1.6871776248052521,-0.8664688987782567,-0.736569495661615,-0.6436293528743321,-1.2706791876746037
-0.8257059440090438,-0.00235467395276794,-1.578890236801535,0.6181799864307237,1.0937184793391264,0.08816924222986401,-1.5166099218136033,0.2913420560200214,-0.07280061412971953,1.4628821617087424,-0.8617356779461682,0.16188619696518886,0.006046376964162635
-0.4809292019024828,-0.16249273153044985,1.4277852596865033,1.2755327131388392,1.2506751256108157,1.6872203570729198,-0.2501924944165947,-1.5849869164662431,-0.7504338030259099,2.3392562731629316,-1.2679221491427914,-0.3766448728496475,4.4471604024576025e-05
0.1513910264018247,-0.3434076235876687,1.5538586755294561,1.4769467426493923,-0.6103074383895737,0.3547068999046154,1.4265244168884514,-0.5731856251289581,1.1236892540409384,0.2052258741153564,0.6043270107198861,-1.2290670571031743,1.2054170988740909
0.12358966007657579,1.0590564092069612,-1.0718501472239144,-1.3071793224094186,-1.3691467831568023,-0.5883495709020239,-1.4802801897072075,0.13137385648119096,-0.9650740775903862,-1.1798034613066488,-0.9465582382957263,0.4807043513915243,-0.8713003083445605
0.5113127375443952,-1.144586938303546,0.49489674120474714,-1.6381794699166554,0.3624008310263456,-1.457581568425955,-0.9884646066237521,0.44925716165122725,0.8718146495135772,-0.9998042052842061,-0.3828426697475931,-0.22756473326711113,-0.6066359578026976
1.4623507710342443,-1.2788912935258798,1.6470198612597486,1.5176007877934,-0.43996049543031185,1.3844765204022662,-0.4349209086850676,0.404131261001235,0.06433496620645869,0.44088160063989085,-0.026123792835152634,0.8892673690420558,0.8986596814679173
0.34899225732656464,-1.2538560805103336,-0.3961440720876481,-1.514657704546114,0.5114354574287376,0.04856273518079112,-1.4109340493107072,-0.6144413087900588,-0.03009382815380122,-0.8766492347757445,-1.4121096887005928,-0.25965834409466926,0.01698703180765785
-1.2678492955570033,0.551891128989492,-0.37825275292289623,0.5406978773310553,0.1609327890073374,1.619075135985707,-0.5015917724964593,-0.8166620594077453,-0.5524488021875015,0.5181292059992887,-0.9144044800172264,1.2708818900159913,0.23587504981291665
0.14121594185686948,-0.6826413039214123,0.9457382893845906,1.1597582292332924,0.6692083585918243,1.5622608356965577,-1.230906685727637,0.04075536422456326,0.12523853080111394,1.5420283570479176,-0.8343097379482253,-1.1534689002569596,1.084557815482979
0.6004180552850434,-0.23040957543734958,0.8286944997435804,-1.5787766124234772,1.5823840763005028,-1.1737182171645129,-1.122976320592901,-0.17786412163478946,1.3134910529469914,-0.7646287595832354,-0.9093990566385969,-1.234294980014409,-0.19762102225151604
1.5127110501607803,1.7107451934458058,-0.727436369393014,-0.6180302217600452,-0.6382703886266625,-0.6316885370109296,-0.26791154516225624,1.624326622378181,1.283543762020478,-0.7063259284922677,0.9320444240163515,-0.1338318321024916,0.342716428676877
1.6246707125034725,1.7264299653247286,0.3712196003199762,-1.0740191613653165,0.6061586670635226,-0.7515962856129312,1.097806202271303,-0.40921458412660555,1.8193879470733973,-0.4760194032465843,0.4870540699779133,-0.22753996272716961,0.4910529579051282
-0.9573465766488389,-1.513273934277816,1.299874961310583,-0.9324355262331896,0.9191768879457484,1.4689993311409542,-0.29802927688702563,0.26462670886511513,-1.0868556769632671,-0.23068791631800684,-0.026383218173392935,-1.261410056556987,-0.49391077804611994
1.2372801308609427,-0.7781971654801301,-1.3684964951132186,0.8289079617405538,-0.8788120160118026,-1.4696043922524016,-1.1765209726432322,1.477674878239453,0.8850823670120352,-0.34910460509358104,0.19435298888696687,0.06264455092185081,-0.6137147446930309
-0.12360093801278292,0.3552752226928731,0.5142562736378065,1.090426238973014,0.8308048414082843,-0.035647563210105995,-1.3915326335300557,-0.26906213956291863,-0.2647996284044129,1.661970510774364,-1.1604250451814304,-0.11484667735134037,-0.20640920762863246
0.4055300360298011,-0.6979141661254699,1.5336157471858245,1.693124905972928,-1.0970359418799127,1.141025047871743,-0.09823663150139618,-0.6131260368050745,1.806601999393883,-0.3568205628357992,-0.49149332800699846,-0.8695232214016699,2.743391981383064
-0.7538645244314007,0.308092953702146,1.0082149884262395,0.38548207671050055,-0.13228265507426723,1.0061527428190924,-0.30949522012623887,1.2713813602086066,0.38696404361897013,0.15319973773610793,0.6596025355593177,0.46197504146350665,1.0238836602456467
-0.569766041300299,0.4896020848615229,-1.3423814507822522,0.8518442005154545,0.9908136227562311,1.4162531943439554,1.505964760891304,0.2237174816353443,0.9230229643021418,1.600922645097196,1.2093402293328106,0.494624988702338,1.979493792857182
-0.5404613925729783,-0.2804090705081387,-0.16543623173285474,-0.9939285435204099,0.4302482568926011,1.2151799948077058,-0.39801520654857775,-0.20146976022630322,-0.9664104649334573,-0.47090371401760567,-0.41774545205788716,-0.4582211819883992,-0.40814574124864395
0.9339560943985453,0.3754708036475524,-1.0562664456982525,-0.3181427262780718,-0.08493406483623495,1.2037779337020218,-0.5310711851097701,0.6968251279576264,0.35935740038564457,-0.24154742054153427,0.10828307399406135,-1.1534523304457251,1.1328695513571674
-1.3262771024549722,1.7014038062489563,0.32702011700754197,0.20529043266677913,1.1469765058378614,0.4597753782926416,1.3805020868132067,-0.4650051845633878,0.24642456900936657,1.0728497689751229,0.6466581384328057,2.7080936003790463,0.5053188009191114
-1.2939856999392143,-1.615904875436026,0.23359523817516897,1.5490399109666388,1.2763336486377561,0.7552906365801548,1.4257895250718535,1.3343713963995616,1.639015793222094,2.674760914069964,1.918810756051783,-1.302467418541232,2.113239947096579
-0.30083975910813254,1.675575493876698,-0.2589729614177182,-1.326856263411389,-0.6633673841965353,0.8036665455692674,0.13610269015388402,-0.6090684240011445,-1.682793106832021,-1.0089462943999479,-0.3245119895232955,1.646575862046415,-1.2514960817679701
-0.9723176577513185,0.8077704344131559,1.2451268460761615,1.1457056537034132,-1.4814806100346583,-0.8238875382717357,1.3898959144906315,1.2553462051419748,-1.2292266222319053,-0.9349101987243845,1.839185748894395,1.2807282334434784,-1.0587764251479506
1.0803935331216525,-0.5990800679344553,0.23952285062710932,1.3339674272571054,0.19351823493103254,0.09035318269012811,0.46738112370352486,-0.5774006686121573,0.02316425583195805,1.1200976387833717,-0.0705792074746285,-0.30982021654792674,0.08294912857783542
0.3337122983023885,-0.26612899781905186,-1.5264725572226152,-0.37400974490335903,0.4313734303193634,1.6976189724887982,-0.1194117475713071,1.5950610301021582,0.16336160242859094,0.030001003490304313,1.015912604293301,-1.319624024914628,1.2200173066215159
-0.4041478367836145,-0.1901462883770647,1.1005164925054658,1.734634596127977,-0.3628616570697389,1.6143908457046623,-1.5862921805148307,0.5409089063957176,-0.24514222045176023,0.6521682182720066,-0.7385147913038472,-0.4869707245252483,0.6344986571440736
1.1023218782234234,-0.9755631410671035,-0.8446011142752403,-0.7364451212897497,-1.0774400441591583,-1.3144581929557946,0.1799424425431626,0.9516044214256737,0.06487261309084164,-0.9583593763450644,0.7820728940784893,0.16369495995102304,-0.7346460415302739
-1.0213517496245637,-0.850693506521073,-0.021533264848661186,-1.426885201590645,-1.090412636948287,0.956317479385073,-0.5714756459142822,-0.24226117868520805,-1.285168627925642,-1.1395194107633921,-0.5673963906178828,-0.6588195308102949,-0.819313744729446
0.3842716280160314,-1.4151172382083845,1.0794800590638192,-1.6095764278993103,-0.3778791160156586,-1.1658044314688607,0.8954122323016674,1.6105974242687469,-0.7499636145591563,-1.083640957215704,1.7376346641127531,-0.03081926404263138,-0.9416796107444734
-1.0810072697363309,0.8026595474203906,-0.4029155904817706,-1.672867783968086,-1.6228918383678395,1.6335689664123267,0.2905593903605772,0.5764551608669548,0.9326219827745136,-1.26606680309525,0.6009600787792946,1.3838302053307572,2.186595217099953
-0.6975550668189222,1.09880567384662,-0.6732437972905487,-0.1460899726486448,0.6818492544974579,0.9051711301672479,-1.249198415466174,-0.5181622545090799,1.1606274056029684,0.3833075122258304,-1.2324223456393544,1.353605976632576,1.7747515073867601
1.5374083553793518,0.9041974401018354,0.6228568943279293,1.1101075324487897,-0.6169106524768494,0.18433363598698813,-1.0170562880165575,-0.9797398056044838,-1.584557350846235,0.04059733235457533,-1.3879719247292692,-1.1258623152195426,-1.180410908729431
0.5838050961817869,-0.20785707170790726,0.34352887925361014,1.4325562847916518,-0.31089314417827757,-0.6801987236602739,-1.568918950426102,0.021002731154186806,1.3092470101148665,0.5605410716134417,-1.0847465750346228,-1.278035588770887,0.30697156052511493
1.1457524737048481,0.11976939813732386,-0.2502907261541363,-0.0911375357715801,-1.6802323788470066,-0.5585461609812686,1.4550277584055447,-0.572064317665729,0.39612929586154344,-1.21106249466965,0.6250701743217254,-1.1061783524801405,-0.0883394073253911
-0.08498543760531203,0.3606800803671452,-0.0033254364269192445,0.5765045855960012,0.8152090212209181,-0.03598754388465575,1.6303520588971834,1.2985811405340673,-1.0660729486261724,1.1577348135668584,2.037460075408199,-0.14717300783031573,-0.8043168834128316
1.1031414198841998,1.2459909053554494,-0.43737827535152235,-1.6568153340423464,1.5856594482277317,-1.2262438780830136,1.5006267051104023,1.6585910692625712,-1.3435457023103574,-0.859897674281726,2.194748558305063,-0.27955461141256155,-1.1659068854869645
0.4624063371133455,-1.4123214377976232,-1.5307158814565396,1.3470702405252484,-0.945416778877712,-1.3052036487837155,1.6286170279028418,0.962368984733815,-1.2228141597100906,-0.2589467977265432,1.804472353617195,0.044351874072408995,-1.1378350414934963
-0.389645247935475,-1.5544235447559125,-1.0646703854679396,0.7351047234185576,-0.3745535337305814,0.07254218893931107,-1.5074788280536164,-0.37388011146082256,-0.8279342525128719,0.12235659859345244,-1.3139175374607839,-0.6415348012019644,-0.5936783630663494
0.7709035041607745,0.520024891247976,1.5484799267424136,1.60371116019893,-0.5664542106487815,-1.4892971598682427,0.9751376756707759,1.5160884979003753,-0.14856507457930507,0.3170860354636819,1.728341438401363,-0.816238741497629,-0.8949875389950439
-0.5315400337674123,0.40056754031284536,0.41814073310022415,1.0811662650435636,-0.4410457543752998,0.7709789044876252,1.6621316484693127,-0.2747124899786708,-1.275059061215625,0.22565530538716896,0.9751557544810077,0.3494385813043918,-0.8367437963323758
1.7085872183092146,-1.3968356660380692,0.10086764540356297,0.1244914473344631,1.1506965986069086,-0.9211812310024599,-1.625743940131732,-1.4538541577676163,-0.9912256409680764,0.9894622366009704,-2.1412709325864485,1.2781688004660101,-0.9687540211482294
-0.7464737215214878,1.089753008151092,-0.5719048764843195,-0.09379039855539223,0.9852184147955853,1.4097663355640975,1.0886183668704539,-1.607693012016279,0.083828242941749,0.6411153469718218,-0.3455694709778518,1.3919123329677356,0.9380228019753696
1.189534469243247,1.1005899818612874,1.5985686073512364,-0.0013796379487348732,-0.40008288590679264,1.7224257603162514,-0.0134710510027075,-1.5350185125427211,-0.434096549953179,-0.2749068536024894,-1.0676226485068236,-0.5407423837937901,0.4354578197795721
0.4449828419578142,-0.034601406404668036,1.6153748521740992,0.9126200200674308,-0.09700103468588457,0.6616896436453238,1.3395861695944447,-1.0395576488219116,-1.5000419946092143,0.5081254663187131,0.2219163625010221,-1.1538014017853149,-1.0742967753786141
1.0664513051369269,0.9196669421815704,-1.1401939923778666,-1.4037564852505502,1.6588103659066995,-1.6253010047080234,1.5644759922373608,0.5759951022212391,-0.8296482722185592,-0.5333502852346871,1.4931817531052085,-0.6340086945103464,-1.110135403483231
0.10396869071348515,1.21523991473181,-1.4820868621548804,0.864969260390166,0.7932855037111282,0.40783159766563193,-0.28379074482014627,1.3186883036474346,-0.31630019145898436,1.4080259893238158,0.7102233953282828,0.6877179355951409,-0.033420414022068516
-1.1388240057785102,-1.4391594765168902,-0.3096017151516233,1.0769688692894572,-0.34148871390892577,-1.178880003873406,0.5335934684576825,-0.1665592880469901,1.328227506153214,0.3351870716456988,0.259029585741721,-1.2464492205193893,-0.19761529780781703
0.03008399412754956,0.6178760479867602,0.6779582526071337,0.3198316314946045,-1.4329176022953392,0.3337634844027152,-1.3247190779214582,0.9958699175591977,0.5695671179330015,-0.9858968719606002,-0.24161678640891032,0.04561326357675763,0.7027066264111959
-0.6925953202215849,-1.6061918517066849,-0.10342690545368179,1.4116894966875209,-0.5518474696980268,-1.337826423124018,1.632313711666416,1.604342752448606,-1.4627451570928132,0.2499143271306125,2.2496151055763645,-0.8839132700663163,-1.2169284126614284
0.49732180630961476,0.49477311477541247,0.8286372705143324,0.6762888026511096,0.846372260288256,0.44672887659300503,0.7070841719164437,0.9883394999012418,-1.2883105450833086,1.282616132365538,1.1767257753283373,-0.5715763537450047,-0.898402502196654
0.8221580151642329,-1.2603201984810928,0.11704823378182297,1.1210480478071088,0.16820436559624505,-1.17802651253418,1.204857945237954,-0.18079205078687802,-1.6876634663478196,0.9378427252239921,0.7195232524473484,0.2236157490740286,-1.283664436487239
-1.4822606971038246,-0.9768152925647563,-0.07994863936325014,0.7075666911020105,-0.30500617111069867,1.6941724706807824,-1.5566740809808521,-0.9283359351753664,1.681169219748047,0.17680348014274266,-1.7306061554101277,-0.3468599976016639,3.236713925872373
0.37789780822345576,0.8048510262462754,-0.8995121200749563,0.4589273376827732,-1.224176542615626,-0.4992869663607016,0.4143604673239818,0.9681884136345842,1.559153762593279,-0.780904931823941,0.9577445925370482,-0.07971286577734887,0.6398413148460926
0.4582514116003184,1.255216324684077,-0.12261579724144919,1.7133704169963737,0.8959780724695965,0.5563600308078787,1.3382861859187858,0.8965574764808196,-0.7712186278235047,2.3435655532430446,1.5556910809908973,0.3796103430190192,-0.3929589725351743
