heart_rate_bpm,oxygen_saturation_spo2,skin_temperature_celsius,muscle_activation_emg,training_load,hydration_level,stress_index,sensor_fatigue_index,fatigue_adjusted_load,physiological_stress_score,recovery_index,cardiovascular_load
-1.129796131982754,-1.702156988862955,-0.8635379123592736,0.7154753578838066,-0.5985608220687422,-1.1013999349922037,-0.43553720857423167,-0.7418497272505234,-0.7287449456941623,-0.10819409931919531,-0.6118526780989648,-0.8984161084840362
-1.0277009799880492,-0.10672741663517528,1.4686023351575157,1.5772507449511897,-0.709339474617547,0.7114293371250198,1.686986560211243,-1.1088307161632238,-0.8972277500379302,0.24553097185662207,-1.0876579766860333,-0.9213655113858644
-0.040192655583858844,-1.1431038294731872,1.247413988135982,-1.4833667209185366,0.10983545319864697,-0.6317505637096404,1.1582625140373306,1.302148930536561,0.5639502542279191,1.1562676951180588,-0.8990599320239746,0.06310508044871684
-1.3283785741843048,-0.3902056347183505,0.9732511589765986,0.15511056278973506,-1.2897482611234568,1.3096092289143775,0.9786353528234333,-0.21189030555423546,-1.1911148251899464,-0.17661772987142957,-0.27849405641726577,-1.2951557311777715
-1.2722477044382965,-1.44847835830259,-0.7894548919119506,1.1016574931374354,-1.034665869259009,-1.4815216284811492,0.5233060518471826,0.7281990639263655,-0.8105053548977508,0.16449856364264734,-1.0156220943424474,-1.161202492326147
-1.0275672097612678,-1.2932510491538163,0.9540716170443794,0.3670326696570254,-0.31610880217225373,-0.7895274325210194,0.2935812560335614,-1.3589015230502974,-0.6933511058697692,0.12889777250389325,-0.6239764910616887,-0.7071183972394007
1.5358537911682513,0.7450938558093765,0.6598729666599242,0.6103637381349013,-0.06345559141636668,-0.39582468715793634,0.06738587753261874,1.0640809741379968,0.2905850131461672,0.6753478822570906,-0.3015621437140357,0.7156334160310175
1.2170176300792974,1.1762583738243346,-0.11049872072258542,0.48714785750087936,-0.549879465327491,-1.4593204249427412,-0.6965837825472009,0.30168701981438073,-0.42588745994285654,-0.1521298896280754,-0.8675178827823651,0.01516870804068332
-1.241883988088571,0.39127640568742594,-0.39223562548043034,-0.7485488277288567,-1.6562977311233265,-0.16914954350105188,-1.3310432009264161,1.138407734063347,-1.4154852592913227,-1.7141694618482484,0.6537956059609863,-1.4584067346679992
-0.65326608501168,-0.23286757910928763,-0.40570357066373364,0.5288023523339993,0.43109197782259173,-1.5178285810798093,-0.28270686429034436,-1.1983169769542754,-0.13033876285773208,-0.4617230703171931,-0.957762369766788,-0.06571627537462797
1.4233014957684207,1.5196648725640567,-0.813039552915994,-0.1432817507704779,-0.2936712108319568,0.1497866609044422,1.5208760582444727,-0.8461450436103404,-0.5257331760929189,0.9585028922838249,-0.9842739750015773,0.3913508720306029
0.1769384477573349,1.479286147438391,1.4482350186782957,-1.6672226808401542,-1.4175578051207662,0.6665702126727882,0.2459932485942302,-1.670436350180888,-1.457049272856722,-0.5094148557281959,0.19156691422438585,-1.115035819754682
0.17781076589467767,0.42681224451234856,-0.25621998100895793,-0.048578917837090785,-0.6014235738751955,-1.4868897413738087,1.2730147700008518,-1.3227545616838923,-0.873647831542077,0.5599305081459559,-1.0954041120226485,-0.42195866580749025
-0.08832313123387943,1.282800165653187,1.6307406358892047,1.5691536873640324,0.46731837292029527,-0.482034952102666,-0.07636567457158353,-0.5762588627092428,0.16029472087740465,-0.7524422729778681,-0.28694554427013613,0.31637060301955555
1.3425070318297567,1.4886026688159002,-1.2284476107055424,0.9856869212778899,-0.9965769230481658,-0.27967666966126176,0.25789046398861704,-1.723785645665022,-1.2097031048270657,0.26640138218505305,-0.3338243291772964,-0.4479523016981681
1.6270099153178161,0.10385650288064324,0.44530755415131174,-0.9992301494190095,-0.6631334273040222,0.9723344922647765,-1.2947507010006967,-0.47452009597999945,-0.7154478161284962,0.3573037000446319,1.8999117656688267,0.032764268386849094
0.5211821622912153,1.540530167407775,-0.23556024105922,-1.4032608771634056,0.7740825418736064,1.1480970950461247,-0.07838356632193873,0.30984611447213767,0.82893645245752,-0.47996877381895797,0.8007874512299313,0.9906647651814101
1.6513088035600088,-0.14635095741210283,-0.13561599584249726,-1.1656591804775938,-1.638893846640957,0.6767360474800583,-1.0657732512276434,-1.4327801323264204,-1.5755603088352959,0.6196652369843848,1.367447375423461,-1.1502029156178413
1.0254733951705073,0.2898840859519864,1.1954545480155696,0.2544926076053548,-1.0076865394678332,0.03983348256134594,-1.3586492007625723,-1.3562720806127213,-1.1514337091333722,-0.17032882641367988,0.9067965146676243,-0.5440122730169352
0.8816064919544695,1.0434054333052787,-1.08684860673478,-0.11104327897633065,0.6323729052816711,1.4975773050848695,-1.3194010532652305,0.7114923128585571,0.8776063231685897,-0.6298622284547153,2.512418080340945,1.102072272211037
0.036372687680616224,-0.9044478630887944,0.34363233322021947,-0.061387493617987336,-1.516062684736877,1.3014671148512187,1.2391318489862646,0.16533693603495508,-1.3510972992573953,1.127320924344245,-0.5725302450608193,-1.2175680116137317
-0.13019520294344797,0.5591988732943219,-1.378880106297233,1.3966988881543365,-1.4060735171513232,1.5349187745908832,0.4095488287298112,-1.5340999076091808,-1.4351646796036712,-0.15952324671522936,0.47067439970526637,-1.1551528968415208
-0.06234504038310604,0.4190220661616908,-0.4476630207161626,-0.1283861154156456,-0.07797842948590099,-0.028482446362457337,-1.478938636620581,-0.10338691258356428,-0.11551260580332039,-1.0212469421750803,0.9057437592148623,-0.09704532353613245
-1.2788594812274177,0.43841122193025994,1.3257608724275716,0.46216606202964555,-0.23136820256005453,1.7303327795604022,0.4154948522762254,1.027990153756009,0.09908157835137955,-0.8580170470483264,0.5585968797619354,-0.7762860076973473
1.3687491839512131,-0.45141947820886225,-0.679441041688864,-0.12667018920842762,-1.2877086858251758,-1.3676750725211206,-1.599257555974817,0.8473093581628212,-1.0525110637457518,0.31115078174335115,-0.6533516581483175,-0.7757013741745166
-1.1340362957099777,1.191709287736708,-0.2641524025440933,0.9730921796432449,1.2488707603842697,-1.6550439567019335,-0.9740683398117249,1.3499584173040062,1.8602672794282253,-1.8657959075764803,-1.0304977707573306,0.05670972011528416
0.5638983265082462,0.8707103002571103,0.3348928197199764,0.3736356191532803,1.0674730538732862,-0.8656100223900752,-0.47944528631803773,1.5214166357108434,1.747286907096426,-0.3177557318846496,-0.4094683778713915,1.2988140974555764
-1.7339928436992507,1.3050106166737632,0.5390050653295715,0.3768256809924756,1.5183460121414207,1.641725103880508,0.0751732860814467,1.391535074862917,2.187977612594832,-1.7786514141625882,0.9388521505660843,-0.34412251673033584
1.7975436190574714,0.8725803052315642,1.1205811978443372,1.2786117035368953,1.1268536940766094,0.37541228453122605,-0.7604185230484306,1.3560688262716745,1.726571039570481,0.3553729937278314,0.8191955056447239,2.3442225809945234
0.20132175748350795,1.3537328699520441,-1.6432765648894239,-0.2617676242434426,-0.7741627944609619,0.4799028376560354,0.7391719418541173,1.622676039018132,-0.35200296194470276,-0.17370439821975114,-0.3153995105851834,-0.5610546184432189
0.028901374559096277,1.1167043828499679,-1.0498830711656124,0.2918911913131342,-0.9424877327786474,0.5164971949177675,-0.0344576434327417,0.42042074493072756,-0.7745379264771494,-0.5681433834391838,0.3430866026722596,-0.7531441791298843
-0.32569408531114924,0.7173118462579374,1.1728372942142116,0.3423111681783569,-0.7502294513319653,-0.2437721652974475,0.4116315022652637,-1.3907643968508865,-0.9882155822947566,-0.3689681653451204,-0.399847625362883,-0.7134216141389728
-1.1646691442650285,-1.1089282321221494,1.3451488965721758,-1.5697529385841609,-0.6932397945737319,1.0159550241148871,1.1314173988011014,0.831234126877869,-0.43950011151702223,0.3778295733009928,-0.5162894707990595,-0.9594842935595007
-1.6506344891676394,1.4152345039921324,1.11202784852945,0.4494473649154797,-1.5604375343236638,-0.40187895941029644,0.12880229941996837,-0.6429722805578668,-1.459027599607482,-1.751698549027784,-0.33591442254516973,-1.4618097034562174
-0.7777469448846843,-0.1380044439439855,0.578368789636911,-1.3555240298397597,-0.26562065650661,-0.12608344615994974,-1.574653755958635,-1.5811246398184486,-0.7271291402658789,-1.2620718633666936,0.848203383429981,-0.56712451938071
1.1571670586076501,1.1648541077681986,-1.299367749023313,-1.1692603946601514,-0.6740451733235733,-1.443200083651184,1.2515160124597795,-1.7528593347129142,-1.0226039670091607,0.8230927467808243,-1.0852445102532589,-0.14361030193182822
1.2997158619822369,-0.9435893244066912,-0.6783845792645197,-0.059631100118642845,0.5692891642779468,1.065825285935331,1.4684960900655704,0.9745124958455336,0.9304803210945767,2.1054653321955787,-0.8535935879051764,1.3137069728001591
1.1470985045282727,-0.45005968767063,-1.4146190084796713,-1.2744926658762445,-1.2299651699895218,0.49611391938944394,0.024433258015699368,-1.501475202578429,-1.319097463027158,1.0043108087066719,0.28116242978057043,-0.7551536574183407
-0.15949494323196617,-0.49557427535510495,0.14830652416851908,0.7969267879721125,-0.023552994990298975,1.3589659161066132,-0.20818484601688406,0.24655496597635523,0.05245018920808892,0.03891808280597454,1.089464599258927,-0.10381853763150531
-0.7978078174446726,1.25286880647756,1.234525706221263,-1.4878608276554766,-0.11240589677106684,-0.06426892080343392,-1.2825906007225956,0.49398810715572394,0.05064730011879334,-1.8334189461635817,0.7414887784802611,-0.483810413181722
-1.0691538256981445,-1.3769066703282131,1.0990510583676931,-1.4762231125784864,-0.07108067176582507,-0.6120615067718624,-0.25031211694228045,-1.688053257232489,-0.6413670471482966,-0.13782214843318832,-0.30009435116990996,-0.5944145477544497
-0.7154124271702058,-1.5117161269715613,1.620662518664548,0.718368731472253,0.9976142731306542,-1.086493065170341,-0.5585320096798372,0.557466185472258,1.16846368876796,0.006287040772476692,-0.5693209191188745,0.2486140578206159
-0.3803218592348431,1.413833585899105,0.9255750751467671,0.30908862773870505,0.16358693419795575,-0.5662045992445763,-1.1022236374243286,-1.411360185299823,-0.39498796999060576,-1.5446944166207612,0.10728524671452203,-0.08423047173183482
-1.2571653974753416,0.18764572272190128,0.7009506819841032,1.0980897655750395,0.9439797151880627,-0.29580394373898916,0.21233465474963992,1.0719339082286818,1.376756635709507,-0.8209612259985491,-0.3181109046266832,-0.19422240735392607
-1.5513597759636848,-0.5073265824741718,-0.748775034653166,-1.3271500697007395,0.12577985276071224,1.2292701852862862,-1.0032794353113612,0.8160644572184471,0.4023286360375097,-1.2917259575474014,1.8664039122108542,-0.7540307333113642
0.6738168780482392,-0.431779993428916,0.25676698924962926,-0.3176074367835646,-1.0321727450208162,-0.5483581253058701,0.08546201055780527,-0.8019407337216153,-1.0720208462134235,0.7121546388421696,-0.4031981498005384,-0.6603328637961391
0.05049671108761227,1.0050063342360094,0.909163652071226,1.3604615372016813,0.4712981736214924,-0.15831339336545522,1.0499881148057826,1.4853530805765522,1.0451884191051082,0.06494213544561978,-0.7332844540691543,0.4078193345112024
-1.6808984678929437,1.1121994816908278,1.6378627653955378,0.9913137685786388,0.47394788687259726,0.44533651030417537,-0.9897594598920586,1.5996785340127275,1.0971711557137078,-2.1967115596699833,1.0684604962568607,-0.6929363231095007
-0.9156831065135277,0.0027292515337230976,1.429517645380959,-0.6004878897516283,0.9843306894833415,-0.21429966505053283,-1.554089633910338,0.6752435666576698,1.2159615737535066,-1.414835100416416,0.7295950564824483,0.08694988194030914
-1.2647541495043908,1.3724030664515645,0.08255634303591643,-0.6304167179229512,0.6293639907581114,-1.0287411246352909,1.562193271260981,-1.5594556455799982,-0.15761372740726648,-0.7309387814181671,-1.0938844400493952,-0.3524953165142468
0.06490006252402929,-0.4168711919868309,0.748010263036398,-1.2201920724393231,0.44760047198734415,-0.1413670172075121,-1.6376027965978635,-0.4189010770065532,0.21126946804147442,-0.5926100670739157,0.8670573945380878,0.3975398490441692
0.8226655931021022,1.6594461708169166,0.47104293238491357,-1.627751809339059,-0.5972852672152057,1.69791388172176,-0.08754110588889481,0.7689017826609332,-0.35557374130294206,-0.3450515211839487,1.1789222266246833,-0.18207061442834185
-0.4676758966442291,1.054190833836379,0.9355613281139508,1.5324665435354623,-1.6376918609535123,0.3095809531053934,-1.2931296509727286,-1.6285682175789256,-1.5884478606766665,-1.518217127752284,1.1628790073142232,-1.3688541386466067
1.3274147272978913,-0.740828601967785,-1.3212842602260146,-1.1684064005543027,-1.1542531209451297,-1.5848927839675375,1.5553509835755286,-0.6348348104676352,-1.1391281534438362,2.065458148074314,-1.131499643608735,-0.631602474812262
0.22045308358743074,-1.715858753137732,-0.6429332259534444,-0.32826475570929425,-1.2807287206091083,-1.7254625416645046,1.1781587467355836,-1.0970710837614954,-1.2987976322321337,1.6318404757379894,-1.1353558781727395,-0.9904493634550701
0.27550955809879063,1.4356946957553915,-1.2132687996640794,0.8443521645187353,-1.5338272249141789,0.5432477677753812,-0.6323630829182921,0.6703599983383377,-1.323310383035555,-0.8767071693009969,0.8648164369548478,-1.2009043146954468
-0.6787728596726678,-0.4762519890823713,-0.0005588377178258174,1.556601007834409,1.6027911911010206,-0.5259036866677053,-1.4672361924612176,0.5255083508867803,1.7467136062156075,-0.9681690214684504,0.31477921685175125,0.6597446759847846
1.8099598625419078,0.8669864787844815,0.12727106222176046,1.4511707103285403,0.2690535351042213,-1.710505237089543,0.5267465516374776,1.387176961215397,0.7748611059297642,1.0332634357778405,-1.11811763936292,1.2723866996166668
1.4852413747605484,0.45427071400052754,0.33726578033336313,0.30492549126714974,1.1855610738352882,-0.29185652243805865,1.6785768812865587,0.17073518542480237,1.1419256536564704,1.624677625562207,-1.1061611546830499,2.1630260978204032
0.10585679303996368,-1.6112703164954818,-0.6753632988511217,1.0437210334749296,-0.8997338106390169,0.8640371922394906,1.6150556833884409,-0.7265630422888225,-0.9569894251395333,1.7286898870751528,-1.015067505535933,-0.6961193411048697
-1.538643798835059,0.04771333302647608,0.7115496604927178,-1.3541961338825583,-0.8059006395163066,-0.2926443237702796,0.894272725198874,0.10105843258768077,-0.7101083210660339,-0.5833496458335147,-0.6836889940482026,-1.1343384562945076
-0.5048644000892873,-0.255977788015853,0.08590749624919343,-1.650668928554718,-1.4016586937153261,-0.9108941581265461,-0.10983934891237675,1.037920655595215,-1.1497818563583624,-0.26178887971665,-0.5620586959535403,-1.212995557727411
1.0464928420964112,-0.469858032756976,1.4381089982120652,-1.575007741703047,1.2372768867332478,1.3085351470001598,-1.0343385821562516,0.270769252766034,1.2454245002247621,0.39909097020767215,1.980846276295332,1.859962299877865
0.6661940378106606,-1.3003299617821318,-0.3701937215194604,0.5349659281872793,1.1695118349369755,-0.6278400999807993,0.743014816416899,-1.7747278033411757,0.06457218821353848,1.4906631599599802,-0.7252826658132514,1.4785243898654126
1.2895535738242008,1.565613277447783,1.3624835941440137,-0.5916403476737172,-0.6143624763932619,-0.7686524733864257,-1.3844554857263354,-0.2244576826100463,-0.6149102017445273,-0.6588369019121182,-0.0002178558258232032,-0.030223448876216034
-0.3880920294361129,1.031988719953148,0.12040839667559852,-0.44795091829186284,-1.2576543346721423,-1.6544091950727655,0.5954335420896545,-0.946302374566894,-1.2622240375503018,-0.47568917028555474,-1.0959908922451493,-1.092214508141849
1.777439184955087,-0.06093992972339489,-1.6841103114735356,-0.7134165139013307,0.9168796237639552,-1.0685793996603778,0.21183164105012198,0.8690844297746143,1.2455160411950081,1.3217444273577101,-0.7512603618050384,2.0650225555239845
-0.5610030777183311,0.9893704008980722,-0.8770706134505215,-0.21565813860333108,-0.09317382505465434,-1.350866241842503,0.17300759877472038,0.4710460563701665,0.06183129519344254,-0.7876656554459918,-0.9036512559404003,-0.3552775370398151
-1.615166801734811,1.2888288991825796,0.9026722237771717,-0.14205440406453335,-1.263505856166396,0.5797124386214091,0.8740788217682229,1.3232877076579377,-0.9639488954405002,-1.2775950652300083,-0.394198186772498,-1.3397387791196946
-0.20732782535997107,-1.6412974631729687,-1.5607279070933173,0.2844888092479915,-0.1448483465893589,0.2792630452416648,1.3819261291390799,0.9163847307152917,0.15542737338823054,1.4151552880609435,-0.8696318052092668,-0.21947187499910426
0.9428363253940258,1.070540873993526,1.3658144190483577,-0.31185627753609535,1.2701819891337933,-1.1371093961958711,-0.90182688180719,0.2143072130574113,1.244539322281901,-0.38670421874571775,-0.5327097972665006,1.808248720345046
0.11803109774912261,1.323917538231628,0.883944117229345,0.9333501148936142,-0.7925855928171446,1.5800991496835792,1.363541905583138,-0.5202450402246036,-0.8304567560399886,0.10960394065447421,-0.6726051757444796,-0.6032294914982614
0.032532318469272944,-1.5560168845720928,-0.3122742866121843,0.5822476371449015,-0.4746711483265115,-1.1734509194393679,-0.9515888382010914,-0.7423762127872278,-0.6337691296736635,0.32219966885736384,-0.5570265124930033,-0.3720894526191724
-1.1087083945256797,-0.2307199158834983,-0.9083850619243908,-1.1306135319785466,0.9492173771640977,-0.10882858738212367,-0.8985485173867457,0.4822015327689357,1.0823429117940224,-1.0844380411531491,0.45959658829944233,-0.07929020067522008
0.34209815853111225,0.3519767406669197,1.468367307043655,-1.2278222937887069,1.181491787389105,0.5944915598297402,-0.9348217533794955,-0.9251340022000828,0.5374167341278347,-0.43647486635887517,1.1701022077636984,1.2258248246825099
-1.1253812515234247,0.5618856635071559,1.4956060605347417,-0.11912308070090079,-0.05933116808371924,-1.4567238336027328,0.36040600534032896,0.6050946226764421,0.1400403505202709,-0.8475529643793955,-0.9859248808137638,-0.6163848596510075
-0.9970240959755989,-1.2805953048777678,-0.2533471443720078,-0.6052618939494234,-0.5319788398753665,1.2640922448711729,-1.435935289352165,-0.46179018639037006,-0.6055269393900579,-0.7532026012614446,2.3800248985142742,-0.8130084975288804
1.2806500519694517,-1.295435591680709,0.13715493437967996,-0.5561429096112178,0.15878512134703854,-1.473986870276539,-0.8921815822678644,-0.434359878426665,-0.03208792727037224,1.0493334887585062,-0.8594930770684381,0.8382650015464564
0.8775980676019502,0.2638505946531272,1.0296208737844779,-0.7468499633304775,1.0959748378515446,0.9071366972378735,-1.324919193141792,-1.237386445668487,0.3077752758160581,-0.2378276352430571,1.8569774160805448,1.574887473925168
-1.071176541224269,-1.124482185487891,-1.2888205755803852,0.22336571464788035,-1.028629589874463,1.5050351550375811,-0.3274945996837124,0.9725956791648913,-0.7620435371931689,-0.30787988225082136,1.336239062602979,-1.1064809996129732
0.3362862622918617,0.37040205700084966,1.400092911794743,1.1620086942115049,-0.04561432924874814,0.9733833968686288,-0.29873845931683046,-1.5819535153897146,-0.5898329306810669,-0.12022345873165506,0.904735865606794,0.13011341756604994
0.03304516071616668,1.154276169389992,-0.1538054441286256,-0.5934801248600752,1.6545293372884498,0.023824494558761355,-0.17200884230593283,-0.2026419513980276,1.339943086826115,-0.6558065180010547,0.11248985848270401,1.3580890665154193
1.1497837083097844,1.3535568534928397,0.3846576201718886,0.2894306990944386,0.26922275628536596,1.0919965684877802,-0.8419279360280665,0.40969339784329023,0.39051200466459873,-0.3625110179941286,1.5602061642361498,0.8861826635755652
-0.19219941035572977,-0.9704402526596858,1.5052456219273067,-0.8035335980813333,-1.0136544014621698,1.59608180083195,-0.9001995752532742,-0.7987723383080589,-1.0574354711552023,-0.09912269548906803,2.1081414581767786,-0.8686955110753606
-1.250238760036292,-1.0632702232859508,0.8251091992689881,-0.926090337535462,0.10415895091669843,0.3513064107513994,0.7874269623680364,-0.12899123073036167,0.034700767790037536,0.11949557339101477,-0.4001215444238984,-0.5992443131238471
0.05132043267486528,-0.8826806358700169,1.4629912487570078,1.0356965965107308,1.2487518021274209,1.291525651817788,0.03317577136857026,-1.6720727285923642,0.16896768774277468,0.5014316256907692,0.7718713704508527,1.043611496147512
0.18906819658408175,0.7120430755126274,-1.6158832671298304,-0.8226294529378431,-1.3591447674098769,-1.1122622007251375,1.4190053059490702,-0.6015580588574477,-1.2962585034773968,0.49757558480280273,-1.0652635165456599,-1.06334008074032
0.09647811112202519,-1.1372564069842481,-0.12756597563398675,-0.3168176353332571,1.3182766862068926,-1.0285922136124839,-1.1357481728609182,-0.6083143911117064,0.8192132391592242,0.05572656467516501,-0.36454395285100705,1.1388135212841757
1.0253842535757032,1.300421516533685,1.3123589323180342,0.09806870039351075,-1.5455901290002816,-1.2362717202321614,1.0657203889661726,-1.7090965004316192,-1.5384755848485003,0.5701522442590371,-1.0114793399327835,-1.1158481696579476
1.6084790100452158,0.42611399324314764,-1.4113710100803685,-0.7703160260489579,-1.15632912583063,-0.062046702463103016,-0.18094331977549613,0.7629405515038938,-0.9289980440423131,0.7576314118458327,0.05787329910926895,-0.5706127443489537
-0.5515396595957104,1.0938585200081576,0.9618711075897697,-0.12845049502687672,0.11737913077065516,0.29883840355852614,-1.591762171149355,1.1037872201170795,0.4994342672311808,-1.7488661224294435,1.3762361196781085,-0.21060598387394872
1.0726100678578314,-1.4890588053799991,-1.2673939189340842,-1.016252062757924,0.800498092272888,-0.2634765288162738,0.9459942173009505,1.6477259493157363,1.5008617612173887,1.9620830053597804,-0.7029998571572351,1.4121119240827327
-0.040017979637178604,-1.6517408124692865,-0.5692528531583902,0.8978230216366426,0.00204081819115562,0.016459697380585208,-0.6545657818115448,0.2681955530125939,0.08392471454135289,0.4766808206704358,0.4216643320897656,-0.022394376119299786
0.039848089939301744,0.9158480521322678,0.5688192731986013,-0.19459628155211925,-1.121534416094996,-0.008126444121431696,0.0515944803091752,0.04049626864285625,-1.0071148288302048,-0.4138604707291914,-0.05355195743045408,-0.8958685581763478
-1.0223573614595587,-1.515226138969992,0.15755504389171543,0.6090593891998258,0.8331869625908146,1.313513016175419,0.7718140594778394,-0.7958433525956844,0.34407341969142696,0.493300042131585,-0.04485565666046399,-0.07727908460229477
-1.1552178697717175,-0.47554408690960026,0.8923400994691985,-0.4564462204519291,0.6742369545031307,1.0816465829621449,-0.12504871185392466,0.2194598410926922,0.6926917243012746,-0.5897888139325064,0.8050085875952984,-0.2554241538845953
-1.0376795848404137,0.13535238039334052,1.6607128473409454,-1.7214182074334903,-0.32640358439881517,0.63878651081884,1.692303367368156,-1.7590108359341192,-0.8171399472569114,0.11819990484929079,-1.0939957473904924,-0.7171245299163691
-0.1719624684305129,-1.502988656600613,0.21247619559233522,0.7922540472537026,-1.534556757364978,-1.0985998741392804,0.6619463556577846,-0.6760455779700404,-1.4416112668374514,0.9951473762610105,-0.8782861351281204,-1.2596765275268846
1.4683910983313653,-1.5688081807491685,-1.1586198316477743,0.8087416775607895,0.9924708821070167,-1.5117291855470634,0.7991583523722594,-0.4469099081108156,0.6449976393391494,2.189645425857574,-1.0551069694488273,1.9224058434423161
-0.4769969124038235,-0.24448057256681982,-0.6713093151097925,0.025988111491610767,-1.256668970880912,0.0671697359951768,-1.0155384886438434,1.0704471591648645,-0.9903041505874347,-0.7183151195498754,0.7079372020197854,-1.1093065456259354
-1.4174691547006493,-0.6819859455259342,1.4510055622429263,-0.24285914555175073,-1.4431206754757173,0.3660285012548532,1.4336935224204272,0.3865581300579219,-1.2611183123473335,0.14872533704813864,-0.8983078125668774,-1.3806842542549633
0.712228598756731,-1.1427726017892317,-1.2204108641185094,0.8257345740983232,1.6987397380384626,-1.6356959039487189,0.45856808375681424,0.2493069677923427,1.6653567260895146,1.2935461023792296,-1.0814127813382464,2.0366804323006953
-1.7136294626332795,0.7927279772899641,-1.614566494066149,-1.3824379494700116,-0.0658738599066514,-0.8625706341313795,-1.4029398463298643,-1.2307169709671217,-0.4842952905622306,-2.269573660284138,-0.10144406626300426,-0.9143359165933417
-0.21861477905169446,0.5999483175402418,-1.6663507154754287,-0.678095297562625,-0.8016296190879327,-1.4192667287526164,-0.41974515424495396,1.2735499652094433,-0.4580167726929128,-0.6686486264266832,-0.8671858491832372,-0.7168027948940644
0.017508255392848646,0.20132671930933413,0.7741891229492005,-1.149059820961701,-0.8216119003202748,0.08373485316672598,-0.6019636921690881,-1.1059543996604753,-0.9758344827032568,-0.40287426304160723,0.44509495007838945,-0.6585899991023354
-1.3533987114341268,-1.3759727660625503,1.194375483413232,0.6153822390524848,-1.026141570070504,-0.015612253515650772,1.4716738678424488,0.4508713830674011,-0.8499758324453168,0.5648871605411321,-0.9666151667084399,-1.178045353800781
-1.367210351976458,-0.44724275760705584,0.19495070483667287,1.0809861162547356,1.3787731734264577,-0.001669354265837335,-0.5547292141641751,-0.6816152267143263,0.8243930193507115,-0.9676566016937005,0.341395842175407,-0.07782334873627508
-1.6289708036324233,0.3805207525541347,-0.8907984707333835,-1.5548575849584898,1.4848208387415656,0.8200354275612888,1.1411301001212713,1.5593049022825702,2.250708781440888,-0.6852084564539495,-0.5696506090087232,-0.26270119669999464
1.0336733914261138,1.1857320268349896,-0.48354032984057826,1.1320226534568174,1.046952497108695,0.9372979620556685,0.2612443005653308,0.6026409966738671,1.2409546549178279,0.21740710581850742,0.32497985560400394,1.6466050376386254
-0.39688768941411234,0.6972940947389338,0.9780133680577157,-1.639688717103344,-0.269234178453114,1.1683062275302565,-0.6773036207271341,-1.5956622452738405,-0.7337795776358481,-0.9701601684179189,1.455947254760526,-0.3981707779886631
-0.8716293690524057,0.30621811701744917,-1.6345663713446605,-0.6598291871617917,-1.3469384609775805,-0.7218913102135164,1.006932870428709,0.7884112606530527,-1.120974780899735,-0.21365566378177997,-0.8606754619061676,-1.2409894687536667
0.6072281124551131,1.3606051369898446,-0.46317381559000126,0.3108002558295778,-1.4438219938593448,0.5031948147958631,0.08431404572368567,-0.9562520408737518,-1.3997177634529072,-0.24675985098003073,0.23598371540518095,-1.071569989359152
-1.3262859112652057,1.3680199619760938,-0.1312302890235609,0.20767006057121656,-0.9854386709941437,-1.7148897200065112,0.5666397078558442,0.8204678749072586,-0.7437771423529614,-1.285310467381998,-1.1208741753275764,-1.151940609805069
-1.418919375499805,-0.16350664359955647,1.2702978875472186,0.5546028627348347,0.21102639205421522,1.3451330935373278,0.9482611684656861,0.2847660983534288,0.28654744188358744,-0.3681194337765709,-0.2340012739575507,-0.6432935931664464
-0.6280128858802734,-0.5205438787703773,1.1884598513200408,0.9970449058888682,-0.3311194113894951,-0.4593335775093544,-0.06590408323521577,0.11359052418902031,-0.2740322869777873,-0.18592600639912615,-0.27682719843920817,-0.541986620910604
-1.5649521892332956,-1.7292034335539244,0.22440921446425566,1.1448236044775857,-0.15707208377299975,-1.2566020034816456,0.18952163175547987,0.4086028033217666,-0.020425922075871655,-0.05972052718031525,-0.8525388221662302,-0.8771943992381372
1.6512384247541088,0.6333749109130876,1.1617288167539797,-0.14421324916991196,-0.9798898907610806,-0.7847447011007026,-0.5016489634448742,-0.24080885904026286,-0.9306026941896876,0.5142074369912822,-0.33575407211983477,-0.34553309704988966
-1.5754501278697148,0.7526815258387249,1.095265977382976,-1.7275010866445077,1.358586700879385,-0.36192563469066313,-0.5071897402293285,1.4900456242208011,2.0644514717120552,-1.6933202086964998,0.014235750933003569,-0.2662496024753726
0.7116601270852689,0.4660344614704927,0.27688746533076436,-0.14311168099990648,-0.6564274074744675,1.1970514638266483,-0.5813787726261815,1.1612212909236652,-0.32342622092464884,-0.06601112941221826,1.3776090385988518,-0.2809460906234546
-0.7169561143773522,-0.14737025750663765,-1.4278307416148734,-0.4945621798741763,0.6919911794545326,-0.5297230632945626,1.0176396371253686,0.4851563285765556,0.8328038857019651,0.12597613787472836,-0.8134522846909612,0.05697934519770932
-0.2456325977982751,-0.31491756426786766,-0.8305748187450034,-0.06009639570723002,0.960476767307634,1.373014757047016,1.5313288520083366,-0.7628090399981126,0.45750459058152576,0.7906749956648828,-0.8940760635736298,0.5824188442767171
-1.4340614945011265,-1.4209874336170603,-1.5304749540452045,0.04317054253497218,1.1933926185161932,-0.12355560042867127,0.03892178694254988,0.043212748981485194,1.0789858695689871,-0.20795530097303286,-0.11742816481035165,-0.21763578571835718
1.6705685178823118,-0.7031178744692704,-0.8026618966031109,0.9010585966968983,-0.4059487942402728,-0.552455442201471,-1.475119680173508,-0.7472448684725965,-0.5823711076972019,0.7043474910235651,0.2871307486566725,0.36329728272948647
1.4383822853402712,0.2876507733471313,-1.3445737481416817,-1.7047592250783514,1.1636435817805215,-0.3629490915942847,1.0568433629354226,-0.24866002710250693,0.8930625279991524,1.356441281254552,-0.7890318540852737,2.0991729039009996
-0.8618084492628525,1.3580434563605275,0.9151038389028545,-0.3619856372279691,1.1650081705514255,0.9050187070821161,0.022511345032721505,0.5642038886838919,1.3375620725526909,-1.2534976640001998,0.5403176290129018,0.2341914029401585
1.7875812257923187,1.3656383048716432,0.16092662021213966,0.3839385257448278,0.19734174216996386,1.1377960933289002,0.13195386806626663,-1.4014636750029565,-0.3691349222967004,0.5595793482036864,0.5709031400215188,1.1692566346453714
-0.7991398362967599,1.330592605334912,0.4117665069651573,0.5667012378580484,0.4059047132731411,-0.6080064796735161,0.003414953674457674,1.2503558905680552,0.8723705757174218,-1.2077537338729143,-0.40463857115593493,-0.17223399798931296
1.4790585573042132,1.6656681058768341,-1.6808435407986146,1.336252839053872,-0.9203708982306981,0.8897773707985717,1.0158809453793027,-0.644292585237276,-0.9571291640517403,0.6594874536475711,-0.4326957252035553,-0.32192589768130314
1.0841268005505205,0.35379671334730717,-0.536192131881879,-0.774025665678959,1.099771990188584,1.615346244510795,-1.6601392357758975,-0.27351343360651115,0.8253997345800842,-0.32013401868438696,3.0648386490348107,1.742976042231332
0.10647115919541666,0.4255971012375112,-0.37188738996430737,1.3042638950105852,-0.6158097397680306,-0.30770190038264644,-1.5537856967016974,1.3622217366415499,-0.23023828625813345,-0.9512114194756935,0.616903161098123,-0.45998942893030387
1.024027428665331,-1.426480939215024,-0.005338332133473903,0.7475055542266154,1.0573026043129627,-0.9273338649877555,0.565100016491582,-0.4455667133548144,0.6987250015982287,1.7005771989883893,-0.7805833808862788,1.6500639944587008
0.25389442307733995,-0.9963408752555474,0.27516909845371756,1.3947580957745425,-0.377707808755099,-0.17692471428889375,-0.5392728229370838,-1.7534057269548593,-0.8460839994091067,0.39744143082547545,0.18513636973606887,-0.19990629923907052
-0.6871231856928758,-0.7704245274424066,-0.187404617644392,0.07920397158153329,0.5761508377287705,-0.2575310957927595,-1.1504490108843082,0.9947175554682276,0.9467477675939038,-0.6595904323956953,0.4549072436716799,0.004567844162608336
-0.7925367958823714,-1.4546368562712617,-0.4474699144374138,0.23520365955797864,1.6021048765927184,0.41474735740702984,-0.30235345450952417,0.35179166804822964,1.6384090736811894,0.05864418362958572,0.4902945819183581,0.5544380001769986
0.1093279841250817,0.8222888879736641,-0.1611388589833531,-0.2273504343125386,0.2014375988542528,0.29032413729468676,-1.3317498242264052,1.041057890239096,0.566339845418752,-1.0365967596039132,1.1705247845239037,0.22079725551124377
-1.705304610068831,0.8550958291259173,-0.8596759746895452,-0.5020915163867617,-1.068081525323946,0.08333526509703655,-0.2102357629166694,-0.09748045153958448,-0.98194965636749,-1.6779940446197716,0.18002956175006382,-1.2846047761074604
-0.5305414480957573,0.30812596867927067,1.6518990618986467,0.26215336233456393,-0.7396993409217661,-1.111315398229267,0.6198226785424836,0.16129878480625331,-0.636428142100288,-0.18854379691000317,-0.8732141813932817,-0.77354191086798
-1.0848161002252619,-1.0454788468141596,1.4794779845612847,-1.0529377446312165,0.5771574250634843,1.7027105804247384,-0.8965926955518393,1.379155187687199,1.1191421646439947,-0.6520411335412248,2.2066151809490653,-0.25849559901287344
1.1763898535679171,0.22588961158207724,-0.7076842394993258,0.9989040770764798,-1.4297811927763533,1.6933721917903874,-0.385275355531917,-1.6933203344536327,-1.4669128078766265,0.4668114764603665,1.551877775130778,-0.9691258109686329
1.435514554015753,0.2611837747985236,0.27319713363738496,1.4318633615711256,1.6131833704714977,-0.30004278747847024,1.4129950788171335,0.286047208887462,1.608113498034443,1.5525303470157321,-0.9640258391092713,2.6212735657269306
0.564140029987815,-0.5266985408168869,-0.10541559533943477,-0.08350302620800093,0.31206969262302775,-1.1130560602342428,1.3402807747830672,-1.1948343897735716,-0.21110382135528583,1.3377237565577995,-1.0465024687282243,0.5839492752141777
1.6844471415961981,0.914819407923204,-0.6119651832382227,-1.1891680372422924,0.062385067957803304,0.9197780232766807,1.451592638476136,-1.583716292469568,-0.5229437498042175,1.4045756902681181,-0.85200391368867,0.9448409504796988
-0.3613742749476195,0.08614355789224093,-0.3031115883129278,0.806541874083449,1.7336388184524947,-1.348260247839054,-1.302436530117853,-0.8327310384787472,1.003468726813066,-0.9587280343956324,-0.6752817183860739,1.045674841651186
1.4323507470708485,-1.669575038387445,0.8057654139662306,-0.5405909491621627,0.5625006144645721,0.561206840658705,0.2744229788435778,1.1146203151101208,0.9853819781686113,1.9452612038672157,0.10961893958302488,1.3934757100387758
-0.8391788039077722,-1.459464844783725,0.6307402382874957,-0.7367277486373417,1.0135017939794013,-0.6001509129544242,-0.5798252818315185,1.6100874584219738,1.7312044120513743,-0.11362096794170025,-0.1508514066984614,0.16281991654117506
-1.347388747431849,-1.072245127398924,-1.0907135167287445,0.735690017332879,-1.0447231179371899,1.549996726561299,-1.566412883537931,-0.1992582660465693,-0.9788088892456978,-1.1598303327215818,2.870115502081194,-1.1851145083658632
0.8645566953779519,0.52558181074375,-1.4029458507214863,-1.0828119161009204,-0.08970519825748004,-1.1547426309624256,1.549402409659704,-1.6498869947198427,-0.6399857230366544,1.1090111925872241,-1.0996417708410569,0.35225200072855284
-1.0257626138309504,1.6000959830322976,-0.4291861257263438,-1.0032454109934585,1.2208905064310267,-1.1206173971193985,-1.5847023459716645,0.01514144032403973,1.0881842237996762,-2.3184532183952404,-0.35507689940172327,0.13161062869047857
-0.785508969761933,-0.8342083496114591,1.3779261372148708,-0.06895814554598433,1.3889207622723192,0.05341041908190466,1.6102371836426894,0.02306285251796036,1.2433948992601693,0.7376848594116086,-1.051737922147862,0.43176183589734235
-0.7173176940551926,-0.15334573928136133,-1.5197914652245557,0.4653422935591193,0.28423987594791145,-0.5544119582284965,1.510374228658888,-0.7438494450178413,-0.05176521362972767,0.38403389442983854,-1.0384415574287005,-0.19732154405763197
-0.18124728309002636,0.37370931660074824,-0.6536043601907441,0.9293750722697474,-0.4132004694740588,-0.056529955503815864,-1.3887036662335699,-1.6775621911752152,-0.8461871707334055,-1.0303928197953411,0.81634391747793,-0.41045011005057636
-0.43819690386678045,1.3159125044262032,-0.3121040615875223,0.8716836977950034,-0.23637215486632787,1.3553201370225174,-1.5326188360871518,1.2376951299872687,0.15824323381653302,-1.7561659944096195,2.596185143203784,-0.3939436708830943
-0.7365169261596064,-0.3551923294400153,-1.0268883099787283,-0.49126292391707266,0.848306664208532,-1.5560753535336775,0.4371983149649772,0.24335901410563227,0.866479019065483,-0.08172046870547163,-1.0422536017889497,0.14007715655193978
-1.5151356793670794,-0.7074411790526035,-1.4242446158845292,-1.3687834321284154,1.5127619416455156,0.10325756331343183,1.3333899185871216,1.3438670153867207,2.1528578124471207,0.04485713638711553,-0.8600988381325588,-0.149353299858427
0.02339276373225878,1.2927703995708817,-1.1533250646915791,1.3511042267818354,0.6610388807412814,0.4506089331771174,0.6744201743036531,1.7022272083950385,1.3623078018066994,-0.29437422210261865,-0.2737665970573539,0.5442737813971055
-0.4409278278903938,1.5780579435337292,1.3307159602606349,-1.5627091230431696,-0.3279620214798878,-1.5588970200394245,1.4460680992477741,-0.6767975567762436,-0.5019929928275327,-0.34862391489049815,-1.1212448024068928,-0.4586501266257271
-1.0059376667777342,-0.1539729892660993,0.8025529201442188,1.119260081297137,1.0836001505065778,0.06101580832985137,0.8016581286209779,-1.6132682478501237,0.09950083343105157,-0.17454070528515453,-0.5115079316684404,0.07244305078509887
-1.3437533189927693,0.26799538286752406,-1.380263174956938,0.780147186341202,1.5031701275705607,-0.6009248749238307,-0.0045584937064963756,-0.9535171895470143,0.7572722486053469,-1.0318237581939993,-0.39672972459554257,0.0003091700348563682
-0.039169874882568546,0.04401596811794577,0.974580924388861,0.37990822651041356,-1.5112677175874218,-1.4125971271744657,-1.0342236589419336,-1.2498601303306918,-1.475843224868982,-0.5842291482636802,-0.7818396572418594,-1.2239266161600943
-1.173696281603248,1.0229946649882589,-1.313947199505765,0.5183384775527318,-1.2558099805958156,0.18147759230113258,0.8867682046299086,-0.6557625286276365,-1.221760020184111,-0.8421385693541801,-0.5304155061699656,-1.2482642616490607
-0.38728005656185494,-1.1554762685260116,1.62884957991941,0.5338152062551808,-0.09615991872951325,1.3794405532982206,-1.5825272520787494,1.1934875425782432,0.2983391028057108,-0.487835221170913,2.6823708163622433,-0.2715973430168025
0.09359038875221518,1.142072092714799,-0.12656542363551032,0.3852565815585791,1.4214433719039608,0.6741962378639225,0.3559297923048577,1.2875265447151383,2.017248476361812,-0.33586909449752883,0.09776989963284555,1.2217583376597163
0.32976826711620105,0.903791106013016,-0.5108195685375936,1.640913658279383,-1.0522805559454818,1.6840858421630003,-0.9783267376169383,-0.45492844701505647,-1.0285547991904989,-0.7486172407270257,2.291584022821334,-0.7665136911882987
1.6080609631042397,-1.4738101090219138,1.6283449971153012,-0.018530253584643434,0.8752911648470336,-1.3535967313033475,-0.2763192533094104,-0.0774861943854079,0.7324912068625581,1.6768669815779838,-0.8370051268569942,1.8878569661335314
0.23176551057476275,1.0778616970676478,-0.5856893965145104,0.3803899102150446,-1.3781926703541878,-0.7055152651575776,0.10776806628815282,0.5347682942193364,-1.181963558746129,-0.33987441692313974,-0.5072409917937548,-1.0723340660434348
-0.5369684592938773,-0.06865247133626122,-0.7035310538792678,-0.39606236314866816,-0.5891538132481109,-1.052524730283597,-0.009906295358149176,-1.1812692275037169,-0.8303853217275871,-0.3268825685857939,-0.6842489034453365,-0.6750139881001227
1.5685232240235645,0.15899434049134215,-0.285459207560977,-0.06811830422391414,-0.8721511958747233,0.12818161708788092,-1.5105738956427923,1.516425014006756,-0.4877702639510117,0.1785233983228963,1.1120934376246698,-0.2385582043833508
-1.4555311336530572,-0.22442351250744225,0.9857224458024899,0.1105715271701173,-1.6009262007068807,-1.438086723669967,-0.3682751668854333,0.016811339218663474,-1.440611468852298,-1.0433815053873259,-0.888303864716047,-1.4554173854969488
-0.3130462862529091,0.7529614868878534,1.3432541689774706,0.4231913665893878,-0.5009741982217295,0.861244336865115,1.09085332527742,0.21459910651141473,-0.4025588621388207,-0.02688917206192763,-0.5122646635123023,-0.5285337368518246
-1.0260770247487798,0.38384957043078427,-0.006652365562347238,1.612614579269049,-1.04245304031064,1.0665507471800362,-0.5858638134337505,-0.04950522359283094,-0.9512758404497322,-1.1809754246937068,1.2713095528045317,-1.1023961968381069
-0.286238511478357,1.3779630618731213,-1.5679729978406944,0.8995526862171251,-1.091609445561149,-1.1338659224401486,-0.3161367439173761,-0.8352165547452071,-1.1224540955238307,-1.0566766784629218,-0.6654193212273088,-0.950334811517308
1.2741493722485737,-1.5524865409849733,-1.2920471498987822,-0.6637769406263127,-0.6379753581906441,-0.05295165355158999,-1.3546623515124803,-1.2185049076028802,-0.8731441554805459,0.936526661290764,0.7991264141872765,-0.06238796933643423
-0.6230257618076834,1.3189246617171726,0.08191262156191714,-1.4257693989267821,-0.7888518887661041,1.7152654719275977,1.3816342727106674,1.5470375242826162,-0.38534997903232115,-0.370835993589457,-0.676552745545344,-0.8359118812884268
-0.9084407834960957,0.9148161653215864,0.31220974343846264,-1.6170495023556044,0.9125103366462942,-0.6461183531531984,-0.555149469201306,0.22640968050143556,0.9179869344110025,-1.357688578668767,-0.20001418356082737,0.05121426465312554
1.3362733418122172,0.8856681744573872,-0.23227639001494654,0.8820167253479555,-0.9678234826030778,-1.6589863777429092,0.3700086316234647,-0.9636070735198726,-1.0529363020533875,0.6278238722779608,-1.0887968309213245,-0.4167859471189764
0.860180892247152,1.2159680429086628,-1.4119668510583911,0.6842153264907577,-0.8668111581610692,-0.15513984020729849,-0.2232591329227039,-0.6910586737741965,-0.9245044835134079,-0.16426776996089773,0.01724459713567826,-0.44359394871824237
-1.0916231848765556,0.3391736428625877,-1.6437576205956785,-0.5053928373960872,-1.019992516093863,-1.5403324306548432,-0.8162357548044364,0.1879558833434435,-0.8899242974509204,-1.3210798162651267,-0.9297710570217673,-1.107183975944569
1.3202579225082525,-0.489290470233158,-1.7030229663728789,1.505873663835011,-0.22341373469162165,0.5203423267887537,-1.647929227835202,-0.6741464535808218,-0.4197505094323406,0.27303324201623275,1.693050973576256,0.42559798128179704
1.034087361625518,1.1605194344295497,-1.1716908453465764,-1.5565011420283204,-1.0755936191898343,-0.9283472087053755,0.7753585981653166,-0.4794185833192048,-1.0516342263173668,0.49686595407286105,-0.8455457251349445,-0.6140844068822499
-0.48957083267942053,1.2494647322451016,1.1450356566979043,0.6975190832665347,0.741303494954097,0.7482010936540565,1.1004552593900767,-0.1367125245683217,0.586473012194225,-0.39240416402347394,-0.5482495366896319,0.24790382857599594
0.5245996933476449,-0.5896239641786494,1.3477365977102267,0.5420049337351686,-0.39214604357223853,0.3818731852124134,-0.7003633205646684,0.4298191580489308,-0.2408295140167558,0.286431709995165,0.7779879291085953,-0.09919376215992934
-0.5331491917081826,1.3964621890667772,-1.2058133154930064,-0.5548022768975365,0.9917371674219065,-0.5901555791415377,0.29678276760918,1.6433708582990696,1.7229826621279152,-0.912648571326916,-0.5194769425272846,0.38488034344262084
0.003333017729203431,-0.4455880023763766,-1.5833467549742974,-1.2741653649853981,-1.0911797648289814,-0.29160357907926004,-0.10920256580887255,0.6265410010974847,-0.8845162867089483,0.17288478472163674,-0.14242664294173724,-0.8799847858549227
1.1327929502335405,-0.07686953274131858,0.3185819555309959,-0.2960151738427215,-0.996361445618801,-1.324733051733605,-1.5998309460646485,-0.2814866317968099,-0.9519160020623926,-0.03692818024787467,-0.6008153085992041,-0.5034476430310455
-1.0644951898629198,0.19176338945009977,1.1785979585179844,-1.200856195020252,-0.262100542144008,-0.33198772808862337,-1.4065019233625597,0.8052788223448835,-0.0012775128863469947,-1.5336546466393723,0.5104200361269333,-0.6943600017067514
-1.3576556430381943,-0.9752932495835456,0.702882311984029,-1.5263712188898493,-1.1807253882094628,-1.098754705006258,1.6733113992179316,-0.0741042115731122,-1.0773041117301578,0.46217485521239204,-1.125873453876576,-1.2504674285561894
-0.0807306392148397,-1.1610323362238761,0.1322301923594072,1.6856457250268702,-0.38862831020198896,-0.3951671996855254,1.0985741144107504,-0.27116861474396287,-0.43494576796138673,1.1075570946512772,-0.8180941846960279,-0.3496745930896943
-0.7733346896632255,1.4945000718993238,-0.7968666371946073,-1.0011856751748895,-0.21292213300194052,-0.21767817385461768,0.6513271044410829,1.495761414307581,0.2645332970811901,-0.938561055131295,-0.5227861965849123,-0.5330490548620019
-1.7162832531906906,1.6352221173607384,-1.2782019272297418,0.9477517391425805,0.6132767763250363,-1.6192151193620916,-1.410737943535948,0.4285250511049999,0.7303969334930795,-2.705030526264448,-0.9709085160099891,-0.663808052336587
1.1816561426602874,-0.06854726213384212,-1.5908886705050904,-1.3668695781600888,-0.4385503790394009,-0.36727620622486334,0.28344746115110336,-1.45574925751346,-0.801003645538575,0.9668844894702258,-0.3945559538867708,0.12452315208143813
0.896888333019166,0.7573512367443063,1.1074658639236163,1.0401559523472677,1.7257552184898515,-1.2293589407394387,1.1271842432521815,0.6962024853247619,1.9769023286615466,0.7935737882046415,-1.0218704117588766,2.239254906898849
-1.2903824305896812,1.2900673435405356,1.589257299751365,-0.42112685527056476,1.2689453961582329,0.8983334107968528,1.5369462112865668,-0.4635000594782702,0.861757370123691,-0.7190554610703054,-0.9373828566638519,-0.06387034226740612
0.9413880898741194,-1.548714403940333,0.503401563111036,0.1587204943978446,-0.8274890097967603,-1.765304313371423,1.2979813258592325,0.05929842786778371,-0.7384274568640204,2.0876615361826394,-1.1438657844626783,-0.3783860071594288
1.6740303871916722,-0.8821948034556815,-0.40872816168948106,1.072425739922737,0.9393436030171496,-1.0363103699052956,1.5226648483856633,0.6494909479816933,1.1575455139118727,2.3509111659628315,-1.0838282583973535,2.015144735240318
0.6275404513300099,-1.6705315914266265,1.3437908424212104,-0.2779707142179203,1.707254699840458,0.834992811665769,0.6527869820492685,-0.9226691610302972,0.9262912724085507,1.6070360344593528,-0.10246917973154583,1.9647415834691033
-1.2128908652496215,1.1666486791940158,-1.6342448593479675,-1.695215214364196,1.3757508059980965,-0.10482709097658559,1.7111150432211613,-1.70424165073931,0.22772948764359693,-0.5144046975904345,-1.1210495834474234,0.0542285582179179
1.0463049674165708,-1.0989677707076686,-1.2723300031022036,-0.058616173069964465,1.5553078589956078,1.7294580772097687,-0.6512647016298698,1.189353681770575,2.106075213666201,0.9182419341261626,1.9193829113682364,2.1995655352077823
1.0169774162895173,-1.0153377853416758,1.1116198190459579,-0.10135861729835313,-0.9937941130956439,-0.8777723995783894,1.6356474908433283,0.7395874649804283,-0.7668911347489363,2.0407931586893664,-1.1074447472889577,-0.5315074942712913
1.1151168051781233,1.6788144242986975,-0.5494030669352965,0.7492146900912532,0.03254077113534861,0.24863603772962253,-1.576277532338238,0.2313594674126765,0.09955673063196184,-0.9318322627739283,1.3036657322769418,0.6089270510754937
-0.4241373781026336,-1.554540278491744,1.5011055572159537,-0.6621369285708848,0.49946521361754315,-0.22862785167631575,-1.6314101512261827,-0.9301404864693343,0.03283650616578568,-0.33413184887049346,0.7557889106196053,0.12542353780456364
1.660257973777171,0.8956563931834427,-0.343870994742607,1.049762830931602,1.675759503209462,1.4365744952368489,-0.45812124105338553,0.19705360109119135,1.6108208232497754,0.40899067224653496,1.4371109283809715,2.9056312425432793
0.8976505902773214,-0.3162223713163381,-0.5812814282817867,-0.4067593705791259,1.4679772086297511,1.1123887634085494,0.7514110707783925,0.4975329453440926,1.5975214319085325,1.1469186236439755,-0.09514659014626883,1.9742664993101462
0.48724186178741496,1.2146463288719096,-0.3560206485459989,-1.0164049857688764,1.710468265258095,-0.34406369549958554,1.1167900642645583,0.4781744923152461,1.8223422610165159,0.2828092326901121,-0.8154272324783416,1.8346633825489524
1.5705453463098467,1.255594446518565,-1.3445495314928708,-1.363278142474268,1.1510650721979645,-1.0489019848492278,1.4670113573890762,0.7289021453269584,1.4132042483729683,1.1630986125768654,-1.0702392695971341,2.1912732138960487
-0.6784429052966652,-0.10052935461116572,0.5625370297764715,-1.6122302265668726,-1.5971788114406593,1.5689208340026664,-1.04873155902782,1.55287298799126,-1.3194480706322025,-0.9427629534113299,2.262730062677977,-1.365109091338482
-0.7372177668701997,-0.044231338209974935,-0.6546498764311351,-0.8068032869841744,-0.20762051411380572,-0.8474614846259693,1.5909951813515961,-0.30004964460104083,-0.2905447182453386,0.3569302188053533,-1.0911614043441822,-0.5130288423848072
-1.3782855898946689,0.11199201560192379,0.9192083390315186,-1.002508990256042,-1.3180581095108967,0.7609715572470456,1.1958881817728515,-0.028378850950997132,-1.1926299686696429,-0.35334288726162144,-0.6332977780603734,-1.3176384778215386
-0.11819140343894143,0.6323058243613846,-0.7947179687486099,1.6494940429896003,0.8759859636321623,-0.25120503413724826,0.6164854263380418,-0.2483936777645901,0.6482715856596176,-0.08163182176134438,-0.5169220223811565,0.6138321682063664
-0.11635029778480978,0.5547140399493485,0.9840504444728905,1.2864733767405319,-1.525840698082681,0.25111015899609135,0.4114980834749817,0.8363708194907749,-1.3005235352816695,-0.14702774546676312,-0.1582436547574145,-1.245698448900787
-1.5558821738378834,0.011412260411501104,0.9821872290391038,-0.46787357339706387,-1.6103894176112417,0.9060615913794633,0.6521181993598293,-0.33862655035848355,-1.4755576480143378,-0.7017330335821148,-0.07338402261834641,-1.4706658661766199
0.7937033454814184,0.35098043196217077,-0.2030442819245949,0.5714210203409937,0.727904125675418,0.5414890835990381,1.2638101104959092,1.3879977408068165,1.2933001438455767,1.0030341854678664,-0.7348883794326438,1.1385263890090813
1.3393924730726376,-0.7638899092651863,0.1878657789673926,-0.5917479280291131,-0.6960220131829368,-0.122036280785845,-0.8842571202215874,0.6826648303026298,-0.4764914778630361,0.8213901167897821,0.43825361603939994,-0.10545079162192865
0.232492416294671,-1.6906093531732975,-1.1698053381693154,-0.5451709382625053,1.7225558956057283,-0.683206974286082,-1.2961488278600635,-0.1169011041499594,1.4532699120471178,0.3452006130945724,0.06244727248597206,1.6032848275283755
1.1347984815857417,-0.4655827543239878,1.6019283983733241,-0.5182498012317204,1.2142658894938627,0.9380756209918564,-0.12883682418522072,-0.8928385730834966,0.5794437206353367,0.924656810523616,0.7105895012303681,1.9081351326004223
-0.48819053192162154,-0.7615574210670251,0.0031363597631131478,0.6039969826053464,-0.10322542800397319,-0.3795209109077977,0.7184322658302889,1.4089340856658008,0.36173424944723565,0.4361924843522793,-0.6216436875900636,-0.3261647244193356
-0.8313675259532447,0.6275437800576545,1.0770539558325025,-0.6754890410124295,1.458577871854667,1.742702170843323,0.19636340034655284,-1.3606341266911894,0.4823150587193294,-0.7706730981371515,0.8452912223932203,0.4333500703451257
-0.2281858761697466,0.47235297116843483,-0.472654702707221,-1.2325050086909328,-1.0529110344745143,-0.5475469776437996,0.429780353631121,1.5838127834272808,-0.6844246760607801,-0.16985823300508526,-0.5561812328573978,-0.9074104091609841
0.8163530988476627,-0.5648191277821016,-0.49324112570699225,1.0109244169235259,0.9697192322123579,-0.7020854150123987,0.24519048025943485,-1.71937949906888,-0.025448885160615626,0.9574468185032734,-0.5586975351686654,1.398703926713752
1.308469735190698,-1.3914871087743448,0.8229078554283343,-1.2456717312189989,1.3051529782033213,1.313979722208649,-0.30992597575948133,-0.5617210652796385,0.8353602468069019,1.418426196507466,1.171754133889674,2.1543392396146173
0.7337549222527501,-1.4421786019793523,0.9520023183043808,0.05623337935360426,0.797647213291314,0.8056572288587184,0.2561775080013285,-0.4591287214324323,0.4797685159814966,1.355694767970998,0.2582781246016445,1.165499300635948
-1.376154169347106,-0.5825198756528132,1.2460540322124536,1.3604811778408399,0.6948091211910287,-0.8132437914817098,0.3039074073614696,1.4703035221975755,1.2942533608342364,-0.4598120858562704,-0.6401734235139689,-0.39793995273356725
-0.6238222975828346,-0.9583445209507228,0.697393476064567,1.4468300036007513,-1.1123117377854248,1.287383385230282,-0.5109958713180585,1.1248456541708347,-0.8264325840750325,-0.1904430703255108,1.3759352796829705,-1.0453332480504292
0.7422397568689547,0.8444902821189042,1.3629549590272507,-1.6486856474994596,-1.2598118335299038,0.9718660472572893,-0.08277146107644272,0.33363894777225706,-1.0923711700296144,0.019594451923020104,0.6876836858657042,-0.8684809141394022
0.15134088925770858,0.8352230997540047,0.6813870491430845,-0.2764469634572786,-0.7928216877761758,1.5948806088628673,-0.08585376139073615,0.729599981700613,-0.5642025496741426,-0.3698697141667394,1.1078171001483454,-0.5928609607340297
-0.7899762935790064,1.432228679799954,-0.254108458298414,1.5196825116337545,0.09185614830871032,-1.2231321459046256,1.7141676480967842,-0.33106219590706476,-0.049436756729671426,-0.36727883971182285,-1.1374957909321686,-0.3564619921677916
1.5873248456404165,-0.9431386096829439,1.4722376889819715,-1.701290798427877,-1.0581435934717434,1.3285936489834609,-0.8266227475342427,-0.7260673764800458,-1.078936323596312,1.1073857828848306,1.7665225184248172,-0.45707599628194473
1.6055549871975523,-1.4129283480177137,0.8318919201337994,0.9822346995479828,1.5989478841533353,1.6993959888786025,-1.4781453048465674,-0.7438982962795039,0.9571274034415183,1.0215733152305113,2.939117142480992,2.7612815467168232
-0.022175543021464458,1.6456272127250033,-1.0212056209067606,-1.3259959845894074,-1.0247098440992035,0.10766047697354257,-1.6728608035559929,1.5523279635788032,-0.6571170486998327,-1.7205580128582851,1.198805502702353,-0.833074186901453
0.41264572254841964,-1.3839407232663476,1.4220508854318552,-0.1112489260685563,-0.541981151585243,-0.5330121818543804,0.62206089521277,1.4874736927343146,-0.11516409156043966,1.3021876412597662,-0.6359099708925712,-0.28213036521025314
-1.3109017818329551,0.02347110892366019,0.08544240755915412,-0.7081317343686809,-0.32124272558684874,0.6987983594963453,1.0739036783718394,0.7387579258710066,-0.0817146933889992,-0.3266207397876393,-0.536047890157447,-0.8335190746629553
-0.969427595671791,-1.618892925523558,1.6626925998295563,1.1591987407280693,0.7470433871992219,-0.18227326661343382,1.2577511671720694,1.310984915361597,1.2783705211542031,0.8330637874047551,-0.8596802268959343,-0.08695040460213656
0.3644239478762626,0.7840314389372484,-0.3603816060191722,-1.4946473309965673,1.677769502876741,1.7009332993110644,1.5406976982905802,-0.5257748241232444,1.1555592126458318,0.6404096481583265,-0.8797920285552475,1.6887810438565904
0.06441581404477414,0.8782596975039928,-0.5860731708765147,1.633967792412014,0.2407679000326543,-0.6279342373470735,0.44114488731246954,-1.070901237902524,-0.21220852944807142,-0.17657014180659256,-0.5996111977409065,0.22754503759756958
1.5610380301516646,-1.574316681296267,0.6304656777715273,-1.226823904615063,-1.6237132545562691,0.23800093975409467,-1.307530134484024,-1.56265338626553,-1.5750606975107249,1.1626843768432489,1.0939953511305878,-1.1413622391918394
0.0873492989554985,-0.3564501058179813,0.8917201025914494,-1.1422367651297964,-1.357823042576542,-0.11879679161714918,-0.24186661025453116,1.5834453938838005,-1.0388939571843039,0.11452304619768788,0.054597016488672365,-1.0799680173351076
-0.6077437283537479,-1.250790163884633,0.6350859898942853,-0.510401959694114,0.5157470752621723,-1.232264404803906,-1.6047763972932567,1.3423969592842782,1.033893846024644,-0.5972290377768853,-0.4868983381764387,0.017876030825988175
0.6773273302386121,-1.0511344696950826,-0.3108895692269044,-1.552609752823505,0.9326239769676339,1.1818573217250496,-1.082821335949118,-0.8767210947166703,0.37858362895461123,0.4251403494028235,1.9044189764600574,1.2565671052277803
-0.8336683104413734,0.9983922312527381,1.0498297810391024,-0.7353607996709316,-0.8151138603167434,-0.16680090403547698,1.0604297465064891,0.25514709786859485,-0.6862335219360494,-0.5137154442628263,-0.7415546580126843,-0.9185271636331279
0.1601551493244645,0.8712789560196331,-0.7170858389608757,-0.265178007305079,0.2321592737712496,0.029917266558353632,-1.6238349991554637,-0.2976389584420963,0.08099953000867093,-1.1791195360545903,1.069598682970578,0.2756250668567522
0.742717724146654,-0.9957550628281722,1.2394508281619385,-1.5652160899697372,-1.3281829774659153,1.3562131752702424,0.1870924720911089,0.3274923009546816,-1.158092742791897,1.0981951453698027,0.6369127323384607,-0.9361874897003861
1.107597953082977,-0.2525020094624473,1.5870197328365585,0.34735490569373334,-0.24093326131481804,0.2933154156136274,-0.6825631498901253,-0.2082072891821531,-0.2904379658677106,0.511072042558925,0.685471000640277,0.30858539367181836
0.0893288887153679,0.07808141970199053,0.2697460402840014,-0.2690315037752922,0.14543722256334765,0.9325592999037913,-0.48068103795797457,-0.6627118314065581,-0.1280689594206257,-0.22947623585722557,1.053532914943642,0.16313749352278953
-0.7132737129508618,1.344611752999697,0.016034344816571098,1.57371606724932,0.2580395406836752,1.1544228421089269,-1.4426219562483111,-1.6239853462945706,-0.4164452446142886,-1.9069422130564968,2.259751846586443,-0.2112901160938878
0.22131303924925683,-0.1801227049516389,-0.8385889708380214,-0.24490751410047795,-0.9197056405023923,0.12432906937471393,0.6762945361362688,-0.8808510734476345,-1.0019441231830806,0.5892391636197697,-0.4030226448652889,-0.6797910208722161
0.15808989006248458,1.1094443486200554,-0.29870135964902084,1.1263375999173724,-1.1101915055980187,1.7109886744634084,1.2762849914806664,0.5023849496001663,-0.9233086375961108,0.20039419773559006,-0.5434083347248951,-0.858602650373173
1.3717201327393327,-0.40787615720343445,-0.6545113609168723,-1.1029987966262633,1.7314129025121785,0.760631706234213,0.008117599099295134,1.6365224408313566,2.585855181613722,1.1235848546170304,0.46265081572688516,2.6983074060529786
0.7230442974570981,-0.7848462983053175,-0.7731944705537055,1.6851845372550895,1.6108037965830069,-1.1525678559540538,-1.614531003882375,0.7810547104106175,1.9132950687446555,0.04427260893540575,-0.3872119766622216,1.960147745764022
1.6238895131467452,-0.43605939894331747,-0.8886860054712364,1.6776700604631087,-1.449791915671103,0.46988710043843646,1.2296201352316813,0.9800907634158994,-1.2071541246525535,1.9382724499555453,-0.7196569551256992,-0.9234456132168084
0.24169672496982567,1.505105080477344,1.1787051304880534,-1.0381112174586122,1.5724611792779848,-1.6496236329197886,-0.9091254349756621,-0.8933075566279097,0.844983144005951,-1.07794106948714,-1.0279632183551761,1.482190914291197
-0.30032864701126766,0.7202853719583096,0.6587273971097509,-0.587382113407923,-0.26594871979607665,0.05184709404682529,-1.168534008618718,-1.2783716187957637,-0.6357254904107118,-1.1722027535759176,0.7941206496842895,-0.35238630038907764
1.2807080408393332,-1.0688568367596958,1.4213468975474612,1.0688820384907771,-1.0955110778599546,0.5436032302319074,-1.389076547640992,-1.1684151666234763,-1.1793056839572689,0.6764158677628244,1.5034995277631726,-0.5759234080070444
-0.2410750793676612,1.5939109220278107,0.8476336947026317,0.4428094530997152,-0.455857467960879,0.551002327169527,-1.206954767834481,1.2102805322087073,-0.09140496688024576,-1.5982681096904243,1.3578367546741714,-0.4668674322419677
-0.4057609465976495,0.3092608889199189,1.579919007073338,-0.808879867867578,1.1039502322049426,-1.2051362921339512,-0.8769127758682759,-1.2320909621070044,0.31606107476991857,-0.8815701591333664,-0.6036192831231383,0.5614227931690959
0.9930679013976519,0.2786250418671523,-1.2440587176032567,1.663015328661463,-0.60902734793635,-1.3044763802590238,1.5351466716833042,0.4410943672063598,-0.4477050640033585,1.3129519104447,-1.1081720314121146,-0.13199537003324835
-0.2763481568012651,-0.9437455045354942,-0.18236016150927395,-0.5285438246278161,-0.31097109797464806,-0.1794481399994054,0.8281173919189875,0.2823261454399662,-0.20587077955200692,0.7266727403690934,-0.6100025139860229,-0.3746538946416714
1.8112314119321629,-0.8515123789414393,1.3926596702925635,-0.30339448290601856,1.7152275432746924,-0.2649786089269081,-1.236806704052388,1.1438579353168068,2.252198568713925,0.996934966449841,0.49442147495711214,3.0973991336894526
0.7156875132635123,1.4943608045540548,-0.6313250826943925,-1.465768897240516,-1.295692888938374,-0.8831738169000644,0.19657432396829413,-1.1453345720000578,-1.3155549234103254,-0.18475787055925716,-0.6423400342384634,-0.909109766095679
-0.29499224169812793,0.4148929769097928,-0.22872859545615568,-1.4668545139844282,-0.6763056216829367,0.966971500931004,0.778706513534279,-1.6549653248797338,-1.0011469046255055,-0.004187306516454345,-0.17533492425859312,-0.6494125874041728
1.4161160229877423,1.028460615626608,-0.25794630266038227,0.8878239344438731,1.0254050679930855,1.4892066428325401,-1.2074944205541724,1.022052419855451,1.4383081139008942,-0.20914144374289376,2.3700575284762584,1.9205217287706775
-1.1475005721464133,1.4218660801484073,0.6785258099251046,-1.1518547884713088,1.5072326642351035,-1.0505546162957693,1.2376144893015948,-0.49460443140606053,1.0371870267043726,-0.8464016261529288,-1.010234375263128,0.17841108079365112
-1.4812355041238283,-1.178891879962006,0.9697728861742428,-0.9022547621525607,-0.45612100953578244,-0.39314636967223504,0.5155386311031656,0.29596634581745906,-0.3388483211242421,-0.1158601403857068,-0.5249084520768672,-0.9658492798142099
0.9355211978252436,0.5486188716625892,-0.846628331362086,0.4124492444615759,0.9287072542037005,-0.32261022980235315,-0.36882578128388965,0.8139716158839138,1.229981115063811,0.15071452620183798,-0.02642856053799926,1.446864801264389
0.4961148207112178,1.5758996405586112,0.38551161330362516,0.9572141407162154,0.36245801100448705,-1.1736390012585305,-0.8592987276012398,-1.228595897360233,-0.19010711771913752,-0.9191976113688595,-0.5772792160087606,0.590228089578923
0.8159916730577106,0.6168300935478956,-0.31579649221633155,1.7068816327247915,0.2944910040604116,-0.02245762399598459,-0.6076727140897082,1.210115310284931,0.7331656560304488,-0.08721676811324502,0.3576616890965106,0.7163312210158207
0.2160734001103822,1.7093083663553432,-0.8703419622440361,1.4187959120347602,-1.2160182955534222,-1.6205044240058661,-0.3103411770892779,0.1133606658809308,-1.0818972650498069,-0.8889171570750733,-1.032358788954857,-0.9357315838808965
-0.05944528223456291,-0.7084811249521786,0.13620813666461376,0.4768147342040209,1.2598841291118394,0.22400785796348285,-1.5974150297563197,-0.0676021146597315,1.076669832472745,-0.5056919162065547,1.289163341385838,0.9601697137820816
-0.46942181060542687,0.9888950587868404,-0.13083700532345752,-1.6507389413835332,1.5496137928489238,0.5524301534710023,0.7575156565700008,0.9583412684504508,1.9587664246990748,-0.4237846957689969,-0.30420205286889174,0.8163090079353018
-1.4697596989025887,-1.691970873156604,1.4080458634643198,0.41229305001739375,0.5076312606971868,-1.0354375161864762,1.232100951740131,0.11975178502944898,0.49434414301692897,0.5246235299592811,-1.0059335024395233,-0.5438506660624569
0.16613482472427862,0.33422004976835495,-1.3623221444777611,0.31666562374716223,-1.2500169209639842,1.6457931640117918,-0.8703942370180843,-1.5333042411563367,-1.3362236284147369,-0.5109541645379684,2.1190571078823535,-0.9750019843694354
-0.6123168021921763,-0.31377120212637166,0.9959508065124085,0.8716244807461786,0.30468815387801296,0.30150556524844546,1.3743859989121945,0.8615253807047261,0.6051396427933122,0.46516431123046365,-0.8609515814553887,-0.12218137747222435
1.182971487526026,1.0793936166621474,-1.6406245183025476,-0.7871433986586345,1.4926923599114688,0.5293096257702289,1.3059764202305177,0.8617235564129929,1.840575127064391,0.9120323010412819,-0.7723997319600133,2.2548818017211745
-0.9453315629328334,-1.2406177215274594,0.6739319923292201,-1.7089998599763487,-0.8710275595719407,-0.9070476897898282,1.7427110854198826,-1.719400931356081,-1.1333552214695413,0.9073840338083995,-1.1423523556907822,-0.9849351901886577
-1.1321020900104486,0.005033073247054994,-0.4436471820442429,0.19360623213176795,-0.4876016849322508,1.5721500838458358,-1.054967038605473,-1.4747915606282835,-0.8377664898934618,-1.3012390936018434,2.2736245099919175,-0.8417470753422679
-0.8490507470983326,-1.6000086175906958,1.3165535417347507,0.9378901022959082,-0.5156203259394039,-0.08101212124899458,-1.0004915484616843,-1.441870686167636,-0.8472264657385195,-0.2664227313439944,0.5492424193673666,-0.7466802474493555
0.4528295059537786,-1.652648874455297,1.595307920267347,1.5032662382811044,-1.1820209390229948,0.11295399637930888,-0.2226848960074672,0.7551321561803328,-0.9564321652461928,1.0283186965639954,0.2097473209016549,-0.854706081672282
-1.574804117702496,-1.5948376808798308,1.309353496512878,-0.46298145137483465,1.5985959584243559,-1.033024177593383,-0.6537523345397845,0.9475304844166499,2.0038123805589443,-0.5716298741826098,-0.49872569795906846,-0.16811554294140865
-1.21415928990875,-0.6609623008790528,1.4371593810463557,0.36505425094451865,1.5988990901598663,1.3908657528436845,-0.8732537333616428,0.598181014846783,1.7878748482811928,-0.9219818050272974,1.8787736601248053,0.16417338899006567
0.8795883646133389,0.4351928542178261,-1.6503287807025269,-0.10865904222426662,-1.2874652615096087,0.02927044755636561,0.7191195650257012,-0.1106382042485238,-1.1760702295903518,0.7349844032657809,-0.46833416115430565,-0.8694882783970225
-0.427304689024879,0.797743941445305,0.5677728879761094,-0.6093265142167741,0.5027402751080731,1.4382209824095653,-1.0869588706436895,-0.6112410137669394,0.17333716694154783,-1.253809663776499,2.1740684825382157,0.12566585484142317
0.19432867490982791,0.2287680057487288,-1.1438961437731947,-0.6285683091213528,-1.5190726682933233,-1.1264141717784901,-0.32606701757940326,0.7717270663529613,-1.2993292954260387,-0.15646678188977406,-0.6574750981682822,-1.1988772754407757
-0.6463780139606919,0.3099022839307163,0.9264399965844314,-0.20534644136488323,-0.06350342732798704,-1.2875178743582143,0.7052851413642007,-0.9797983899714064,-0.3981279096393275,-0.22213955184923884,-0.9608597080546608,-0.37842053947648807
0.19319535024526532,1.1499801593443109,0.3258151828816339,0.3333082919098282,0.6855542534366629,-0.049222700173158794,0.5535653892653664,0.07531480290407841,0.6363369889243222,-0.17134355603949922,-0.3939621370888438,0.6813708270829586
-0.15558702895901458,0.8364524423574088,-1.1836680256868173,1.6513539591128843,1.0224041185466404,-1.6209307653593563,0.7252969865450376,-1.20286330705238,0.2754711573355116,-0.15422041446182708,-1.0889534980038336,0.6982064782868586
1.6905862579998878,1.4788520455392664,-0.9872252993951591,0.5711502783940918,-0.3676556263391741,0.120874575859597,0.7622098497834959,1.3377328268994462,0.041894893393425954,0.7638898861517766,-0.4636111416970775,0.4187401865229534
0.9939283550412744,-0.09572628802779459,-1.6904855683021889,0.7356246226126636,0.2671415018696686,1.2541375926066933,-0.4032539036009049,1.2047811704692581,0.7010126409525305,0.5002878120678235,1.229718862728244,0.7927607417090589
-1.625571184192383,0.012626034127674135,0.004532937686246719,1.2400757088317103,1.448562036785913,1.04048656883062,-1.1921552813738563,-1.4557909118324917,0.41919980913256155,-1.7040398983781624,1.8704361171121744,-0.2739446023482948
0.954447966797976,-0.010194620364426397,0.37250325835691944,-1.0181020528945832,0.722862779392122,-1.01426571647939,-1.2659424734676221,1.6746031507039794,1.4224197682337474,-0.01645967704700556,-0.31359363381691435,1.2459603455816186
0.3005067091283684,-1.7377170829401378,-0.41123151773927297,1.654735230454476,0.2409339620451156,-1.0954083553305978,-0.14890883450820247,-1.2507523977683987,-0.2819800742647225,1.008716436105669,-0.6775783064474893,0.3641849219689486
-1.5796271356435307,-1.7096402744326125,-0.7250311888498061,-1.0317863754982068,-1.0994192726277559,0.8559689835526862,-1.0210707051110943,-1.2020909204797596,-1.1874503684663307,-0.7065688445050364,1.5086673931754475,-1.266178133950078
0.6581576748380792,-0.23568450084371442,-1.483640327262493,-0.3501315762506662,1.253250959710095,-1.0357011013223172,1.2298487170341428,0.12118553937977432,1.176610333343569,1.1945712056900977,-1.0053802703362873,1.5532479296705706
1.6847861535524395,1.4470027638048197,-0.6051830204666021,-0.5584944012105256,-0.583273458450594,-0.02337053198445066,-0.6515907487622102,-0.3110222179943292,-0.6098441349771409,0.04388957107705858,0.3848470771392494,0.15117134395322246
-0.5862112352798409,0.11923096236223232,0.6019742263167372,-1.5597930605200812,-0.2677122765520396,0.9944692746031468,-1.6517019777017943,-1.1601072598983289,-0.6011691690368132,-1.305913196254319,2.284299689127129,-0.4822501396884968
-0.7177442811847703,-0.61408214438096,-1.3796552020240784,-0.16063091965781875,-0.48883582072905624,0.7174887377980161,0.41955302889250534,-0.840263690770655,-0.6705599562076848,0.053639608856670296,0.06206867971674061,-0.6791566869459283
1.7067461356668454,-0.3667675874316844,-0.32976076621461126,1.4572585717205917,1.5831022010782558,1.2298162092161795,-1.4993925668775485,1.059903267856273,2.056736166805262,0.5442783937589647,2.409618111363337,2.8349127089671415
-0.09249308364068112,1.2496829200855577,-0.3533461986524242,-1.228843058041922,-0.4545302109446038,-0.15967863606695717,-1.4116400902859079,-0.4425656711752967,-0.5371831889129031,-1.4300340693123417,0.7117597757694663,-0.40606232532943476
0.9340660640388457,-1.6703792698493691,-0.07987666135394361,-0.7610669976836077,1.2676322842756025,0.9072193475153273,1.3308657259851395,0.01640099424411847,1.1307832774361204,2.161878326562307,-0.7355162042522934,1.7982472360908044
-0.10973865066678813,0.9198322754988162,-0.4722766856333329,0.7658695703020857,-0.21774451468670386,-1.1024560654666073,0.7809179046297017,-0.5246424271278026,-0.3688721203267862,-0.13746743788264346,-0.9087730510848,-0.22915294764082988
0.5321840607106949,-0.020574719495837557,1.4014595973609627,-1.2402843447224923,-1.0718398411774681,-0.590298022661957,-1.4392968802310382,-1.0599073842714797,-1.144850969593221,-0.38152094894315003,0.22721907278726416,-0.7339263945064535
0.8261198503119122,-0.4846123790423652,-0.02956606154267802,1.6381736596998753,1.504252279743871,1.0124898572036907,0.3392289643440896,1.1144406167612946,2.004976042427479,0.9717467478571276,0.2866748791266152,1.947485596406244
1.6311358866621215,-0.23622117217603325,1.496719429683969,0.79890134030325,-0.4377472564625709,0.6160134929691732,-0.32048923817557956,0.1910423037476729,-0.3501959138397102,1.0381726850788202,0.6566913418178697,0.30827204843677003
-1.3645998062733602,-1.7167723794133094,0.5497336545872546,-1.4969956383373668,1.2178993634111535,1.55268020357724,0.07745766971023442,1.662715429331645,1.9988808244039753,0.009001786641296042,0.8817054247643213,-0.1495066890416012
0.4001311543908004,-0.677383384793897,0.33332108416757483,-1.2970314837394161,0.22387343086042935,0.9278630800711146,-0.18769803058817403,-0.9907326657363065,-0.19331471535448555,0.5140654763019828,0.7614966557732139,0.4063432045066287
1.5900585720160922,0.9013798399967112,-1.4355886656014736,0.5126059571150063,-0.2918650516439459,1.6870299783597023,0.5716234444507979,0.4209786440124511,-0.1465370963238815,0.8928685392628395,0.340717353369985,0.46743661704815176
0.8140076325262394,-1.220360824187509,1.251315587990159,-0.27370559017543244,1.6165163012151258,-0.25107749656134243,0.19165665668737997,0.08217518240828445,1.4844417092422049,1.2624687249169417,-0.28158143839319233,2.0499691117697316
1.6005263132873195,-0.19503277747922063,0.35786767912663975,0.7501836433164145,0.8932252508028861,-0.8086159981183817,0.2618867527524667,1.1033805111161907,1.3378695310346933,1.298517898332696,-0.6230033023314716,1.9039626319076688
-1.4554158085114737,0.8651711885389707,1.5681753176627524,-1.0843889140650311,1.4504583129941964,0.0727965395556995,-1.374402063402114,0.8358212741192811,1.78127589273059,-2.12017748038648,0.9547458292770449,-0.12285625999336351
-1.2849635110023365,-0.2886720004064922,-0.6703395450174974,-0.729339287005181,-1.457797289956962,1.1593669102981166,0.6562133513360804,-0.24682414972698938,-1.338752365442332,-0.3665765537199812,0.02364368836068068,-1.367451349631312
0.8738203546697093,-1.364478558747948,-1.0429208697287309,0.8997191029813904,1.592426779806523,0.655656728335518,0.8669108894952289,0.4753728731519126,1.7055471813831042,1.7255063206042185,-0.36360330910745436,2.080638333425193
-1.651875107485053,0.05025744415211986,-1.49864365954617,1.319175767937324,-0.8012096754390955,-1.2871165846033492,-0.5609855448294246,-0.7841132755829024,-0.8932785644641181,-1.413743465794868,-0.7377671984386557,-1.1680641427657061
0.8245287458016615,-0.8971399454782303,-0.6650411289462564,-1.546323945592908,-1.3815832140579514,-0.5614568399998475,0.8536406612335371,-0.24100567267544895,-1.273177829898231,1.4475498635961348,-0.7496576115927059,-0.9753546347335706
-0.3149638160390735,-0.09065026227317491,0.5017276019448031,0.18166864138484293,1.5321966697813851,1.716834135628008,-0.9839180466366944,0.9194303341706643,1.9167229821282132,-0.6727301313407693,2.3312722803844967,0.9440268349284161
-1.021873204440973,1.1745551633275617,-0.48833820203801337,-1.5476553532315136,-1.630639171306918,1.0777032117744256,-0.7275261823537124,0.6608079283354183,-1.4215157605495576,-1.654810559962041,1.4279062475492417,-1.422571938446512
1.3249959924279124,1.2350349629037667,-1.677150740852573,1.2073929106902024,-1.2333795272376828,-0.9811442335914818,0.2998051272751287,1.3801296723937397,-0.9223939009986065,0.4057941575983701,-0.7275251648826409,-0.7222488406215241
0.37093429934871114,1.524834248067591,-0.6554454317716212,-1.4581589141979567,0.14076511516956408,0.31967157763329707,-1.1609690704704874,-0.6370327733619792,-0.12217636993344265,-1.1325992251055992,1.0733748272249082,0.3149725668148443
-0.900717712162279,1.229284052031408,1.373319124421524,1.7065041726656205,-0.4744351062416059,-0.40329327747926313,-1.4700496093134447,1.3990119464321673,-0.06139127750810582,-1.9868737433526806,0.4600176220854498,-0.7429307390068697
0.050239141290066944,1.3732676906495263,1.0596817896367707,0.5994124666166724,-0.04845196724347363,0.9338896969749308,-0.20435728631687408,-0.7687184197861102,-0.3155197961918637,-0.7728212550901224,0.782179572307969,-0.01689762578935731
0.16043158859030118,0.792045265971975,1.331266937965749,1.490890994691372,-0.8981042229400038,-1.0533616079047183,0.4553288396090453,0.5458956538807659,-0.7072016106754536,-0.06146199660791937,-0.8063502610903397,-0.6789055994323931
1.5895709903488906,-1.3643998931231704,1.0190085621441027,0.051622546799097634,-0.6275852585691271,-1.3363176154488015,0.3396991379804231,-0.8433472215893791,-0.7755117795104264,1.927900515800656,-0.9216426890620523,0.0625159273768981
0.05994769803486801,-1.5542486689648793,1.5753646350689179,0.039727920653175895,-1.1711834075638194,-0.3645620594617211,-0.15317620239994476,-0.4688576553672584,-1.1277068216678812,0.7531133072329045,-0.16935214111473607,-0.9318383338052406
1.6649699728093021,-1.1863230254333355,1.5065100696326392,1.2320700690997735,-1.3239512226858443,0.531900784356184,1.0950190347753355,-1.4609621760943896,-1.3741552984504972,2.278457558898133,-0.5949137697173172,-0.7631352399447306
-0.7077486337076985,0.7420185028573211,-0.5697313145079356,-1.0513024508818327,-0.5360280832865114,1.5111036704960723,-0.03490485278303671,-1.0304322282194713,-0.7548308341380289,-0.866723885147089,0.9907805526328676,-0.7047363425916344
-0.020181542931138573,0.23405491704038991,0.6098241772473486,-1.3934945853736898,1.3488043091016122,0.6467979221661185,-0.7517147011282456,1.5141618928263674,2.067141383485503,-0.5221813764584552,1.0599470984648403,1.0640249067175824
0.14541642150454862,-1.6165129345515359,-1.009903915939107,0.7531342709056459,0.12196533889408716,0.35090194447697515,0.8742471093458974,-0.9780324518551413,-0.26257208365536044,1.3738869024663634,-0.46740565861804534,0.17447722322450254
1.2807206717919084,0.14601115460966332,-0.26572233320599353,-1.396990568043676,1.1926077547439693,-0.8906389641718933,-0.8506657646132145,1.6392732630466917,1.9562483330223204,0.3357796829510935,-0.3107900505834328,2.003944143209415
1.5791531159816992,-1.4033831468094278,-0.38192625884140163,-0.24295519101183322,1.0865109208593324,0.8007036938733875,-1.2554067061180985,1.3657883931821533,1.6864077378184945,1.1145490189028127,1.6724838555267545,2.120578986550779
-0.12623236250969552,1.250492268775723,1.377099045803022,1.1919656136714842,-0.055651009752014605,-0.39015192188896003,1.1894990749031311,-1.6377932566511606,-0.6149967824851761,-0.10539867404745935,-0.8626499912401342,-0.11159669001699017
-0.7051664614988769,0.3105119984390634,0.6504727539947727,-1.135194666377359,-1.1107003161463742,0.21005446904327504,-0.6348293327972331,-0.05810217168424648,-1.013059641129743,-0.9557272238148529,0.5771557750814198,-1.0635641478180742
1.503045409123312,0.18658292180208208,-0.8653905023382109,-0.44428103143326425,0.16294127493225774,-1.3926134946512063,-0.1622165187456145,0.11020665095570692,0.17573016080205797,0.8194380314783991,-0.8815326611227827,0.967156926546612
-0.6967732484063011,-0.9658190261034466,-1.366578604482027,1.1851158007368174,0.49471617516821814,-0.725915773017811,1.3486948902140468,-0.6349919839775559,0.15674643485720702,0.7282731631507278,-0.9918734270355282,-0.05298887388922116
-0.4949323242630331,0.8288042664975814,1.0222775070343268,1.5252923826645268,-1.490681845373446,-1.124038115968929,-1.5077488247311701,0.8651104640252536,-1.2613910896891325,-1.532562843475557,-0.37736080156501106,-1.271836413152075
-0.2534088052543724,-0.024084033887300963,1.1084469741009517,-0.8162431184003955,-1.0854734007009261,0.6599278411575117,0.518547898025081,1.3189751556025626,-0.7655816859950909,0.11254005676456823,-0.05356764810141946,-0.9378564423611769
0.25977574052662855,1.6936917548138892,1.6473912790282599,1.0796154769277664,1.051287679894872,-1.5194958150143743,-0.18467573462860912,1.2976295778851143,1.61090907426714,-0.786818864566825,-0.9679508177870918,1.0454345456264649
1.0828851268766684,-1.2551210736126166,0.5778104952555317,0.7326265884261651,-0.8617331824557816,-1.4543199267724547,-1.5648991380073776,-0.5090735791986117,-0.883894199365925,0.5488918769908283,-0.7631216757160496,-0.3716435160569145
-1.6487953011552996,1.5823581707960253,-0.9174894639468232,0.8397176703839121,1.2263238879390739,-1.691655348397624,-1.6414796230902573,0.4039878647112399,1.3091770617134562,-2.7527628051049184,-1.0478095955007332,-0.380654917534924
0.7256679033427746,-1.424066817331746,1.224280742934294,0.5988308105998182,0.37921331511446155,-0.12216203954655509,1.0584903504975485,0.8242919917533567,0.6672902922335727,1.7567061414841532,-0.7291659036631498,0.7465383987745019
-0.21053906870912162,-1.6062868143230435,-1.4437158722398757,-0.571348179607389,1.0532181175065496,0.6079853122381786,1.0648064458444904,1.0554669848980482,1.4855769481653487,1.2308899789995067,-0.5505465491429788,0.6787334498758618
-1.241362332255253,-0.4728963239261407,0.6841656764094618,-0.9947008546609737,-0.5102140757373695,1.6408738270484418,0.925111177332572,0.23606979741999914,-0.405545611592444,-0.10436066043647717,-0.11875538023569554,-0.8959194934249829
-0.162896189006886,-1.4310615506608149,1.2811115038786969,1.305679378530091,0.0683018274582235,-1.368408226765816,0.33338644654600136,0.822937912873594,0.34547460987973466,0.7942862892008624,-0.9372205349300285,-0.03547000293921625
-1.331368398807788,0.5029008384263368,1.5481568140521862,-0.7539507412008342,1.0771361335006941,-0.8734000821131697,-1.2854467273495986,0.5974337369281558,1.2682519923704028,-1.8069287527081899,-0.1523049662821586,-0.1879762921125749
-1.2978437538341774,-1.3705202382472694,1.2387899494790284,-0.4070832189190931,1.0734120013963,0.9773908171309248,-0.7740481330556708,-0.2085370241145107,0.8374953157258647,-0.5643310458334652,1.3838903893312444,-0.1632897368049729
1.4140710422985823,1.0655165980012482,1.6600706724240628,-0.7367146114258253,-0.8159993892943839,-1.4649491162648802,0.42733291181580263,-0.7861169093467222,-0.9049465807465218,0.617489460994016,-0.9975357921761966,-0.2192530185870887
-1.3977643843241199,-1.4937311673461044,1.1179291280465893,-1.7444058562814477,-0.7086006739929144,-0.5003625345673227,0.7564377945945023,0.5919109065299596,-0.5098333999704426,0.2249521003939562,-0.6846907303476165,-1.04621116269634
-0.28154775038040725,-0.1025565361420592,1.345078565570343,1.333085789459121,-1.5136745214661242,-0.6608859025686802,-1.0718059069383508,1.3916409760937776,-1.23747189786691,-0.6899849615557934,-0.0034862970598908065,-1.2586054525704478
1.0316111043669232,-1.6036158763760542,0.18694412738804714,-1.3538080701463637,0.5589823114634902,0.7101456525239614,0.9649570480633718,-1.062481909579528,0.01805931365134773,2.0030882257623954,-0.4347255554292331,1.125494536833363
1.1493767472776353,1.2972224937537018,-1.6252411135452067,-1.074897654144707,1.6061644516915687,-1.2336679931836938,-0.002536377833458572,1.4889121210228646,2.3475906622407643,0.10077677233295154,-0.8019325976667641,2.3490182425027606
-0.5441942383231851,1.4118182467090412,-0.19397260700786081,-0.8599086889153043,-0.9229280700046995,-0.30392869023962116,0.8806093664865208,0.4917640117191971,-0.7420293318191316,-0.6253792788609007,-0.679905872675352,-0.9002254648882594
1.5040573807430235,-0.48550205908411564,0.6037260944421681,-1.2754273913204641,1.2056023395274595,1.4178738631993826,0.4827216950227096,-1.1894586732672061,0.40919379270370027,1.4969558514904637,0.3284100972701133,2.202119353480462
0.8899037648859245,-0.82948799882004,-0.22943093711989473,-0.8096262344855808,-0.7480620631256786,-1.4262860366380834,1.3824218248730507,1.0884984626672833,-0.439425814366096,1.7304077876211992,-1.0985746047273688,-0.31254841105768505
1.5155250627905192,-1.2867099018589045,-1.5685190110617278,0.8671772566914528,0.4006248584683099,1.0960946327057501,-0.8815112246145641,-1.6375370614993985,-0.3339518302097891,1.2064622017306297,1.6054467668709114,1.2562063695903205
0.8498432815824601,-0.7410386139851379,-0.040974047888081046,-0.07553101273475056,-0.5278629600251086,0.7617919487250937,1.0569590794811285,0.6455565321827895,-0.3163184308473937,1.4900852636164192,-0.5048761964430772,-0.1013866530794986
0.06344098390507731,1.2478631207187967,1.061451356698599,0.4576378172280359,0.917638930542706,0.10669085680569075,1.3964431720371553,0.08130706072418342,0.849718553068031,0.12916417005602876,-0.9027245774175962,0.7821333289904974
-1.6682079229260878,0.8884945627615735,0.39141269637926485,1.0573967032020233,-0.13697243229929876,-0.3308306900512935,-1.3449691686003178,-1.5143617929863675,-0.6250180484673156,-2.2582040123175227,0.47946179845512055,-0.9188215819146381
-1.2167622877746125,1.469563985026946,0.2249441836820215,0.40958425757254024,-0.21197495413798387,-1.6785236088370257,0.1566861659188136,-1.39757044786549,-0.6363604891759168,-1.4766958711487572,-1.0915160634996124,-0.7381495947916872
-1.5189434766801337,0.5864596469299697,0.38792022781143715,-0.6299106731045858,1.383687140566241,-1.1969335420327474,0.0774425314595793,1.488467139632072,2.0923090727972484,-1.268151295653178,-0.795169380747074,-0.20707468258113398
-0.7908915811804059,1.6592039606203561,-1.352758312996123,0.37833966391609103,-0.6277322009371175,-0.9727640974499087,1.727321351701377,0.4122973607604599,-0.47276610454226753,-0.476825516175237,-1.1380523322403644,-0.791931711397422
-1.4639732331256083,-0.6023530799903951,1.1736997404699372,-1.2027619618767358,0.878728020825123,-1.4059869482720706,1.3869488604012148,0.40017775816549395,0.9728321265947797,0.05300186694079514,-1.096454989751911,-0.3788581856563779
-0.49575439973593416,0.659132767084135,-1.7039382547283863,1.210594047984934,-0.7809109857160378,-0.1636015963710397,-0.0008657288679603483,0.854454734047579,-0.5252150210074876,-0.6659716084741623,-0.11910821442843306,-0.7900237266617236
1.0083987112316848,0.6227292216470294,-1.3090379567710986,0.1906986137064735,-0.08634240803444958,0.3887740615109018,-0.29839597523260286,-0.6843100262502435,-0.31632417503701704,0.19782434067777785,0.4677422052322118,0.4269717172611044
0.35570962959525854,1.641389126078368,1.1526113022525308,0.27981464421523244,0.08492346167179983,-1.6235575557926765,1.434016701265947,0.4079783770444327,0.2123822644168892,0.14212189990420215,-1.127766460884688,0.2566345389089987
-0.06088283450973898,0.1984967331502621,-0.6036730420749314,0.416789929004471,-1.091787893050061,1.0472393248651752,-0.06507704065031594,-0.9154458322651695,-1.1356215930736773,-0.175391458094683,0.719877775696738,-0.895995665044742
1.3845801791762646,1.3029275204068924,-0.16878613212084928,-0.04883166117607537,1.641289065915593,1.093026485759426,1.4088535465545537,-0.9559905943371944,0.8568034884011948,0.9852769906741703,-0.788537706105051,2.6066039315227303
-1.322217549843281,-0.2248261803594545,-1.1086941706575537,-0.0648994766890336,-0.4870185759404415,-0.6870575071561567,0.0076756015258606595,-1.2225840165137085,-0.7705379141443264,-0.7598492807888184,-0.4566652680573005,-0.9164252081072416
1.610341976951632,1.3010324513546216,-0.987075332903225,0.49494108370180073,-1.2298031620477117,1.3159486557515407,-0.4278400909996992,1.1346141399668213,-0.9524947538448287,0.18477981409449254,1.3059150152579788,-0.6591496809845659
-0.13061551538394747,1.000736966761415,-0.5305802694531885,-1.386838470896819,-1.0913928495026692,0.8804958558493217,-0.780868307542315,0.5653011170407717,-0.8946819427120557,-1.001647666096002,1.3013042566710893,-0.9125458014921547
-1.0197098441037034,0.6248795839916371,1.0382575937850052,1.4256106327855447,0.6544449089083662,0.1522665224873382,-1.1832937433263688,-0.6442160349040176,0.2780430006789442,-1.6091510384556973,0.9113321845810365,-0.17307198287834233
0.9069491988852579,1.4027741145638226,-1.5498166608188866,-1.0504091697541909,0.3828872987228571,1.3572831692015426,0.8291910501930764,1.3698345657893587,0.8962249355502757,0.3167373225666891,-0.09467202810264524,0.8614766841878565
-0.4326693637212109,-0.39232065367221197,-1.1444484790985907,0.165450096116961,0.5616599232266264,0.26818121279379875,-0.5985148713534261,0.813597799316644,0.8511123603269091,-0.3974384138888734,0.6007137572520612,0.163153881777395
1.7417755161552546,-0.28869466318288417,-1.1156545092290369,-0.01620204470548484,-0.6132175258541022,1.7051459300407898,-0.75502734725625,-0.5596238587939422,-0.6955967558709317,0.9133388951694518,2.029579491330279,0.13501496999615076
1.168985612666583,-0.22466344084493214,-1.1006649728917517,-0.5390239934220268,-1.5790026210876755,0.0741270260101444,-1.3915951461155276,-1.1548585120815373,-1.5144289331551595,0.17036209003089506,0.967822654781301,-1.1343219122391213
-0.06799224540486684,-0.8725892313483942,-1.0257554376208426,-0.17764339570634738,-1.522312462117815,-0.46369435444751445,-1.5517765493167526,0.589654139515921,-1.318925355697597,-0.40403684844387466,0.42802572060451943,-1.236532749250198
0.8857220928287318,1.6509090303379246,0.40329769486640793,1.6785087357529336,-0.43905621260268973,-0.913654001519334,-0.4109064996435452,-1.1882805976060313,-0.7282551679872359,-0.46631552035852614,-0.46992522902182754,0.0036673605785277467
-0.562772653245761,-0.7475654514380046,-0.9801841677349484,-0.8976870902904651,-0.595411106298048,1.3002258121075387,-0.5760053901468615,-0.40216722027585095,-0.6425338287285224,-0.2910512781636845,1.4593017733069988,-0.6886683816130208
1.5916450789790448,-1.6763314807996244,-1.0191737698170908,1.5094210650456152,-1.4224516327771455,-0.048119746063977634,-0.7018236379659761,1.4695795645084164,-1.126122089985164,1.5488183908819013,0.3947128235102468,-0.895352303303671
-1.0058633140770898,1.6664515586197042,1.053052732638323,0.8966349803055741,1.550144493621382,0.211037954361712,-0.3285286969238059,-1.5362744711007363,0.4357277099343922,-1.6883381364620562,0.3567554749730469,0.32919588278976325
1.0880583699539663,1.3135525099080712,-1.6998095768148196,-1.4325232619130526,1.7149239816817932,-0.16082868260554548,0.5206843200153786,1.1576985142602918,2.260708576507239,0.32275214847162176,-0.4233574338171863,2.409766109660577
0.4202759111571214,-0.933827997538071,-1.1109148946899798,-1.4798081392528009,-1.24577770613883,0.3653345157490179,0.3820226576991196,-1.5454481878316322,-1.3351937645205176,0.9533625715777029,-0.07954603121686694,-0.9198684153436955
1.3638846342216058,0.33070012885066097,-0.9373099673324033,-1.0097146459460766,-1.5072607552167512,1.4225691022974607,1.503887177730879,-1.2118705137622234,-1.4696191344567795,1.5165722418810998,-0.8581801997623449,-1.028792375209908
1.1964361469687759,-1.2090717943533604,-1.0663583284675013,1.6641863737227625,-1.3023555922941252,1.7342130408074339,0.4319369404678538,-0.7655057929633159,-1.2720820983819483,1.63526932674264,0.5394759844469128,-0.8250297605546574
0.2713268213333905,0.4411867088312254,0.4540216164984705,-0.07060294284551577,-0.6565745305856813,-1.4979727472222226,0.11915645557239167,0.18612997407823428,-0.5540021403627199,0.017000319369983925,-0.9828995612994891,-0.43590564696043155
0.9040176397434369,-0.786365116173543,0.07836631286049767,1.2812167088075885,0.46214022326203935,0.4553068650427042,0.11672181320744188,-1.1658163725323845,-0.09505672376910496,1.0621244683857984,0.18060227885757138,0.9414971305308564
-0.7447124422848471,0.7551339103963952,1.0661266277422037,1.2658536237672544,-1.0799754475151442,0.8292124436537721,1.373318725095856,0.526999767073168,-0.8896826098591835,-0.168471115814772,-0.7876721430085687,-1.054003095837892
0.2782615319240128,0.6172088042651259,0.7537404014205978,-0.12243952458825855,-1.6657351555570699,-1.540747467846649,0.6932993860232616,1.1658347235584368,-1.42395756039943,0.229262700643423,-1.0563202920259513,-1.31588792641481
0.24332272406804453,0.7289268296363233,1.4782831164141903,0.6196924466619033,0.03488588035285086,0.9605032276967298,-1.0874709733848267,-1.1042809838525003,-0.37058331276898687,-0.7734144895125019,1.6804019276256261,0.15276915236552283
1.2750084134245534,-0.09103793733863177,0.9204046726761401,0.23972356091080904,1.4729406102139426,-0.1775995477400002,1.523820791561182,-0.5140433016077435,0.9978028161153357,1.682926439446936,-1.013330655165035,2.314941206997588
-0.5314645738817734,-0.029955371857709082,1.1131463268337876,1.4083693534869317,-0.5580869771008417,-0.7254029336085374,1.6685723769591927,0.6848132544041363,-0.33670600462461325,0.5265395154676643,-1.1136344400377303,-0.6521711824087452
-0.857117307836764,0.8772893501826255,-0.9100840987586412,-1.6274865715091187,1.3595576053615033,1.1903982616048014,0.8450149109832499,0.05390084020485233,1.2348772072488414,-0.5791261335182852,-0.16778441530536006,0.35234604517937873
0.3245639513853491,-0.8557275870389901,0.32863032015830307,-0.015300788974817047,0.8297311066163704,-0.72086046010472,-1.6280248802659756,0.056012205775745824,0.7575914665185788,-0.191320206265056,0.1475801623433759,0.8998277919069496
-0.5420612754641625,0.16070188465492866,-0.9372220288694015,-1.392635294373757,-0.8692427531264334,1.0668950121290943,1.7294025700443125,-0.032820261315514146,-0.7946036421235716,0.4537797068302293,-1.123372663903369,-0.8637947405655702
-0.7043073241580899,-0.16929212234730032,-0.8237789712928375,-1.3358096883374022,1.2698115068316174,-0.6986907054360537,-1.4003019525195615,-0.6030459154695558,0.7838729700703887,-1.107003268002035,0.08593369266221317,0.4276437688718909
-1.6658989591563231,-1.06647036190018,-0.4158817913639461,-0.7884872057890198,-1.0336936332001663,-1.221284372130611,-0.5053211566142043,-0.3745835831702979,-0.9995355892316606,-0.8247178023602538,-0.6934294217814286,-1.2616544872928555
1.645852158374409,0.9785160762687354,1.0941968395534913,0.6017887830484445,1.2953417571885204,-0.43080012303671444,1.5275530363326892,0.03821712189690034,1.1680035812349776,1.3857988810826816,-1.0360313324961112,2.4280915151264435
0.9298549965967708,-0.8405223139033181,-1.6405522014800678,1.402646544253585,0.42938972197951125,-0.09574245593994404,0.5647395428539798,0.4325050208412724,0.5543715653699202,1.33899584531858,-0.4210780768358053,0.9238536616554254
1.4477662462508027,1.2989051864404593,-0.9110041344812873,1.0228771154328373,0.3463885170509594,-0.24737172649501582,-0.41347794057750675,0.9937526040685472,0.7022500519323007,0.08528927971190943,0.056490699521897676,1.1508584024736452
1.6445177629012862,-0.05541181636869669,-1.5754904730193402,-0.8610274954943811,-0.5660501110176372,0.9754684642071375,-0.5583009830328542,-0.8779881611641921,-0.7380457140548763,0.8316614033831943,1.1661388775162556,0.15726968368307495
-0.5774486118066601,-1.6094278529007349,-0.7859053529965025,1.521939175532618,-1.637598250869079,1.021627006671171,1.6814775053796012,-0.7453619240186802,-1.5267127036180852,1.3081702122961056,-1.0749279575856985,-1.3801956363641055
0.27962402544033893,-1.163357370556014,-0.18588112572686272,-0.9277280385225668,0.7940058093992183,0.9610053157788173,-0.4362301369406307,0.6100675846188054,0.9926291622290053,0.5530901042603387,1.0324054009749715,0.8359128791800156
0.5220789579646388,-0.8602756079190514,0.7102972118740511,0.9462444048813734,-0.16537390989771128,1.2407842865788776,0.09627243191676178,-0.3440239085863738,-0.26899914896636845,0.8354636217748485,0.6708372499388964,0.11200309036742631
1.6374056755804203,0.6919616564040882,-0.6788481166122038,1.2545292300603341,0.02754040854207491,-1.589649876884821,0.7816368795297265,0.5256360665676771,0.19859131794841586,1.1399177584555855,-1.0809700048242261,0.8773375724216536
-0.316219328146434,-1.6923119696671143,-1.5939033030100394,-0.5823622931869727,1.6448386111093727,-1.1691074174174505,1.4455201964789595,0.36242901186918863,1.6858161298933543,1.4017675753420609,-1.077932603713481,1.0244803814064676
0.6208360710454554,0.08464446460070868,-1.5761148600392576,-1.365236601070163,-0.07203847119491462,1.05825752990792,-1.424115842551066,0.13794462153420098,-0.029344309255324105,-0.36841583611992545,2.128716838052881,0.24865817603986895
-1.0241101147197655,1.6861981624114937,-0.49689251289168573,-1.0237042357222694,0.3099427058347689,-0.27323321293885483,1.0625323150835821,0.6278494816943805,0.5170611801602263,-0.9899222464975123,-0.7694622455664297,-0.36403456083644603
-0.11261909085726657,1.4240560754392693,-0.579433925355896,-1.5000234923270774,-1.1109543138138094,-0.015697894878057356,0.43640563838227764,0.2682965405193194,-0.9613218910509361,-0.5749918061418292,-0.3043932510428792,-0.9233684518911711
-1.3620794650933774,0.9040532035486513,0.12539606847545437,0.3780939144914287,0.8793117111098263,-0.27647533049900846,-1.134195225711885,-0.891241396002475,0.3316576975436234,-1.9535597470649517,0.4260202538345483,-0.303268776823249
0.8220370850067545,-1.5105789429718437,-1.4919367938652996,-0.03937899983015794,0.36442222344217745,0.1209663911367754,0.6552231019589523,-1.5398853885224184,-0.31625064672077446,1.655949237446248,-0.38981029596555533,0.7906576740204004
0.24895358828384948,0.8328839937354127,0.569420654869757,-1.1019711820969134,-1.110350757647059,-1.5948306772070535,-0.4263698425100762,0.35428924042276816,-0.9470563277406095,-0.4802199691300104,-1.0056619446051003,-0.8372006416451386
-0.7149821443035428,-0.473332835147152,-0.6371515378329885,0.7393824779543995,0.5850370051171054,0.3505610515102382,-0.27956051428759143,-0.40032298474550587,0.33262233974643196,-0.37846519889355495,0.42463647487885386,-0.008355725177210718
-1.2042893587483932,1.0095900207818884,0.5861320294448147,-1.6136763597469108,0.4389519364409786,-1.4993199130515154,-0.7668310841450038,-0.21389061185023905,0.2907108279143184,-1.712240305435689,-0.8962695205959988,-0.40683207217918094
-0.6616392637202856,-1.6291845303116472,0.45186019635556235,-0.2645287668178353,1.6730726980263044,-0.40338582993231314,-0.7910263498190044,-0.1316868865298646,1.4006926921840923,-0.018518383488178775,0.12154901374207845,0.7203191854362497
-0.5886186807597642,-0.08619997320589479,-0.2469042937620984,0.8958616033041212,0.5293108236704576,0.8970386056329019,1.3984550441809962,1.167680742679676,0.9726606285752539,0.377321334982908,-0.8028019982531389,0.039152415260751715
1.325508719748087,-0.182221545522409,0.3093695197143343,1.0579323912015361,-0.7340700232155412,-0.03893740996437275,-1.1944444826073626,-0.5454108852524446,-0.788946736327346,0.3548413479625403,0.7138625364861129,-0.1535233891189423
0.45316066446805614,0.9386104130596735,0.1681454152943891,-0.9879471908809738,0.43252589776749323,-1.7220782367469065,0.42856038080878944,-1.6426058927770006,-0.3164428449225368,0.044415424095117076,-1.1215656665668696,0.6284369376988105
-1.241729278561949,0.674901453599839,0.2080399917201311,0.6682315552930455,1.5594841841292204,1.4515183795476858,1.4833036978157699,0.7849280905470103,1.863004246532748,-0.40079715130375165,-0.8314037685092414,0.11944148720712788
-0.40847402261078186,0.15256590702552694,-0.2750098812204987,0.5577198813650918,-0.49061764964419435,1.506078407527333,-1.640825199300543,-0.27132612308965703,-0.5214356647285824,-1.19919012919716,2.9058967518564818,-0.5585733925600109
0.8353966584935557,1.4820088020580262,1.549191790968189,-1.0081177537214239,0.447572826909543,0.6556612795905821,1.4770716792890828,1.0378913386296655,0.8284342306317053,0.5644104868366654,-0.9032739245246894,0.8832023233356965
0.2806753382362157,-1.4597002085285533,-0.9855399900844518,1.0334658745554235,-0.08071036773084274,-1.0652637041667692,0.04775265583742512,1.0530428961554106,0.26836307478257143,0.9556340657792799,-0.7072395495448687,0.07127364355123128
-1.6640815704360838,0.08810081789809797,-1.444024862489239,0.889748024273596,-1.047903361782806,0.9515103868933609,1.1250157477208511,1.1414981582982748,-0.753752015517836,-0.5677558317855205,-0.5244718208218528,-1.2666453808809803
0.7018914970716986,0.09294753732846349,1.6139768891434843,-1.1028158761227849,0.5589998716276442,-0.2659290198840767,0.6089680336065092,1.3899101486081789,1.1034264299098338,0.7343986814775347,-0.5188848313877841,0.9083975578198842
0.5190223723096062,-0.8702178589397787,-0.6608092632809064,-1.0966443063186921,1.2497023124453752,0.2655494100953251,-1.5604764584274964,-0.5779475232550338,0.782009887425781,-0.01974018565717276,1.3124516430093316,1.4339229986230357
0.575495617626539,0.7161249667315549,-0.5135439655227226,-1.7198262803875095,1.3561359510381064,1.319301077261725,0.9189983073480656,-0.9344817023616622,0.6606669906514364,0.4932185477139726,-0.20858914180816943,1.5820117033095016
0.8281259283430152,1.4705224638903411,-1.2491651272456339,-0.6073346324440139,0.7580698974535792,-1.0910621281683393,-0.3893642461392218,0.9742167849147183,1.1302577791790782,-0.40142963489773054,-0.6150443813442315,1.193226140838958
-1.3888976243237807,-1.0359584589891624,-1.0313303485655965,1.6994048506511896,0.30809420728650294,0.8323409399932236,1.029910744771946,1.503632788514102,0.8655205143445699,0.13905567503513847,-0.4613827503639337,-0.5821422815496986
-0.3525358772177339,-1.0285360879240237,-0.9304348259398908,0.2689218332527079,-1.3634580909066214,-1.3879429176046723,-0.9967896772430623,1.703976392557955,-1.0314197253685295,-0.22605912679303905,-0.7620244832306315,-1.1607749921742143
-1.3410251599867702,-0.7357662111439494,-1.3845354768187714,1.6159707921942255,-1.1901552786098477,-0.9790753509609291,-0.6215155589055809,0.9352597029417519,-0.9384883569550295,-0.8377155751725958,-0.4607367714656349,-1.2512115731003688
-1.4070670243819086,-0.9931553109716917,1.228081369125267,-0.5081491034023967,-1.0396730579833289,-0.8350946727498871,1.336766041963404,1.4446970650795166,-0.6928667212174316,0.2641150504810905,-1.0037815781633443,-1.1979812009928452
-0.8726625945639604,-1.4238774642753356,-0.9910052172960008,0.16281770478213295,-1.4923469412413173,-0.3746294408568029,0.883383366488597,0.4565166275227321,-1.301727818035467,0.6039675403274957,-0.7037292490822026,-1.3260668410725296
-1.0706361346685687,1.5223453725275473,-0.3622115908463277,-1.5265797068372435,0.6577955901979194,1.1689652855515669,-1.4093525654080887,-0.00020331746236837086,0.5764880791330834,-2.217779849720071,2.241028285568975,-0.20604464996215735
-0.986773111320122,-0.762869384160968,0.39411618923999997,-1.4877449980369875,1.3378033921289898,0.8282609173724774,0.15752575975091898,1.1945471897084894,1.870794027313881,-0.18496258976910712,0.3640539985342587,0.2286894855737881
-0.5578779023097837,0.5350681117026873,-1.4772552235477558,-0.9167390334190078,-0.279342370677702,0.04616055079397668,-0.5647942750395659,0.22144211537306868,-0.1943752877614893,-0.9361072947601375,0.38825650365169023,-0.47722118332240904
1.3122525594072139,-1.2537553105785837,0.7107653744785183,1.2953673475893528,-0.1896625558748695,-1.662900322574111,-1.3022413257596777,0.49826253923472374,-0.023519145074800452,0.8366514719806021,-1.025491464201224,0.46023123356484996
-0.7574303062990568,-0.31380322229406205,-1.35001321039876,1.0271261943003693,-1.1460569581971571,-0.07411111607122782,1.5522630634130345,0.6560621715450603,-0.9348668984073903,0.4609125648221604,-1.022385164302182,-1.0976180532715916
0.5239300293741462,0.3050901174744941,-0.8491800443863423,0.4238536793650837,-1.3750449511168252,-0.15580030838750755,0.48990631744883134,0.05906218850426287,-1.2332789513968287,0.4462954211001348,-0.4029880830243029,-1.0198949042240621
-0.7869462600293449,1.6563893442627455,1.0475302809639102,-0.18635629427585973,-1.038923917372723,0.4999308335026161,-0.8119797428056856,0.5642701612095169,-0.8429375546775452,-1.7881994979171232,0.9758543432644549,-1.0394815879474455
0.814469172906007,-1.1638062767705473,-1.3579728337910686,0.8630700095619411,0.8585638749255632,0.13340855952100436,-0.27329613358479404,-1.2610906547156486,0.13377004309548304,0.9930749054758901,0.2595866238479949,1.285024634572656
-1.182374401475759,0.36968000196128437,0.8465287848432441,-0.9957903421374334,-0.2782123839729183,1.1940874379396622,0.01948014799693855,-0.7872966686340342,-0.4964539983608276,-0.9640078056063424,0.7256767486614754,-0.7556914791999542
0.3861069961478434,1.177756138911485,0.8547474375390687,-0.5067855702799072,0.025178936808625856,-0.5990390007958062,0.41029571299694445,-0.06499006913445955,-0.011622193890130696,-0.1315559097161813,-0.5726497167514383,0.21914450233894708
0.07284220904307251,-1.0856243277797921,0.0884911909290674,0.8317234197607217,-0.12522033789450937,-0.34441454780930125,1.4582913100504957,-1.6790574910983525,-0.671303413723507,1.3574783010739802,-0.9930230453357329,-0.06862597704021846
-0.38384505406174824,-1.578793778387879,1.0165096237506455,-0.41343130446213733,-0.29052605000907916,-0.18223841324378653,-0.7590370078084548,1.3684549219602198,0.13749668118551236,0.1569214180585877,0.30793176330257854,-0.4073682855931532
-0.3032410296539942,1.1629819503096357,0.5554505603600308,-1.2156183921646502,-1.1920123708886572,-1.7157073330667159,-0.5322061751764718,-1.0898507996312263,-1.2349829160356605,-1.0702675269621094,-1.0994933834242748,-1.0274979817921206
0.8207657100499827,-1.1572854221370905,0.5002026155230942,-1.1049287113800317,-1.0782232895621993,-1.381122869311545,-1.1703723370479897,-1.2269214895847105,-1.1769233759011266,0.5292216807188423,-0.7305828874866954,-0.6691772479757424
1.2250497788562482,-1.295770324905577,0.6221548154180893,1.3226206648353576,1.6136563548719212,-1.7427477767975268,-1.533315161940631,1.4816427301304493,2.351660356585934,0.6804378000335921,-1.1120660480469413,2.427196242726461
-0.319502792163506,-0.9326313422117457,-1.5824499706211255,-0.37780739893260684,-1.0665225072201798,-1.4959439422021241,-1.1832456555356765,1.435679965037162,-0.7249458893123228,-0.34961083730403525,-0.8515660305016148,-0.9402263107705818
0.16157815747040133,0.19538088486110194,0.30550717533771893,1.676622404533372,1.5544068986823623,0.8943252538962972,0.9902836078814284,-0.2444858161497337,1.2283264111410344,0.5207077792234518,-0.40661052507410556,1.3936788930947592
0.9454100873275941,-0.04129676865659541,1.483268787910002,-1.2088890494907436,0.17078279381089018,-1.2409202794295529,-0.32135192545634034,-0.5246006108266779,-0.05624383288622016,0.48272192460659435,-0.745065883148102,0.6638998476863877
1.6206085401326158,-0.5876012116691269,0.6849865906599986,0.013244350409970917,-1.089837707081987,1.6036215114014902,0.15959242696840004,-1.4257913568281722,-1.2172567764128102,1.4590706829336777,0.8117352358003433,-0.48720343160933033
-1.2392919499521304,0.7809283025326429,-1.5457252749771269,-0.800204489846527,0.4907503578172836,0.529778422484265,-1.413400800693895,0.2811220870171067,0.5484645281223944,-1.953825064000267,1.50807308522494,-0.4033729673484188
-0.8162167047612433,1.5330137696849502,0.6145274066245653,0.5424389823964535,1.0074685171983138,0.16709226484012918,-1.3336470878497557,-0.05986312473360991,0.8580120571804839,-2.0149665003562003,1.033387565060826,0.1769666219207562
0.8867646224623199,1.3506854728562863,0.21722396003953826,1.3912461173874096,-0.9204041967176867,-0.8863492943780776,-1.4299610084236547,0.8789539904261845,-0.6654037651251816,-0.8404146538754819,-0.12007561995010492,-0.4907543858221239
-1.2976157757599198,-0.589735903686354,0.34426997745071025,1.6337814841911402,-0.19610335018954553,0.7104016183427068,0.44773122760542194,-1.6467475807241971,-0.7042917606244024,-0.32944626073467553,0.0331452230190955,-0.768088777713517
-0.3738833218913279,-1.2111700614011616,0.19800373369341237,-1.5393461718492958,-1.65831150246036,-0.5450902422428817,1.3431603940696648,-0.01777628347552934,-1.4943504579452485,1.0650581659423148,-0.9629440337720269,-1.3737460368213599
-0.38016210991018756,-0.8641875048055484,-0.2850960536169363,-0.9651698783253791,-1.6047080009251615,-1.0836875649759221,1.2925756991704342,0.5730736560277507,-1.4020515237693107,0.8577285102605349,-1.0301776639704892,-1.336404885037693
0.43966354224625787,0.6231716091438787,-1.6582433321628427,1.1665814480091081,-0.8404630514103939,1.5443914033294137,1.7147660427180516,0.9647155311520597,-0.5644530517347159,0.8626063416562931,-1.102105577719701,-0.5450083133307565
-0.21380889992469743,1.333008968509179,-0.8351675234176584,0.7510351449452234,0.48285738926039606,-1.0917339583022065,-0.6972142043915175,0.9490184187535256,0.8279957770009231,-1.1830378102466341,-0.5394358114833083,0.24830163585559398
0.9841676476343872,-0.20126911809075085,-0.7921427549781066,0.14778086654678899,0.5581681287000673,-1.3451015044141406,-0.5012441689946157,-1.5133427841230054,-0.18199523937966172,0.4968656238427005,-0.7958837822822009,1.0933968699114762
1.4691132663263278,-1.6767295115536323,-0.31959611304546165,0.967778261471431,-0.17423184471421493,0.0661861226391027,-1.6535774583760534,-1.62026654490839,-0.6824333370814246,0.9745754576355187,1.1341307652183201,0.5520045238463561
0.6125647220293646,-0.834856033269184,1.5059640713865239,-1.5034600371917697,1.6616249563655865,-1.244734517211112,0.6830628893930579,1.5964091719975673,2.478852083351381,1.18659322158448,-0.9403064412308408,1.9067883674657673
0.8548706103332051,0.1581390344188344,0.35234258983160405,1.2671770141538432,1.360918569238287,0.44951537815757275,1.0945765761354886,-1.1779542113257837,0.5232981940650516,1.054350934109089,-0.6142306013798915,1.8270801905250167
-0.920919858041942,0.9584785059075278,1.4522609663108088,-0.23570753358892696,-1.5595306832342584,1.124343270472926,0.6225384397493137,1.6955276851746666,-1.2640321402052381,-0.7781704991454511,0.04521517551475092,-1.3712561201647548
-0.15671356376375187,-1.1416904877049425,-0.40036836118436037,0.9945250818477966,0.06564606378793698,1.355840574148864,0.11275068731475164,0.9054035574492352,0.3723235604147607,0.5365253176213849,0.7214343273771611,-0.03419535858936408
1.6012850789520274,-0.9010365319296555,0.7558999030923584,0.8222526613454272,-0.5459959995544297,0.6539946936701777,0.6183580626194451,-0.13422097955658754,-0.5334032431471146,1.8437312264919716,-0.14445071031923964,0.16531577715090298
-1.0613301160202504,1.403209279890164,-0.36693604601517227,1.07883852834936,-1.0839137863972557,1.6477920325861104,0.0409947579587672,0.9569352038171367,-0.8231363634889516,-1.3995186321413327,0.9851520347289778,-1.1335873815132005
0.12444791645566972,-0.23546646411416886,-1.414317865087927,-1.479723344265315,-0.5559209778441435,-0.2838014077536627,0.4088882224602277,0.7817772122140444,-0.30994985887164883,0.41458193890977246,-0.4178955355979738,-0.40344240668197207
-1.1422777089055587,1.3058162218185982,1.0972479458264377,-0.29218881976933386,1.6139563463065558,0.31083329030509577,-1.1562898890930198,1.6310153114917354,2.44485134893703,-2.0238595885142248,1.0604432492250273,0.23814463580994308
-1.2155417003454636,1.5779245118095502,0.004271022409954192,0.34749681610822875,0.3160481423660724,0.07695880911314397,0.5298002635796606,1.6786110069517561,0.9448842785762089,-1.3378626882871267,-0.3229104899623114,-0.4750162408902529
-0.9277791083431313,0.9127932541815104,-0.3353419879509113,0.1566403668622151,-1.2541148871493355,-0.6886616078175332,1.252923878680948,1.4145903339229204,-0.9411308255662881,-0.4328715833352584,-0.9486619046396265,-1.1980423489782401
-0.7920311216001086,-1.285865025737873,-1.0998842783212057,1.5584163102628517,0.9284977053369172,0.601113200866305,1.1028963894828994,0.681388339674643,1.1627746779756385,0.7008697604103304,-0.5851954092084435,0.14791757312561737
-0.5021232786533508,0.3918970226565432,-1.3075834095427628,-0.27352769778663627,1.3091869636887097,0.33494120622408274,-0.6467880306437843,-0.20854527573650986,1.0398440501191406,-0.8685248035633579,0.6949344195014587,0.6237355510578925
0.07644590823125395,-1.2048104588129271,-0.36986340379316535,1.6408786630744403,1.1951040620133309,-0.22944508600039976,-0.612513734525969,1.359243406060227,1.8050145472865826,0.3479187004966944,0.1824368861018016,1.0203550993489399
-0.1641283891373939,-0.2511137745144633,1.162258309039593,0.2596005449190195,-0.811856723880062,-1.238048692468704,1.415468305350564,0.5269813548174432,-0.6261096972887568,0.7522687819788948,-1.0797570552746905,-0.707442003210092
1.710432812068092,0.7851322222875796,-0.7726803260594117,0.2988948593159099,0.002105200451866135,1.148496622378236,-1.0670867238658428,0.7220941775839417,0.24197432733975394,0.18323028075586453,1.853214738553302,0.8841883627715648
-0.9608614833906166,0.2233356886719452,-0.6462967435871907,-1.5989957662842924,0.8883239287733687,-0.886466337546047,1.424606313535792,-1.302883221387438,0.13316464792781535,-0.01430645653453341,-1.03981951200711,-0.0015649044173595109
-0.70368708715607,-0.5587670678916397,1.4098552090496865,-0.8301383667278244,-0.8562871658911244,-1.2859382288281107,-0.7857968816128722,-1.1297302753647387,-1.0051266213415233,-0.589636048256029,-0.6970973579362201,-0.9038252451910084
-0.06815881561701177,1.5253937158391684,-0.3114096498247584,-1.2543487667022366,1.457452513535552,0.38722319020432444,0.6953745172888911,0.18650296560887308,1.4021566082690495,-0.4629791206249322,-0.3151079140800903,1.1083661870432902
-1.3790180703240915,0.4445861388713779,0.8566168296747073,-0.9653819010294711,-0.8611107114149186,-1.0319312289490974,-0.4986174952363936,1.6611858323399915,-0.44588025528965947,-1.4012479018589044,-0.5395162171669767,-1.1094096980155708
0.01727235396248824,1.3633505761638176,0.13592489615847747,-1.5382304332235763,0.952570571357878,-0.4157387782629296,0.6116804650307822,1.1047184084004815,1.4026952640408832,-0.3669359759297198,-0.5825524812036889,0.7757943596959568
1.2403879304246501,0.2685800935876844,-0.1423786368891301,0.4389484316534713,1.1651258938169007,-1.32098796604143,-0.5461403137396211,-1.5592582726309607,0.17949542312531508,0.40422794324319933,-0.7687396114959261,1.940227532931575
0.004965223145676492,0.009362761260252964,-0.6264372138332687,0.10505119685889147,-1.513940525854322,0.9514189478960033,0.1389618464129667,-1.621041893432342,-1.5113743802344453,0.0705103021466319,0.45398870980305017,-1.2200858575482367
1.6512453796135562,-0.07947192099498539,-0.5467548976856138,0.016262175676657137,0.3303794830542879,1.2111628357047346,0.8729696152354075,0.8764694794833465,0.6378881901624415,1.5898405129841888,-0.1913202795548625,1.2543761518226624
-1.6150956066994775,1.272720321990694,1.479010947407759,0.6046814325143756,0.21508348396777013,0.34003024125537784,-0.839464323480318,-1.5892531518838338,-0.4296503200018116,-2.1569971283515463,0.8476239130009922,-0.7536297907329796
0.1676947101511993,-0.9364541699891336,-0.2569044179327391,1.3742050282984863,0.22590859901302937,1.1424124200363477,-0.9421948036052947,-0.0024790513245630088,0.18967535390056894,0.10090423551843122,1.7143342470357366,0.2746764411576464
1.502820515833375,1.6577061947908553,-1.2397822926200035,0.38666334505711236,0.6317602751603291,-1.5885403045776472,1.4354841743698714,1.5945124700247577,1.278685186240281,0.8967017989583351,-1.123829428541937,1.521915609300464
-0.5831640927358306,-0.08346991822677885,-1.658832224446244,0.6569209474557922,1.1646694054026434,0.14514038266551357,-0.17384519419728145,1.3815292702385185,1.7829508961233183,-0.4349434312547433,0.19879342668513283,0.46008507510819463
-0.6802747929918411,-1.4627839134413472,-0.372178037340809,0.9637922861356051,0.657992554771159,1.4691771940889673,1.523522599643315,-0.977454964862773,0.12774630550825034,1.0832419997526965,-0.8771899635939905,0.06086420380284684
-0.929731428929325,0.8961613041316205,-0.19476218451879143,0.3702706955571671,0.6993529645657653,-1.699996326044078,0.36456261911081433,0.4708945558714626,0.8333371995343927,-0.8858833262810206,-1.1092934500198917,-0.08608250519928387
-0.36679305866304074,-1.0663358033620807,-0.8150894527956496,0.15617355759081866,-1.2971568542126755,-1.7638793878864525,1.1676142007818195,-1.4882776571450347,-1.360338977082835,0.9049686041034116,-1.14334243390997,-1.1160664218802085
0.686909709838626,-0.9890303435408415,1.3120893112943706,1.2766094542743207,-1.251774847513865,-1.2064986613237496,1.3761071689584345,-0.5173402680628164,-1.1998741381933444,1.673630454680568,-1.0678219941718592,-0.8716504915947711
0.6616078366059237,0.9457877642375159,-1.2735451298063651,1.1915450983120517,0.8985502806160448,-1.2422181693797565,-1.277419836806039,-1.4897437505995854,0.046577108478200166,-0.7044990466082216,-0.5620682894455891,1.2116410146337282
1.7972629211716404,-0.09953598350523862,0.2899923886828588,0.2300525323230919,0.07584164352170143,-0.5063334286677458,1.52361298411422,1.1855224090300507,0.48400736262374855,2.0341387753032034,-1.0403413588019386,1.0219107291638274
-1.1124210651473605,-0.4573377988296942,0.4118728141861837,0.5539082145815936,-0.10159138360440073,-0.2924023562829144,-0.5037860218863457,0.5455251571642724,0.07824976149624321,-0.7668361808715602,0.06962274039755356,-0.6319887680417652
1.3153757683954483,-0.043016426632785994,1.200275227723141,-1.0768905642720594,0.04037771951446271,-0.4895474445846946,0.45640559629798333,-1.3481898727037156,-0.45318645174354416,1.1323049604536657,-0.5406918805686451,0.7230816857974167
-1.6167375520352725,0.965340206838352,-0.23669386790078595,0.2684099561376099,-1.3945403341651845,0.3190407013346859,0.7661415720364649,1.3760037233088849,-1.104613522316118,-1.1695809214014736,-0.39523231981748547,-1.3919364962475034
-0.7586660322619558,-1.0990962309414842,1.4632796027240855,0.5510398493307802,-0.922301640629791,1.510461210729701,1.5838937287052461,1.6975994837678587,-0.510848594217273,0.8769598290139858,-0.9459954295970683,-0.9608242545621707
0.45749497337818074,-1.0359397990081203,0.5756014273800738,-0.08244834785593674,0.7067600530331841,1.2523421026527437,1.7388690758541645,-0.6834641199457732,0.30072065887708666,1.7330510589701338,-1.1324155280922434,0.8833553403054372
1.058607573799491,-1.0352803133951733,-0.3374460930655032,-1.093150614015375,1.1153405980964073,0.31650438707949613,-1.5259306250794182,-0.8560626946124642,0.5257759433931222,0.440834562843089,1.3476775872667914,1.7393684646836525
1.130309360841627,-0.8885601896465886,0.2328361603064984,-1.5243750323874783,-1.3507081402790835,-0.32058483926102677,0.8003408664137995,-0.27428068355270296,-1.2507930583003555,1.6187243497220496,-0.6427642181683916,-0.8901790380761435
-1.5860419728381105,-0.653096815912276,-1.3072213987366192,-1.7106154649461733,-1.251312746219298,-0.2811216807567659,-1.4289813126165933,1.2278396513425707,-0.9632366984601008,-1.4609548732405473,0.5811691340980218,-1.3290391860523378
0.4924348862452894,-0.4441744978962964,-1.5436482311011614,-0.6282734848069766,-0.7446811428672194,1.1437630447358527,1.1373490179711228,1.5337791813442416,-0.33721680016868694,1.1428728612087944,-0.49376532488191704,-0.4399727780303286
0.6409225407772856,0.19889316654573141,0.010338565293367274,-0.563304529755567,0.534424832396543,0.37053380576436956,0.1673385632223582,1.322021316729468,1.045906838092918,0.4110841570694409,0.09060965885674944,0.8445115534336087
-0.005683359641402419,1.5237852961173703,-0.20439836907474465,-1.5324151239357013,0.37447216938260997,0.1462599834506303,-0.07461669465157372,-0.9281236200193898,-0.05830402017248579,-0.8195276230354052,0.13024519551331767,0.2943451777476599
1.2791709838923997,-0.7258393575447479,-0.8571623881878547,1.1973241520915603,-0.15588086429360434,-0.33075597659832445,-0.0583899843340512,1.0440489840627851,0.18486659973233047,1.1897967735062658,-0.1956347825301058,0.4827762748556213
0.06490609275745145,1.7340809778308957,-1.3260505583065092,0.417058517133121,1.1780584209717657,-1.1319097243784297,-0.36648856124818746,-0.5953622572712534,0.7154760127458233,-1.031072249651056,-0.6522309737988644,0.9969163139589192
0.31546522295994944,0.731097797416798,0.004384934891317874,-0.6222935718581215,-0.08604028294976192,-1.6818917208964235,-1.6189378875131093,-0.015921469077707195,-0.09343953994448102,-1.0019051971227095,-1.0364591675611043,0.08385278258479324
1.5060467582812798,-0.49819260431421325,-1.3561543621385683,1.4389040427571185,-0.6995458079189958,-0.45300856868216854,0.5301654891937629,1.1864931288374567,-0.3646670894340932,1.529326745809068,-0.5588774295575527,-0.0526909021318652
-0.13675050576849748,0.7972856406908291,-1.1290350054337597,1.286510789638768,1.0046672537618573,1.3502125874897646,0.26469317769403855,1.1724421033744188,1.4941105865673914,-0.36033714185346033,0.5452039404233077,0.6991630461639045
0.37827293241426624,-0.0728173101979467,0.6774060872385491,-1.4396505429911959,-0.6331093413758921,-0.6189693299942672,0.3678298121735504,1.0575488389550431,-0.3229044249689619,0.47900637773502514,-0.564562887949859,-0.37719423954279063
0.8311626642560508,0.15408959263675598,-1.2414370867493507,1.6655150044161833,1.4933878290450382,-0.11132576446000976,-0.39227739426118235,1.4440523180130307,2.1913502101069735,0.2704315765564766,0.15099176783580903,1.9409931038998471
1.2226554700455434,1.350460494214905,-0.2676321690573905,-0.5809685739271505,-0.36968013411448297,1.010242766493186,-1.505314618571231,-0.8714723006629461,-0.5899618182750721,-0.6561691944845357,2.1554617271181007,0.21783662797716116
0.9549038375913167,-0.2990751861557776,-0.2211584576311875,0.9640700438235076,0.011726742558174246,-0.3242975345505324,0.5320407391258685,-1.0908051116696826,-0.38222691433385714,1.0625729009435727,-0.5026173535600116,0.502968359433625
-0.22815717355619705,-0.4367380032771179,-0.05867185809071786,0.865215133501511,-0.014500376996591397,1.1113129484403554,-1.5599557313301418,-0.02210043681038132,-0.031835606670645125,-0.7369623930539264,2.3328395168037135,-0.13217459960318176
-0.9502862290208464,0.09338855419286342,-1.1535223550276268,-1.3197824290848907,1.1285868128626615,-0.3412953139305973,-0.8647705748520504,-0.26474417994380167,0.8545408731692989,-1.1269727412249644,0.21749525064380726,0.14184266380756275
0.4644521160002778,0.186230076279913,1.6174839007037614,1.2012861198392124,-1.4435683433888942,0.22808480467779754,1.1313236312807138,-1.3877840029712973,-1.4438756238330865,0.7996668795195362,-0.6939199563060671,-1.0931562167080011
-0.2841141819083439,0.0673099027567764,-0.5454130354333199,-1.696962838363493,0.4121909648361641,-0.753180638303582,0.9339803642443739,0.6509823588783955,0.6289887537439843,0.2607363380795323,-0.8421053683819305,0.1516002729169923
-1.627267548329895,0.4157921548245404,0.6939213852681106,-1.4178911459624737,0.5280130624817526,-0.5811280056426863,0.3208314178547441,0.4494455265987478,0.6571511143249497,-1.1270026727482358,-0.5251182654623926,-0.637508129463196
-0.18877265123971035,-0.7836761549295129,1.131165290627328,0.004448927805924018,-0.1467086558732522,0.035091495949987984,0.9920862430354248,1.0883548287149245,0.20899096431325379,0.7881665540380669,-0.6458101761510396,-0.21195818412594256
-0.3207120635271874,-0.8564124940167273,-0.7228475952005408,-0.2748773800696365,1.3274805244060528,0.18542867902386048,0.5871592482312946,-0.25700431102297994,1.0277787844257102,0.5278361491884199,-0.315547885083577,0.7907815983165397
0.2978050077498836,-0.9254559313258324,1.4657800172057098,0.6034185679769132,-1.0364121016519119,0.2182030429654623,0.18507135950217488,0.8863593861472595,-0.7851021613509834,0.765696855250694,-0.010153752808030252,-0.760604374410576
-0.5612279187666628,-1.6293449387932473,0.7122381710194537,-1.491289466028337,-0.8956268610650756,-1.112253650311031,-0.8352806444690093,0.8589202078216757,-0.6434877515584415,0.025351779355853598,-0.5246348890062976,-0.8869827937070468
-1.5834117645490766,0.6932516342454063,0.15505585256711873,0.5631018751476252,0.814828443860063,-1.4277361181185944,-1.560290993864874,-0.5986185823149051,0.4259942945246882,-2.2138385389408644,-0.731564080138545,-0.4929883520247745
1.0026248751893359,0.5271741754904616,-0.9891861788917328,-1.5602414146233994,-0.8705558049866976,0.12034827824153504,-0.358604891225917,-0.12928302245058235,-0.8150614369148473,0.21152929540287543,0.3087527817617269,-0.4050327038121748
-0.7890985142808755,-0.16856209867295757,1.0357534155310253,1.348301722287341,-1.3465921345737937,-1.3709291583886678,-0.059281488569317864,-1.0187498171135934,-1.3360573584783524,-0.46902389045150045,-0.8813900641389216,-1.2261483220585352
-1.5051157839147362,-1.3278013086024643,0.5183164230474284,1.6836591423168472,-1.0232443361636931,-0.7946919575636247,1.2630817828559555,-0.0442346678091775,-0.933354134111986,0.3314631727065355,-0.9714908677414359,-1.2160019100116046
-0.493999336887888,-1.722408360015381,-0.7952738736480865,-0.009612974301647943,-0.6305446958960839,-0.2956180020570044,0.5359907836315947,-0.17646336254378409,-0.617201731383703,0.8278366940856616,-0.49200431455675286,-0.6872976598050935
-0.34646282099450665,0.39984179871245235,-1.4981467848162975,1.5072663509102062,1.2112858279102046,-0.4703710928780012,1.0840205707574966,-0.3044378236880914,0.902767696239048,0.1274528147449037,-0.8290599455584433,0.6855540282187279
-0.36981118817182246,1.0403017150627003,-0.6060309441500611,0.614664037357954,-0.678199467850462,1.5877451615765377,-0.8796337273546317,0.11943268095382666,-0.5895258505230445,-1.2319098866912406,2.0749055165385055,-0.6766912541353838
1.640145514186488,-0.950960290235169,-0.8772447269017788,0.37419418209561556,1.6634682619843708,-0.3442173910738604,-1.4547930120772148,0.06244912302634228,1.514627185323271,0.8210585753871126,0.5214495765840527,2.871742919825297
1.1363500970876874,0.02280946399839959,1.4567175658975966,-0.36162598201530877,1.3466368149328982,0.6587249110698536,-0.7955857049668551,-0.2755422704216365,1.0333801035109327,0.3312230817062432,1.1096788307473127,2.053837486276169
-0.8556297349259081,-0.022463900149395446,-0.19566157961996988,0.8506268843685263,0.2635824684476648,1.1331503001236842,0.572581635667853,-1.075603638101053,-0.19781190229754644,-0.260411049771815,0.10171937515758434,-0.2909527045180734
0.32511502859138924,0.5011674226838336,1.2484752914457729,1.262121620625194,1.6222183455939678,0.328664291882726,0.2619491763299334,-1.5665338772654618,0.4624954860632426,0.09611906325109837,-0.005952342238439258,1.6025618642059611
-0.20519945935360867,0.6246120607115715,0.7303791050164348,-0.7865966450552929,-1.3524502965614358,-1.4384043700454108,-1.2710116328365955,1.2053868424382757,-1.0773430290319157,-1.1132938660238552,-0.779413432989346,-1.1269869688764353
1.164173830774927,0.518157804349171,-0.5295719904048024,0.3408311931384079,-0.38088533004489994,0.9707735072694568,1.0101121833261173,0.3184373814206311,-0.26147548885084915,1.0324952831367884,-0.4052501148634127,0.18073512007957498
-1.0787409156857053,1.1118401894292458,0.1774081289774777,1.5523323112552294,-0.972569562024242,1.5610286561936728,0.07851291889943572,-0.8942093125946217,-1.0437238762060665,-1.2430588712958026,0.885515092817298,-1.078617070693592
1.825436834866749,-0.2774065401978998,-1.6475971789809503,0.0494170977057088,-1.5475677028014094,-0.15864928230964226,1.2756606713373728,-0.8475888722860793,-1.4663458717291464,2.015121334426247,-0.8659629031174799,-1.0166370364783623
1.3024872233230385,-1.6095520022234757,-1.4176736067539277,0.9962279427844901,-0.6875449550669838,1.6289807604626145,-1.1548254341516984,-1.3341655993458124,-0.9339149169052716,1.0879777557993084,2.455513368237347,-0.10845407964998792
-0.9681807434785755,-0.7480697703755306,-1.4617130538797094,-1.4982823499646871,0.22855145197727228,1.5117354417895335,-1.606403391404209,-0.8646367844176556,-0.1411850867600772,-1.0939230878120167,2.8717008741947425,-0.37627876530046717
0.307021301382443,-0.5539522960637823,1.2319318095974816,1.5480549712083795,1.2352637908436455,1.175023095822072,-0.9533249912280292,-1.2666128267640868,0.3867136807741866,-0.007360661713003493,1.7582992475661137,1.2446236751677537
0.08723841987215761,-0.9661066409833227,0.13942912326676726,1.3128608390951317,0.1450410741747094,-0.17914822214271667,0.008883430097084455,-1.5049281916705193,-0.4419574211012081,0.5552569106501326,-0.13468867532908604,0.16165193219434068
-1.5957369725116404,-1.3899559157588088,-0.37244429856425837,-1.144413862990762,-0.2577197935169708,1.627004981849415,-1.0139625229312215,1.683816408282364,0.2702957322070157,-0.8766221935137961,2.278938485900795,-0.9322876365194598
-1.7309549569311948,-0.1532404027925524,1.292621960550315,-1.1203516927563184,1.246436005468402,0.5356453328987382,0.725043443559541,0.600625350198608,1.4384921654644711,-0.6963047692524617,-0.2829763957759351,-0.44121438155905096
-1.6571590415731747,-0.8162853396562963,-0.36304016676307327,0.8350192642170143,0.6765666076730507,0.477554158140922,0.9026084417196645,1.0886072285240416,1.0968578937319005,-0.217152192602293,-0.45020630686326174,-0.599650203062932
0.7519270230306899,-0.9922188968379319,-1.2298787814930345,-1.4222531965682286,-1.5817630085742183,1.3112495756082627,0.671535539314516,-0.6961845380343114,-1.4799782293700836,1.3534658140831954,0.06700288201027582,-1.186569297721963
-1.0615424704343435,-1.4522203510183287,0.40410000067447965,-1.5787821330331042,1.5180548410059156,1.3874064108987305,1.6784362627228937,0.7148213949486509,1.7780271922740554,0.904790078621874,-1.0622933813981446,0.2613942080192039
-0.8372354471388853,-1.3301578227096582,-1.0625485827143768,-0.7178374298329087,-0.6047304201046046,-0.006212777701738017,0.40881362424501577,1.3787111903053089,-0.21373486651978005,0.3338696261948301,-0.2821049098327023,-0.7949280913997159
-0.48286897389618827,-0.6632802937920711,-1.488897824968048,0.7424107494904962,0.07795343060486665,-0.9300220951664694,-1.4422155655761293,-0.332053962239881,-0.061437657182258534,-0.7296685302821665,-0.1669621128320856,-0.19994191238965037
-0.3937219227491611,-0.9941841219879074,-0.8066277029740474,-0.5530457020491056,0.5253721336392235,0.99926630173004,-0.8213080973293401,-0.04212499114998508,0.43984043739148776,-0.18003744563566712,1.4517451265237629,0.16325247176794688
-1.6908039579467167,-0.6578474015509119,-0.9079752391134644,-1.6850614655138607,-1.3515009124258228,-1.3321348557775634,0.34389957332855664,-0.5065055139717038,-1.2789555618941695,-0.6097330485058263,-0.9201623415233918,-1.387939723938236
1.2798790832022242,-1.3614258073208338,1.2579550154489612,-0.738480309670996,0.23069147410936314,-0.18841774640582729,0.162749266387232,-1.1492771488431515,-0.24970257978404634,1.6289592346447068,-0.22930644520798832,0.9188946960006962
-0.3577299569221114,-1.1614895826787364,-1.1615468176349824,-0.5627300802986489,-0.2495595611971122,-0.6908608669295496,0.12421490084170947,0.4756701543426612,-0.0890083803228217,0.41900582960977273,-0.504937316980674,-0.3665296129715586
0.025095094418792818,0.6877977749842125,1.0488235578815521,1.4817291817418143,0.3720982508853189,-0.3855061333101677,-1.3874682399446014,0.0019632296181477833,0.32207909486283737,-1.0528372689060443,0.4392132527468962,0.31125439181255027
-0.7197123485486152,-1.7335456658587796,-0.892800309152075,0.3582908769959389,-0.5850526968792448,-1.5037744926425443,1.212781703249933,-1.7210070728283586,-0.9616337670139644,1.0341497096832457,-1.0924944684644717,-0.7398220150466156
-1.1549146199493645,-0.4283322585144046,1.401328743804376,0.9292272690694336,1.7304949699562666,-0.6128700081419082,1.5000521876279984,0.254858866811276,1.6986384374043375,0.22818442079097218,-1.0391934199240183,0.28619194624123157
1.1531034282453136,1.1252714170053177,0.7403002590474459,0.9402852129325833,0.31138927670380145,0.7976308642753631,0.5058579531531023,-1.127319027490813,-0.1845304143414209,0.45430697930013686,0.020144660198841247,0.9343101197182889
-0.3011865791807966,0.2452828154257802,-1.5699524172275916,1.6546471406454628,1.488813203913418,1.303212952250186,-1.4748191267016642,-0.2872501009514871,1.1467574183295155,-1.0891960458322243,2.4690447397981727,0.9248959514210099
-0.009525016798593347,-0.05076835331012387,-0.6706143278739449,1.1029986186769642,1.5126854414100572,1.317907580071333,0.290792520096273,0.8001753543062909,1.824165447802628,0.17020120046938866,0.4983212708907518,1.2045590337835952
-1.1209317564238919,-0.5411185818784264,-1.0124089912288636,0.858536142974679,-1.0272153726114777,1.29278245255975,-1.0029146645422433,1.6643115537976672,-0.6405971962835224,-0.9883271989473265,1.9297590310312644,-1.118563483972731
1.642197038093,1.3061686588660366,-0.6712545575606204,-0.729740565166564,-0.3975693216180272,-1.1169594820264925,-0.629265598931044,0.3755759140673052,-0.2612732390137933,0.0989807982687782,-0.5781244382647731,0.3617396691582109
0.8969845656389002,-0.7266904625263158,0.7377081666414286,-0.9279730499759855,-0.3202393353539153,-0.748466706944928,-1.1909847974831926,-0.24881748217941033,-0.3704206508430256,0.3495894344160936,-0.04920960143012921,0.13070080963914818
-0.9684672939495524,-0.19805902830738345,-0.04209355143091604,-0.8524767613833989,0.7571007239003709,-1.7276914475363532,-1.265641632035965,-1.5860255793743325,-0.08991779751282111,-1.198082878771789,-1.0981649170258319,-0.08064393667567152
0.8130492611074785,-0.5415847343812581,0.9401594901014305,-0.9024461281134878,-0.1849919362122551,-0.5724595197888654,-1.595440688664575,-0.4101195684338846,-0.3062928543113355,-0.010096928211319406,0.3161446246097104,0.23058572648138848
-0.58420756549534,0.5193585274632858,1.3265176715739786,0.35580706266639006,-1.6556829356926983,-1.556880837119657,-0.7368220886494244,0.4548599350595487,-1.4604539791644502,-1.0347045149214602,-0.9514258925523348,-1.392773396571542
-1.4353884595402444,1.489951119376997,1.5304488899797106,1.3178879019010183,0.850915987108881,-0.8749914969650352,1.6964771485771681,-0.4149021816029418,0.5449853051256012,-0.8346924135017938,-1.127179833130898,-0.37001429393051555
-0.5791767768218335,1.6766243759253872,0.8752679374400057,1.6416145203688979,-0.9853721147384535,-0.7480675440496408,-1.0356924746441296,0.11065268253206298,-0.8718360153757303,-1.776366379501989,-0.10664642229848251,-0.9512561430360965
0.5373461868546492,-1.0613362671897006,-0.7286303624680431,0.8408001181627301,1.3001531347529904,-0.5128044686095964,-0.20799117327709352,0.09480482232331117,1.2044951417442828,0.7905265694773584,-0.2470986472027144,1.4965991573031654
-0.6990909158150099,-0.09755364072673908,-0.14734724173563687,0.19766425568309712,0.10488760697709418,1.251417563124983,0.8073933128603986,-0.8734635390974628,-0.23677787431942646,0.003526758717307959,-0.10620127625407665,-0.29915515409732985
0.36021762721007705,-0.6438683594166925,1.5560288795792372,-1.7364412014247956,-0.7381234064457087,0.0006987090543883063,0.22806637498402632,0.3397588906512681,-0.5952758302978383,0.6858328224635721,-0.16202560292864507,-0.4776474905015803
-0.49311847908413786,-0.9210090102117643,-0.3121302203663044,-0.5858687074320134,-0.7648838527961492,-0.999209155207615,0.218487118962914,-0.40204043760216723,-0.78238756149232,0.25524936848816177,-0.714223750002913,-0.7782867631229344
0.7123177209069097,-1.1587678876052987,-0.9461397588037687,0.2636255237802751,1.1950179083856622,1.2726291497695401,0.9405644865099856,-0.7704935642701287,0.6325094477463807,1.5514505027417056,-0.24665725012167228,1.5411035185029989
-0.41647433955170393,1.6819495729862797,-0.702865717533539,-0.3491197360688728,1.5708158155841452,-1.2558931413724739,1.5164060866889306,1.2743677654303354,2.175284444445978,-0.34892242981895194,-1.1008538037878632,0.8792369059356475
1.1712671005727537,0.6213960517793852,1.484900646022351,-1.6632295953800558,-1.3197353992211176,1.2377956951789726,0.1475178273226658,1.5923049207060689,-0.9935271441527443,0.5377101837106159,0.6128320078618775,-0.8488907431151055
1.1877934677982696,-1.303574652279359,0.08800007284380561,0.37678273119717326,-1.4954656621847697,-0.10661507375176806,-1.1296446967800569,1.1289905672416989,-1.2415763540370788,0.8687775835886496,0.6018983957972548,-1.0398610875878695
-0.24415891966172135,0.33745879756022,-0.38909126627074864,-1.2313412337456793,-0.09955406403531036,0.9537746833024562,-0.7716910539299108,-0.35246710943664233,-0.21681580452380778,-0.7340741577441559,1.3598142115159508,-0.203548038514973
0.8719517855744305,-0.9202578783167056,-1.2372872759907574,1.5697572674921412,1.4914216761241328,-1.1181955171896676,1.5144757612584352,-1.2589744716581923,0.565158487392777,1.8331789053992233,-1.0886686066785798,1.9754607137430336
-0.8352394694583869,1.4210871556047469,1.5101675011555857,-0.00020446351927288586,0.17447230768477215,-1.2566727989104716,0.39273615721824634,-0.7562723955417563,-0.140689604255091,-1.0762091129322116,-0.8906129496597823,-0.33191416414678654
-1.5943859414382775,-0.19346969823989313,0.9717639389723145,0.5186740921928592,0.6748220828189231,0.11480088839819624,-0.37733184246291945,0.4633417066635222,0.8059643118394978,-1.1561141136243231,0.317357788865696,-0.5571523777569001
-1.7141257357573483,-1.7063178519731625,-0.5566789460027081,-0.38676824497841533,0.14094979062018223,-1.6294375284609568,1.248527886035236,1.5893589663736656,0.7053664441011929,0.37809288477817793,-1.118940148222556,-0.8377731307076366
-1.5889300484003077,1.4062258597052297,0.4962917370580381,0.5025473606808086,1.7354857594089437,0.5969286366533931,-1.3863517440082813,0.39854300556672,1.795588924959877,-2.491001033129256,1.5621850279439033,-0.12595914195009852
0.8382435846577239,-1.2725372711773801,1.3868123698195354,-1.2097280169979305,-1.609640354216705,0.9663748146336056,1.7496961962355082,-1.6078764661748408,-1.5695889175663214,2.112289056812737,-1.1443743849164847,-1.2047014983651931
1.129891187875168,-0.620602619869761,0.5272363106645358,-0.8362632442168505,-1.597352774516435,-0.5209994687115687,-0.6849311855029635,1.1793036451648284,-1.3482881886237483,0.7123804320303269,-0.0357427353955833,-1.1589534000723622
0.09077182552226237,-1.1437003524107852,1.6425179628006874,-0.21042512986153009,1.7315693408452701,0.24049003844609493,1.5727493464015778,1.5614985351553636,2.5379075333442374,1.4583008207788637,-1.0147250736807272,1.4757857864952713
0.22450319460567922,-0.5085798602930148,-1.054807293382468,-1.0581689872826838,-1.551004535258647,-1.4047667839932985,-0.7655454742637743,0.5278350845613516,-1.3526618327001751,0.011950455431551195,-0.8096673016061706,-1.22232724669722
-0.45157804980479227,0.08387745073006582,1.183064492350442,0.34690873217327944,-0.16158624260657153,-1.0138724130335688,1.1899647946215888,-0.9513921492119709,-0.46037246441776664,0.27363142382979144,-0.9902446005217418,-0.34845475774726176
-1.2866538869669721,0.46680659381487205,-1.3672626701555868,-0.6892050092972997,-0.9474875925838276,1.511024012861166,-0.9301410530280352,0.07895532784128272,-0.843195173431326,-1.5747546036167201,2.061766866444706,-1.1231068328494744
-0.6624938048193947,-1.05962406710247,-0.2935612519544996,-0.8181808380723693,-0.06624633078883843,1.006845206744341,-1.0036118033965942,-0.197329334852468,-0.1368433102647414,-0.41967518346223476,1.643439156085481,-0.3882466515796819
-0.1294854919262953,-0.7037946676444284,-0.14916659575157504,1.440674263072371,-1.0587400645338514,-1.178439124830455,1.027437876954513,-0.9297622538380361,-1.1136285704949278,0.8051322760755557,-0.988793077704242,-0.8870820756110928
-1.0027868301998937,0.8649011151801319,-1.605746470003126,1.2497344681777902,-0.8914424561462705,0.038566853792335855,0.65766192968083,-1.0782420567658952,-1.0196885582461228,-0.7666455103444777,-0.42431108472425333,-1.0132729803258365
0.8393139806108124,-1.5430627575744786,-1.2743824625989983,-1.6656340682678488,1.1917262635361996,-0.6229125081568915,-1.4107983458946673,0.934540321944351,1.5676575072335546,0.6137358228289195,0.1773710582735828,1.6417770011986608
-0.982166964309589,-1.7103048131864889,0.24019807501246554,1.6574236804011986,-1.3812775031347184,0.12363918391473286,-0.5288193933831694,0.357986879341243,-1.2050344907872135,-0.054276829411679044,0.4288124956255507,-1.2796852204877374
1.6252630870418994,-0.8255604984531297,0.45229882170682045,-1.3641845812976332,-0.9098747030182619,1.148659960833396,0.9468228421440041,-0.3921540979245589,-0.9001536722092566,1.9913252170133362,-0.2899054166850427,-0.26751240609326693
1.7787007804386792,0.9626594038079249,-1.6165782733764376,-0.08260567685518115,-0.6758115136830608,0.5946032126996333,1.3592303530756338,0.7421531153040323,-0.44222651621290543,1.3949541709875632,-0.8077453483360132,0.06995681177147085
-0.09457085164232114,0.6977053405210769,-0.9689369902863878,1.5792435465349866,-0.005192470083100149,-0.49357199021382486,1.5285736420934493,-1.5626773178071696,-0.5578757249398739,0.37319712865067667,-1.041596901592534,-0.05628957519810926
-1.6538017139825045,-0.028345721637177124,0.12701932953406278,-0.9510091863280102,-1.6455538206821902,-1.5867896422139176,0.6695466076448787,1.5359852476749696,-1.376581178287434,-0.7374866889342179,-1.072473903511692,-1.4951077725049677
1.3656458406904524,-0.6966962900728599,-0.3932567227863003,-0.5580163164988299,1.602820007269572,0.9071160433672553,0.12528808112179046,-0.7524707528642162,0.9547865899681065,1.327538865143693,0.44131160230676725,2.5447632750683544
0.41907465894867435,-1.0099465878721696,0.6788671283262754,-0.12846640886978758,-1.036202362041514,-1.7049718403179466,-0.43061493805703116,1.4174925100327027,-0.693590358850826,0.5704137823755908,-1.0929666711710142,-0.7294064932307384
-1.5778199665861798,1.432304739447028,1.0072797381717449,-0.4041034329431512,0.005975005281785981,-0.8137709181225661,1.069135226981972,1.5793074232014688,0.5448410352681322,-1.2249066272149027,-0.9072564251802164,-0.8171769520211226
-1.401949152149302,1.49507221723326,-0.8214509929068288,-0.19208885941555073,1.2278858778585926,-1.525072849974762,-0.3772781073751396,0.09386971941636388,1.1382320684241225,-1.8893515509501653,-0.9546873343389262,-0.1758179933294148
-1.6688092703720674,-0.047158112313274846,0.46169247291852156,0.28890852714627735,1.1525129822181834,1.354976960752642,0.8975215941420474,0.12217366597458212,1.0850526916093184,-0.6197662306336407,-0.1733072019791617,-0.42546259442142825
0.3961740310829926,0.6889670265480998,1.413008100874118,-1.3601725902086195,-1.4054646401651423,0.8131843190642207,-1.1552654873283177,1.5919381629049105,-1.093341415643137,-0.686600853589487,1.591836607393944,-1.0691426766206291
0.7809813312670065,0.7126086450051548,0.6096192599807753,-0.6366069703411038,1.3848679573136293,0.5127361970550272,0.4451914130305846,0.724964921752119,1.6487624237231375,0.38609107765919776,-0.05860074011285648,1.7874466210361943
0.12343310500620161,-0.558645171736342,-1.6685578792797207,1.5737473760084262,-0.6572000109874954,0.25500031681404633,1.6997757304021721,-0.6915465374404862,-0.7618838920230548,1.247438626292886,-1.107580973217961,-0.48842541175123727
-0.3185751849500493,-0.8454222673206767,1.4571466337127006,-0.480150487429968,-0.3103664637594235,0.6332169073640789,0.8771399847894472,0.6731007684952779,-0.0900039240564038,0.6738694327904343,-0.37979243877597324,-0.392747265839577
1.5627726052718105,-0.3185081774252345,-0.9572735489854958,1.102850129227332,1.6196858584094307,-0.7497348241221617,-0.4207372337047023,-1.2796496844026541,0.6395068701835741,0.9827853728911274,-0.337110144934635,2.74673597112451
-1.1319377277390918,1.0294871813822202,1.0966218150416331,0.3148489696787607,-0.8469601977278546,0.8923402362300321,0.051468577236257126,0.25826352619846804,-0.7154355684705485,-1.2504143254177749,0.5042204815931169,-1.0279638109051377
0.7138757224562776,0.5889645470738368,0.3531345966250812,0.8937627634035834,0.6082099828556813,-0.10410187577695275,0.2907805214865942,1.4401300128716534,1.1816536830553273,0.3245726688309342,-0.2582785535148163,0.9647310051232992
-1.6258311941326253,-0.9400607810346259,-1.68142289795502,1.3323624345059562,-0.8832614493701555,-1.5260425660371268,-0.8307382640256069,-1.647381744300654,-1.1264705241356383,-1.031138325787495,-0.9151096905707747,-1.1921604434605537
1.1871939823047175,-1.3974423262393638,-0.5604798453856098,-0.7363264260708321,-0.29100004971503596,1.2556467142948036,1.3756507708612218,0.3910517427234943,-0.1546305516565447,2.214064558900139,-0.7316800946800114,0.2896545766310974
1.2413027235822578,0.9967560636070754,-1.3447017279207725,1.0590944364547878,-1.54906098849723,1.6898810526676338,0.37248431305744556,-1.5774821285917966,-1.5294022434146437,0.5093553635372452,0.5931749854411533,-1.0922767449594974
1.326592173755938,1.0950853187672032,1.6174364764888274,-0.708354523710182,-0.2358792920387197,-0.459687737452525,-1.009134629963507,-1.518909793984911,-0.6893879945921262,-0.19984226415139583,0.1735892876305134,0.41431839506227314
-0.8215598137890737,-0.14205182996526997,-1.3780234150365505,-1.2305051103283033,1.1694684779510398,-0.4624787672394725,-0.040504433328250475,1.6669311893851613,1.9442393667907916,-0.4943838142935177,-0.2910191798407961,0.26951425868490403
-0.0786741759504352,-1.7207903702133878,-0.6833114479278186,-0.29693209972415147,1.526938785562129,0.8288515775202254,0.5435840905288268,-0.4393340717605206,1.0866822053216851,1.1068873547568787,-0.0014424629680726163,1.1535543459722122
1.3294883882216793,0.039505711460846464,0.9400975186848588,0.4986609017928153,0.875819423531793,1.3449436272878401,-0.6164054879538847,-0.6086955948903361,0.469301042880213,0.5438500125969215,1.5431157225282854,1.682777548122406
-1.5422286858072263,0.5631779552597689,-1.2824557365391545,0.5823487806495977,-0.7195280049428046,-1.0623877179637806,-0.7364712255811526,-1.655187569213804,-1.0276840136638323,-1.6933794570522176,-0.5031205856804405,-1.0996376391348237
0.23861604428362906,-0.2106919549434862,1.4876459254419625,0.05570990597814415,1.0214711872574211,1.0076745114411625,0.9331799518239378,-0.842228905643146,0.4627348445975725,0.749398952965734,-0.31737557450414855,1.0030978547812044
0.8174632681283601,0.6757169765121053,0.7505792077439989,1.5623960036453872,1.2723865816762379,-0.9236488173601619,0.7200287306099664,1.4545584186677523,1.9456235940129643,0.57151725683387,-0.826801504402226,1.7054088733486352
0.33130482827776236,0.9466897297696228,-0.9750029772822636,0.858488595513686,0.23409398152676061,-1.640782678468775,1.1099867339363567,-0.3039463984031811,0.0801870010403029,0.31233241997463324,-1.1144893320233444,0.37591930762680176
-0.5557663165540233,-1.5385593218049474,-0.5883277660202099,0.07868964129509934,-1.4039513202133007,-1.5968652360760218,-0.860672113646727,1.2547374678999113,-1.128497184030335,-0.030471766161636007,-0.979866326180846,-1.2228385105767277
-0.6509685333159111,-0.3380016675666315,1.3324675329626565,0.10348622294705342,-0.6696065054352828,1.1405793664594044,0.9208495882629192,-0.95719732410849,-0.8337011000437704,0.21689625962976855,-0.2647065425156194,-0.7685092481448712
-0.8882958134957568,1.2293810539164907,-0.9611416568846995,1.4124577418041975,1.4424253714890252,-1.2577332361462084,0.08687996099336885,-1.2328760984351403,0.5473035936532512,-1.172136014899828,-0.8340116553301191,0.3735674734328811
-1.0311512667396985,-0.5601819498159295,1.3594579221662733,-1.0101124948213847,-1.0430756706611044,0.7767280588222466,-1.2731858959454279,0.03078596939178211,-0.9381199571197497,-1.058963318053156,1.6627196720987167,-1.1040244712434721
-0.08765350564200497,-0.9362703573816218,1.2069919813908576,-1.4554811953952478,0.880554277322864,-1.4332535353263118,-1.4311414337584263,-0.47495337108770885,0.5395309808127087,-0.32213134052904074,-0.7540798982530326,0.6399574473395155
0.26211267122909276,-1.27286603720812,-0.5114537937636402,0.41308089551244903,1.3162312311870799,0.6349451369675009,-0.1041855593345862,-1.6598872808197065,0.2170823034941318,0.7693112319939778,0.4813028151747761,1.277852985072237
-1.4795315380536624,-0.7285314249343654,-0.7914264692506982,1.2269254059481642,-0.6535170499511279,-0.5510588296914783,1.2109958883799148,1.0611065571888498,-0.3439611472813674,0.015864510995491517,-0.9050880172317383,-1.0501654897921835
-0.82601606671343,-1.5739616228155344,1.660243844306386,0.3396093012686511,-0.8189431937289332,1.0063558668223487,-1.2985790514255275,-1.2718842955273082,-1.0085882298695419,-0.41881974853594817,1.9415586840046486,-0.9184238290851794
1.8215764563893317,-0.22754847448085144,1.5011842381470917,1.062130117493165,-0.18266357748491804,-1.6119236694722117,1.1809374493344253,0.04133674819412805,-0.16138966563693616,1.9380606062235781,-1.1118431999590463,0.7081898083144639
-1.5647191491241863,-1.0155353461016392,-0.5585010468186516,0.24207313410910206,1.3738813133883998,0.5381655481767635,1.3520221399768888,0.1960271410165801,1.3303617762533504,0.17868733387142702,-0.8097195577037157,-0.2507599685011793
0.2697675134661226,1.513450002978711,0.34086585422685906,-0.9400814333288352,1.6441197188230092,1.1721164747696704,-0.8114189083880007,0.0035184175959472237,1.4601996622224822,-1.0129317782878184,1.6031979011361117,1.570362951165359
0.21434847570483456,-0.13840411898586344,-1.2674188920393186,-0.6069759245784881,-0.28138973114621624,-0.41731282257912666,0.9825311929334163,0.052990638865770684,-0.24681148662596064,0.7219756683023165,-0.7661188613070445,-0.13392707619114538
-0.3399728895243869,-0.30703511814133255,0.8404468893398296,0.31517093467235663,-0.3848459884345099,1.076457727946698,-1.2266811697322602,1.5899118017464073,0.0938488153193614,-0.7047527560677687,1.9448613140300433,-0.4556410450555769
-0.980177075167271,-1.3937036988586053,0.904682574319729,-1.0326301979247974,1.1518618226142527,-1.2953588332975923,-0.2535337495719953,-0.41794921865459844,0.7910780366471829,-0.07180872108650262,-0.7979185624259906,0.130818413186493
-0.0392976930769941,-0.8124129495254905,-0.08031598666089396,-1.329273321972797,-0.8958481087384297,-0.5429707356788561,-0.10734306622863816,-1.4547830235518755,-1.0965084249335915,0.3325970944987236,-0.31366624974260465,-0.7351561780585375
-1.613844973304967,0.21835314632246566,0.291522011437425,-0.8651366033916829,1.1742843847147804,1.2822225088792156,0.15722918628934526,0.3586102832360092,1.2342849093670807,-1.1021456610017195,0.6279829542428917,-0.37239639536240077
-1.6919026036082006,1.0051105367128366,-0.2792150734967287,-0.6653689515866249,-1.3845202701917223,1.5223802116117509,1.3695197889627047,-1.5243668872354426,-1.4204169925293004,-0.9272354537515894,-0.6879143919529858,-1.400581404165498
1.2857684680120296,0.30457957699485044,1.3367289713227306,1.516011626959967,0.7130519657479065,-0.4873638157492736,0.7978560493802418,1.0319115646592207,1.1096283144989902,1.1122484121377652,-0.6993521854560789,1.4667630163053424
-0.4363789636007622,-1.038612773426174,0.8414315458839923,-0.27070793560878786,0.55519593411637,-1.7103785716957027,-1.451802068784874,0.0398845605826622,0.5025208412587981,-0.512335064428821,-1.0750838379797025,0.15622277617850056
1.3771610627231878,-0.1224633915472088,-0.2533525496065148,-0.7627884704841807,0.44103514308347624,0.07097973433241751,-0.0046878917776654976,-0.3144987501720873,0.24998461593835072,0.975011775295578,0.03321877178382809,1.2171749117789739
0.7421140362099733,-1.11975730564317,0.7997477433665728,-1.52731381011994,1.3962014349876224,1.1994647015423527,1.2091141410371216,-1.2404016517046483,0.5112668513086417,1.690469032659947,-0.5590276384408533,1.7649862271035683
-0.599178935052229,1.7196570059388216,1.1972291349691655,-0.6811214786394785,-1.0279115115992221,1.5957213304013997,-0.4450481176910174,-0.35504022597883234,-0.9913493432292073,-1.5056308645912477,1.549204393730237,-0.9844012949030385
1.2723701733882886,1.1794901820116388,0.5608867165659143,0.3060875687515355,0.9701896646666841,-1.6287084490337727,-1.4379043405838052,0.30783415577074213,1.0134644692392851,-0.5010270525513222,-0.9804506068621509,1.7468011360683349
1.185681061480431,0.8068403804347831,-0.8011593620372084,-1.020240613409618,0.07645841719778552,-1.382067449176727,0.9272363728430476,1.3059556390165015,0.5281214640726075,0.8566306974976547,-1.028268452332068,0.6944769700670129
1.6257250337145823,-1.5826013735684712,0.529190573558597,-1.417432512217456,-0.4780668840597051,-0.006240050578903525,0.46770161288352574,-0.027141351886557852,-0.44570000584519237,2.129508329389245,-0.3199902474157285,0.2570981473862528
-0.06367885531301454,0.9309245832691256,-0.09025357023956325,-0.994943426542716,1.361441357248542,-0.7674990328492625,0.8744035148838101,0.12451054387293746,1.2774420895359033,-0.06409390465629541,-0.824588280196368,1.0366679757902897
-1.218811411852321,-0.8314126816048282,0.9521140922168501,0.8783297002360608,-0.34998302384279656,0.2102939737177759,-1.4344417484903953,-0.13397847130459822,-0.36263370899332786,-1.1288580719896122,1.1547452264592841,-0.8076126525532044
0.6823839657935199,-1.039443196576424,-0.06729866057348399,-0.7349759548074931,-0.49323786209016435,0.777604221083153,-0.9815621312715711,0.4229380411041401,-0.3403585257393329,0.4749928470163758,1.392784389735553,-0.1318953766607262
-0.011922359780183838,0.2504449142618745,1.6181809183754583,-0.3500974910817353,0.0779986747292674,0.10284840809849631,-0.09719554841394808,0.4811222408984646,0.23211589234892027,-0.18599286461909098,0.11678199605955206,0.053008832416619286
0.9786742768798423,0.7133392543393857,1.2305347266822513,0.5425330451814152,0.6463016635008392,1.5555410748990173,-1.6623525382096676,0.8247329938471217,0.9435296404001468,-0.5747023137860277,2.9931573370512994,1.1824307343820062
0.9508776273512128,-0.9145796062710638,-1.4725337628291575,-1.007983245885812,-1.5435256342913781,0.37826499499194755,1.3491974351278466,0.6893714450222221,-1.3314493141395647,1.7971025739107143,-0.8307087613864386,-1.1231645932450542
1.2223956681499795,0.8242898100908247,1.3841702960364684,-1.6268696789208306,-0.5376682934429059,-1.047783397017195,1.1849254572042216,1.3707700932330815,-0.14015332913369088,1.005615385522041,-0.9958420253099828,0.030792756827625587
0.7951461853332891,1.6886588085510166,-1.7104328774738389,-0.5762955463706302,-0.4425646288043637,1.0971087500270356,1.5702788317859164,-1.0468589413462894,-0.6921291318612555,0.4805649272967425,-0.9567911747183351,-0.03667767032070337
0.4202431466391616,-0.6098523510670996,-1.3856571750994136,-0.2727027063798333,-0.8299265239674007,1.4709164547198421,-0.858621111324492,0.7806228217339772,-0.5913985543399486,0.14543114724974487,1.9380522301740628,-0.541343666527054
-0.09226524120092805,-0.027282441483094087,-0.2514980159176056,1.0899108739179557,-0.18212129928248993,0.13733397010504347,-1.6448662433847785,1.7005775148266034,0.364763500738459,-0.8994754054163034,1.216371439109041,-0.1932568008075303
0.911288675795691,1.3995086131372798,1.3855377798995974,0.1262192946634459,-0.027118847448044093,0.06624716264557252,0.5864272284947363,1.1857659028919687,0.37136942103701187,0.1955272010840253,-0.36559092750144306,0.440099402454858
0.7577631942129335,0.12746593294476957,1.3386178046683137,-0.8139999160779202,0.2301009130184917,-0.39470624951101624,0.25570043633286865,-0.5726751418153562,-0.02710880958414752,0.5709134930318965,-0.3953098269603726,0.6177786641448134
-0.08285522872829924,-0.23755961660310032,1.1253666591679878,1.6521088360241625,1.5006931827246675,-0.1217363514844465,1.2169711312785907,-0.4930772637279362,1.0328118798155406,0.6965271622698455,-0.8243062603705321,1.1292228707651877
0.08288110765672757,0.9639719080037754,-0.11891905239591731,1.3024611531717145,-0.8689031664604787,0.8123292757630388,0.5748591981290301,-0.4550908558498639,-0.8788709574351808,-0.13874535079909125,-0.038159198885605844,-0.6773489461987056
-0.7634992587806805,-1.124475731076217,0.6592544759097444,-0.36328805543012943,0.3145808582602126,1.113442429671061,-0.7413105718787686,-0.0728504835275689,0.2406530201542557,-0.3178307473433068,1.4746855817393913,-0.2059775766403222
0.7952654688103767,-0.725630969222274,0.5505721352209465,-1.2306322896404533,-1.1207615149774903,0.2688302148620234,-0.42200827581300626,0.8177269170154845,-0.8839782136938363,0.6798187438146389,0.47005082111206836,-0.7181764985178749
-1.2110264746563404,-0.320692871135383,-1.3404416507939871,0.3993781773257926,-0.027886871617480474,1.3413034432248852,-0.6721076774866498,1.4354033557787802,0.4561497436112367,-0.9892311008875739,1.6031681813985954,-0.6437387778032644
-0.6729616925620576,0.9642924769307885,-1.044201221287652,1.3696145509046596,0.9349232449479292,-1.6445765415795748,-0.9874017686698932,1.5289141486887108,1.5984124032868117,-1.4503870770088998,-1.0194910630969318,0.24150630438865933
-0.5762590645102087,0.39939559149669684,-1.192270429436711,0.04579925710359581,0.35255851399820876,0.2708629545727186,-0.3266931192081386,-0.13646323804794502,0.24819699835543568,-0.7557864418551866,0.40073078349339486,-0.06922242436506483
-1.4631599999865426,-0.8968157963806065,0.627732203520923,1.671146039046624,1.199639868140822,1.1027442039627735,-0.6290973486066278,1.506312725206711,1.8911902502249125,-0.8406577550682012,1.3474238359785171,-0.23874139117514784
0.03851930138376638,0.16641676166405428,0.023788855643862947,0.6586873783261877,0.22213591157258614,1.523502532958559,-1.23043838267793,-1.1511567932376743,-0.2564040619145706,-0.6966790577303561,2.434596362132283,0.19740897574059565
0.8859903600710008,0.218553115199108,1.408283207833415,0.18013803909461265,0.4929718556803945,0.07378133137179961,1.3009149650669913,0.25813764335425354,0.5406410087206472,1.1511062102395582,-0.8427433014600769,0.9617574311304737
-0.6746965286290059,1.4205847374594591,1.0474146963500175,-0.8759793674600208,-0.3359521496748237,1.4652867652087183,-0.14920263842284348,-0.7315430303469271,-0.5241305268495053,-1.2500278859654204,1.0957982620589362,-0.565298906923206
-0.257149178596033,0.918279263360275,-1.2701226439865736,0.5844441869305601,1.4279667851063558,-0.3399324465917242,-1.2227002243823148,-1.6208038122978219,0.3085214251259041,-1.272546605893034,0.40543405044482517,0.9192521754382899
-0.7693702848075727,0.06594987139044407,1.1348290375891712,-0.48501490987290546,0.14409035571532167,0.9541610167898857,-1.094438691753407,-1.6041011405586247,-0.47947289490507644,-1.1117536099350422,1.6807612017682139,-0.31346530910750786
1.7773097073311994,0.3922567527183237,0.0705696208394251,1.0276182790919293,0.1792988060080462,-1.5471445112069016,1.3883576541694798,-0.5909780072135887,-0.07449159978445723,1.7000119074728621,-1.1152539296798238,1.1408252320840009
-1.4679824124815113,-0.3036187827500035,0.2112660487113237,-1.6926040896350993,0.23327691766834777,-0.024547474448918676,0.1577377711349627,0.15348716599469558,0.2566623198349992,-0.7387764841628609,-0.13127556385557418,-0.6616442469646147
1.6217107552590002,-0.8971926119313121,-0.6571584595857144,0.9861225525305346,-1.497834612013017,1.3509374946476298,0.22082518060901707,-0.9619740029575481,-1.4397562572099012,1.6494083276168219,0.5955183618483132,-0.9820797033125217
-0.335501990416798,-0.9401967217431224,1.0325494782387514,0.4902254291073935,1.650552503924923,-0.10315180966270518,-0.8530672387315427,-0.798087373650673,0.9627094560051029,-0.18534065998210086,0.43743626809759656,1.010607635688517
-0.08051918059924033,0.5358586427228869,-1.410537833449165,-0.26594310777897023,0.3802342238067139,1.3275690613712,0.6950920632349109,0.6208955741524215,0.5844982069182605,0.03330411663779089,0.04681365078922418,0.2530697884522933
-1.0908002211459777,-1.4797484882234684,-0.3172159736695752,-1.0267926847065232,1.5490754947524725,1.6873867945850534,-0.9621385993876843,-1.2116689401791085,0.633246689341114,-0.46850338281909143,2.27445982011695,0.25144647795444885
-1.6497180086732115,-0.4857454354668778,1.0448668623934494,0.5761949842173021,-0.23363713835188538,1.0377658554017442,-0.4545453610304468,-1.16411783404944,-0.5786618892672268,-1.0838211859014377,1.1123478935723083,-0.947366929855079
0.8913669415576371,1.2843089492466453,-0.4135961998804948,1.3334587375966767,-0.22792714191768426,0.7237988063628317,0.21823036827884362,0.044574256434503245,-0.20115572724813305,0.05030405050935462,0.2481967047989078,0.22325670728351782
1.3877180479927664,-1.0648949369085046,-0.089714903674075,-1.0368237963346882,-0.6180206921386576,1.1735499732973584,0.5706279488735281,-1.063060079209372,-0.8216891464393382,1.7606759090303208,0.12116058144718177,0.0011124605214164903
0.7539258509635964,-0.08505497151241616,-1.1400922788660446,1.2129372554808202,-1.1646824627624845,1.2255170210849051,-0.05226884710975991,-0.724036180348597,-1.1607121685266844,0.5172081864741311,0.8238779295533286,-0.7715456269166023
0.8474999799839797,-1.1275728637007625,0.2818388221922514,-0.9097924164210234,1.5609320334833099,0.5241785604227405,0.2525793617000927,-0.13308596571691028,1.3021287377544115,1.2689608812778252,0.10796918806283891,2.0243737374479664
1.3070540162296491,-0.28382613488540476,-1.5100319835081923,1.231117463612264,-0.3211639855645939,-0.6766631194572796,-1.51180088957044,-0.11924626034340395,-0.33321548371973914,0.2299965051979437,0.1556867237631582,0.30864793154242276
-1.138952170374913,1.6472391829059456,1.12208728554499,1.7082369152019974,-0.7614246544064911,0.09344719555129405,1.518096114814104,1.2861964493399418,-0.4106363152804913,-0.8103600305882144,-0.987091175350113,-0.985905036993711
1.519417498629856,-0.4398558626594231,0.08486683371655761,0.5161875713240026,1.6518552271650655,-1.5124643136358047,0.036887102230226385,-1.7643519775517646,0.3568693172898789,1.2529274545564935,-0.9837928352335231,2.7447867524199507
-1.7230635937016285,0.9583228745803883,-1.1684561793219919,-0.5769846734924969,1.672328593215233,-0.5814732793716999,-1.5864501822672696,-1.6397179700764586,0.4477404282173579,-2.4553551754281764,0.30125286855688665,-0.27743918646883436
-0.6459070827819725,-1.7123653217454233,-0.07943709834770579,1.6235871756184315,0.6324789478575176,-1.0072341747929736,0.9732087836342469,-0.24157151026956938,0.4440333607520446,0.948278812661245,-0.928605698949156,0.06799748522544534
-1.0177275942668056,-0.6380836571244008,0.7095451387885617,0.20513840521169419,-0.730125192320974,1.694905615209778,-0.1729599511448486,-1.6943991852697857,-1.042954014850249,-0.44036788214970235,1.2848269688929865,-0.9293659754693125
-1.4545158292188698,0.727034414228771,0.08128410121091706,1.0216035543985849,-1.423856086834144,0.0036310087285404092,1.2394754833918336,0.6175230066264688,-1.2181331093456536,-0.6950693376322447,-0.8144954872248829,-1.3779352482666576
-0.07801346507241275,0.25124629733120746,-1.520485555712363,0.6933941674710615,-1.14023570121538,1.3585515113951272,-1.4864996232748162,-0.5856201709365616,-1.120521344512079,-0.9500117941523588,2.5474412116401512,-0.9381416180888889
-0.9241513122256297,-1.013578458296206,-1.4565512134214396,0.09880275927489816,-1.4309325957060435,0.2050350172582796,1.367724799092465,-1.2085394753471208,-1.4167563419432718,0.6114173901703467,-0.8693658211764842,-1.2982475438612207
-0.81950614158434,0.20261309316771928,0.691775543536532,-0.17955929188119607,1.1925910754547244,-1.510904938293264,0.5231330200335265,1.2299250354369293,1.7310534597993006,-0.3768107817575056,-1.0287484686575579,0.28499314183691044
1.380264707131026,-1.6511316870551305,-1.4025948054410406,-1.1605539982087665,-0.20634936628399664,-0.47903344180168816,-0.8103570692624965,1.2731210865679408,0.2024557452683528,1.3393023815547018,0.060557541496301805,0.4729269551121631
-0.5212606406908848,1.2736660817219962,1.4912111612968033,1.4634201961067803,0.6795417862694741,1.45417189308572,-0.9229690300287215,-1.0054374066870042,0.13047268426582592,-1.4739927594877653,1.9977752128699002,0.1840399890677032
0.5938884853845947,-0.33498236704635825,-0.4412452357320719,1.0920431043397705,-1.607427220996061,0.9322253620324434,-0.7679946929956349,-1.0296170766329842,-1.524872650795847,0.16757044702477641,1.3363576498541532,-1.2297040087895532
-0.6415699494924436,1.2807923391415088,-1.5739734933332081,0.8474659631330038,0.6429537042600324,0.1686817662740517,-1.4663990084821927,-1.3921663047845316,-0.0726452117331941,-1.8390728489707395,1.1290175156006883,0.07766053646470893
0.8194992238455623,1.2380938243675224,0.5641429824529337,0.5356331414172373,0.9360948636232687,0.6383933144727418,-1.5460339632018743,0.3518693415820638,1.0035216006039924,-0.887815592106371,1.7498345112353524,1.3671056437847415
0.24206381617964168,-1.3364198556419942,0.30812911261228904,-0.6123185154111462,1.0458251602394824,-1.5727965390056875,0.20812882132140473,-0.10177595424371552,0.8698875420129802,0.9501896433189791,-1.033790045663776,1.0268435256295776
0.7662539203024122,0.4878679026612715,0.5527383577929893,-1.4969961912788015,0.04881277608039998,0.2072257441816403,-1.6377407807951947,-1.288663293289227,-0.4263870033395391,-0.5880993311264083,1.2977524878711129,0.44180879375975773
-1.4651027157584962,1.7326832048174199,1.3858723393906354,1.4072959278168118,-0.10894554882676882,1.4822052285000655,-1.535187502114626,-1.4718894831375604,-0.5931912495002047,-2.652317558037652,2.751107401229533,-0.808597354194926
0.4065028161229316,1.207787251939205,-0.36817046068670534,1.6749251743475797,0.255687717009373,-1.3689458054582198,-0.07051744236996874,-0.45280156920492837,0.04015272932605845,-0.38239512059461356,-0.8784386651200757,0.4388485499955472
-1.7333231347846607,-0.29749767249170117,-0.1017541761470226,1.0658924949885753,-1.5466726934178936,0.012483488358103307,-1.1802346053744448,-1.5627454938521002,-1.5266507972390475,-1.61129862020275,0.7598347313915658,-1.4669668227518415
-0.19425322137105525,-1.3803120251456202,-1.6924822416867698,-0.8232079949112442,-0.775383372635162,0.1533754845994142,1.2859394562016249,-0.2318618282483379,-0.7542714301385506,1.2410212087464296,-0.8192080998320745,-0.6893109288160743
-0.9874987609029233,0.18418327675050938,0.32131252260939147,-0.254312455696398,0.6535522098407668,-1.2479813175057595,1.0060678390386857,1.3019935959665074,1.1699021449158487,-0.22885229174439725,-1.0030471840114201,-0.15158054578989943
-0.9933264585035186,-0.9305547202828998,-1.330833444499667,-1.358803260568215,-0.6610343390145996,-0.46243396522442554,-1.0965593938213822,-1.7570771904007823,-1.0158404623653488,-0.7534526960913087,0.21250810616963298,-0.8830073367827883
0.8089542766752099,0.0315231356095136,-0.049080507198600236,1.3795757835926756,-0.9144737101551459,-0.5223159826332161,0.9539255974571222,0.3842390363748029,-0.7544714922879838,1.0155542743974297,-0.7824884781766716,-0.5069481505837984
0.5361945208700564,0.2905494586387339,0.5792167364596552,0.5443060798681734,-0.9322749711536434,1.2237278933638662,-1.459170408193036,1.5803317548566653,-0.5448584334154706,-0.5478181508415794,2.3584972956267274,-0.6018112520973852
0.5510700748267124,-0.18747836941768592,-0.46048250180616035,0.11787413455156943,-0.9822050231886631,-1.0058350450507443,-0.8357165530759271,-1.0283237791873476,-1.0751532695938733,0.028816117231706392,-0.4241946713809138,-0.6447150447917427
-0.7108884717692602,1.5208668840299955,-0.5033426145129907,-0.38272036921951585,-0.13768065635537485,-1.0013208107536102,-1.5847993654666646,-1.6734146396437666,-0.6770579737052562,-2.068895784001134,-0.20999101774133094,-0.4570976832986555
