hip_flexion_angle,knee_flexion_angle,ankle_rotation_angle,angular_velocity,linear_acceleration,ground_reaction_force,postural_instability_index,biomechanical_deviation_score,fatigue_level,movement_intensity,biomechanical_risk_index,movement_asymmetry,fatigue_grf_interaction
56.42698610480755,126.0427809386834,-20.144739796119048,2.0713916221348967,2.8239194892344663,3172.4964448689007,0.5368591465026183,0.6247953987187252,0.2498674652579293,5.84944317158373,0.5808272726106718,69.61579483387587,792.7036452191843
23.66832028905979,41.60117395760636,-0.5567363588764209,4.859271472650241,9.7213031459307,2139.429083076129,0.5558708141989593,0.9011776232173556,0.2834611492640791,47.23845105400609,0.7285242187081575,17.932853668546574,606.4450266577545
90.80725777960456,88.73099563717686,-1.1185925693954104,0.7850968951585096,0.9445384392709476,1791.0395971166013,0.2531989070128102,0.2082318086082144,0.0397112075722472,0.7415541960294854,0.23071535781051233,2.0762621424276944,71.12434521121135
84.11476328852973,130.90458953111073,-26.17330811328649,5.441125566212191,3.580153679922304,1205.093896435756,0.0547449822595951,0.5182183156359275,0.3389699261728214,19.480065718793906,0.2864816489477613,46.789826242581,408.49058910614593
33.68856300688073,82.82387975465886,1.246901778609093,4.139452754541761,9.385834558713304,1515.5206382764186,0.1365030120835821,0.624943770407832,0.7815231295330671,38.85221871773904,0.38072339124570703,49.135316747778134,1184.414432097738
55.09150125520787,106.69439253786004,-16.742995436038246,5.254382857776003,2.767571397879599,2543.8463315973013,0.2682872004277726,0.6637343606939384,0.3086326485239506,14.541879710689733,0.46601078056085554,51.60289128265217,785.114030758811
39.52429877980445,108.2000190451062,15.102421490376583,2.6506807802006924,0.4119183556183257,2013.9118639323049,0.3787033555811593,0.3385540274370513,0.0969173270669948,1.0918640682493699,0.3586286915091053,68.67572026530175,195.1829548008283
71.88380571260721,146.14320418140366,24.44642198807469,3.676974648894325,14.028453210642471,669.8766721326741,0.1308811385535759,0.5159458785254234,0.7093142948034834,51.58226681873256,0.32341350853949963,74.25939846879645,475.153099299092
106.70723185801036,123.58211866720198,-1.1099638240862006,4.478940142952016,2.3563414841124533,1393.5781951706338,0.0656260881778175,0.6415796812433943,0.0696458677482656,10.553912463694397,0.35360288471060586,16.874886809191622,97.05696267772063
57.5582952639944,97.15784201842968,-2.475598049413776,5.202357107588109,3.2115809388693908,1037.4917548704525,0.7621875111940821,0.1404990097955173,0.8735555762270888,16.707790923921667,0.4513432604947997,39.59954675443527,906.3067077567117
31.00519245276768,127.14192896698538,-7.401511865241026,3.024172841282512,13.513935256910848,1956.902895240021,0.9994606810596732,0.8794626935118923,0.6549411045673216,40.86847598279999,0.9394616872857828,96.13673651421769,1281.656143739489
32.80458389577724,81.38395379107376,-23.226148771602336,1.1930111532519685,10.108462002736506,3285.666598682408,0.1910621393463581,0.5218622953321788,0.5130772183680499,12.059507911488382,0.3564622173392684,48.57936989529652,1685.8006789367817
101.91023176741996,117.5409874382876,32.63764240342611,5.288786505015916,11.5692246805706,2967.972405441282,0.0310681302444563,0.8386217961980568,0.5876944695313122,61.18715936409886,0.43484496322125654,15.630755670867643,1744.260968399387
114.72485773838586,51.25797473368631,-17.790007558365563,4.07229911339096,14.675487961045718,1097.280259807777,0.5391937941273144,0.707947826701189,0.689109081486824,59.76297661234618,0.6235708104142517,63.466883004699554,756.1457919697608
48.975145291376805,127.89997499887411,-32.335962475611744,4.007285357927645,8.502401544658793,3410.2233700001207,0.9764896611478872,0.720333369165993,0.499618411998762,34.07154921713258,0.84841151515694,78.92482970749731,1703.8103846805268
31.706701642760585,134.15019534240264,34.95633050778132,3.728150786073989,11.982959274917638,2647.9540806251725,0.5908045335179158,0.665784401468871,0.1303239467023281,44.67427904027679,0.6282944674933935,102.44349369964206,345.0918264736072
88.30067734163569,89.07334277376418,-6.306203034886671,4.140829196366277,6.027122269843563,2845.339477786179,0.9122075712491822,0.6041739381725918,0.7435442696372946,24.957283865037613,0.758190754710887,0.7726654321284911,2115.6358638806855
79.50779307002549,61.11561106389285,30.509759494620965,2.5609708377905704,1.9394030005742915,649.5804391974928,0.7486721752509908,0.9217266694516614,0.3287459883496065,4.96675452719429,0.8351994223513262,18.392182006132636,213.54696349655123
106.17856210135172,45.80745281454743,-19.575354062443296,4.1198790336366535,8.9873594236618,2939.4260134451765,0.5780721020124125,0.3578411586415332,0.6490806020188844,37.02683365730105,0.4679566303269729,60.371109286804284,1907.9244063969645
29.36747678280925,81.88017612511223,-36.311897682410326,0.9595488563087936,13.47923587231168,1004.0601565780356,0.1903817862970347,0.1315653066393546,0.0976187605351489,12.933985365193136,0.16097354646819464,52.51269934230298,98.01510798787537
58.61026378007743,45.78812221527117,-41.063483492194734,4.000058548433559,10.03117745272622,3470.855511754824,0.582144802814742,0.3732073691051268,0.7636104796141586,40.125297120631494,0.4776760859599344,12.822141564806259,2650.381642002547
23.73481887492144,45.92589048516725,-19.73851060356231,5.325427492230613,1.2812762410047571,1052.9041908502973,0.3894346800776732,0.077993866409409,0.6932095422188678,6.82334371898863,0.2337142732435411,22.19107161024581,729.8832321396619
71.16774421156661,109.78940693846616,-44.60730573147218,3.0207797702316648,12.055700855249125,1059.7702906195027,0.6657652402653673,0.3255811325190114,0.0347991998683501,36.417617259501135,0.4956731863921894,38.621662726899544,36.87915815780755
26.337497047276774,82.74140263594921,24.31423905813864,5.709388045951363,6.285670244491911,3245.869821137822,0.4593460101728227,0.0491608291550481,0.2626336123660736,35.8873305546943,0.25425341966393544,56.403905588672444,852.4745163954473
75.96403313082179,142.48656797965427,7.207995120250914,2.4519372591760478,9.571115297093938,1828.081105902308,0.3033642822141704,0.9731447114269086,0.6952296557477357,23.467774208814454,0.6382544968205395,66.52253484883248,1270.9361979354014
110.6354385094736,98.47316959665956,-13.74506648725432,2.55217440132311,12.082066918259873,1733.433009439961,0.3202987424967425,0.6040049977395001,0.4415472888798304,30.835541903855642,0.4621518701181213,12.162268912814042,765.3926457730203
73.93422419156508,45.5417905539365,34.41747315666049,1.6792356564624051,10.749310619180337,1345.7550667917549,0.6720595026617354,0.5718975224589538,0.5298338889620703,18.050625674117594,0.6219785125603445,28.392433637628578,713.0266406286861
74.16342146608669,87.71674678633485,43.63725624862282,4.127282899082299,3.4819802381256637,2520.259186734298,0.6491539648308727,0.8634914504628183,0.1641849640563587,14.371117491758564,0.7563227076468455,13.553325320248163,413.78866398667856
82.42379959139922,46.45316468747989,12.235923644735564,5.365227885262875,12.05578658832473,2560.0358351723885,0.4078942367801904,0.6623718599127535,0.1010282464912585,64.68204238245804,0.5351330483464719,35.970634903919326,258.6359313822509
79.74131021703083,82.08232394086502,38.96323763127049,1.7859705820118523,12.691090768559974,2976.319687245886,0.020121721853074,0.2788719262609649,0.5769591501209791,22.665914766290303,0.14949682405701945,2.3410137238341946,1717.2148772417247
65.45410647677733,95.33869175530197,39.96378844428581,2.023568883792884,8.346729465526764,1838.979079959684,0.6225753978327817,0.4394653743584421,0.9277914793753156,16.890182027877167,0.5310203860956119,29.88458527852464,1706.1891211360519
45.46406547637638,104.35055458773957,-43.4202872970034,2.0488882315809747,12.321774452278856,2469.688107198957,0.6614662053236519,0.5373791904438551,0.0677963958281125,25.245938667469257,0.5994226978837535,58.88648911136318,167.43595248764242
93.1993941811405,134.75350030516898,36.562912246893305,1.8775734433587443,11.42639785387337,3063.642179606541,0.8723945633548149,0.8312458050899425,0.0957541986633576,21.45390116368399,0.8518201842223787,41.55410612402848,293.35660189948663
109.00053418175663,104.17868811817428,-22.10475772423377,2.982117621660902,2.5236461450717287,3464.372227863906,0.826867847173362,0.5703125078265039,0.3355572016966571,7.525809640055007,0.698590177499933,4.821846063582356,1162.495050417626
104.96473906774116,51.73792194416164,21.64285187581672,1.9105468355922128,6.454846233903731,936.5464483620774,0.6693154163635017,0.7890406042020471,0.1362505650919778,12.332286046419085,0.7291780102827744,53.22681712357952,127.60498282421786
73.71065418185478,66.37540271343943,-11.816354622168433,2.688261366595849,10.79022836011749,2525.6925126861124,0.8649949762077763,0.1474530092661795,0.4127583202773934,29.006954037250733,0.5062239927369779,7.3352514684153505,1042.500599073509
59.71835296184548,54.48427615546786,13.91856181793591,2.856518471168375,3.6879768594902815,1076.9473183530515,0.3835673910072921,0.4415340103788969,0.4938470147415613,10.534774020375524,0.4125507006930945,5.234076806377622,531.8472182025844
97.64129607419969,92.37287382672211,-32.16652703262821,2.2890984009896127,0.7792188534351651,2249.317271839694,0.693400853429044,0.5365781900286203,0.7156626520723114,1.7837086314193957,0.6149895217288321,5.268422247477574,1609.7523641168516
84.51727904094498,106.08068437195335,-24.55383986788366,0.8877057010372955,13.11691607818451,1837.4766494810483,0.5119386306819278,0.0968187309872186,0.6380927257964524,11.643961182632152,0.3043786808345732,21.56340533100837,1172.4804838546945
67.60504021990997,33.143605023847776,-0.3367122405874596,2.6872642793818007,6.463865175869114,2976.604524561247,0.4708164193658981,0.8951000290662443,0.0667502548507569,17.370113993853032,0.6829582242160712,34.46143519606219,198.68911060437935
103.59801205122058,84.27819414219601,44.353515509916335,1.697170697692948,14.567009719108816,2026.8771212661427,0.2775228049023925,0.0664053534604973,0.3957448298473544,24.722702048279864,0.1719640791814449,19.319817909024565,802.1261414769651
52.2956472941246,126.20736996837502,10.535986450602117,0.8779252274817854,9.488387590238784,1667.6258558703164,0.3673405152772799,0.2975707164408154,0.3377479967348472,8.330094833595734,0.33245561585904765,73.91172267425043,563.2372921234344
48.86305532402558,33.09742883393844,15.978804071305788,5.788207785157617,7.632259796680005,1843.9149691465695,0.6618603122150055,0.4144298124670366,0.9628704940018096,44.177105573488696,0.5381450623410211,15.765626490087143,1775.4513172394888
55.67533266935893,80.13201386008005,-3.668411016273773,3.930068280596464,3.870092479711773,1483.6519820547755,0.572772509737109,0.7785158800616635,0.1697584982071358,15.209727697490154,0.6756441948993863,24.45668119072112,251.86253233565907
92.90071680409874,81.33277604830349,33.352058254140616,5.263525984864304,8.672851679623568,2054.0312941282937,0.0351592502711941,0.1826251302531011,0.2499589812394955,45.64978017857268,0.1088921902621476,11.567940755795249,513.4235697143508
47.993389694594285,56.30567848296532,-17.156455392349613,3.710424732522502,7.271041473166631,3496.3788074469635,0.3594238268308171,0.7028664440501013,0.4412296690917168,26.978652113234315,0.5311451354404593,8.312288788371035,1542.706064229115
86.36711653626482,32.90301166696263,-10.753406111709497,5.855902273464323,7.178995076306634,2873.9321429380007,0.1989297797950383,0.9826524114935692,0.1164455240847114,42.0394935885332,0.5907910956443038,53.46410486930219,334.6565345683132
82.58599157142365,34.8131029694979,-44.08819343750309,1.828253453960584,9.508736009487007,2578.726733074303,0.7097370848010203,0.940639999186114,0.6466211336575554,17.384379452144,0.8251885419935672,47.77288860192575,1667.45920353355
78.12382214226122,46.21995469857873,-16.93225278748051,4.173273486854473,7.665591789009674,1716.4150289912554,0.3555297971520076,0.6895342089054152,0.5894708030932468,31.99061097412342,0.5225320030287114,31.903867443682486,1011.7765455807939
37.32018699100152,134.19270064900564,-37.78379873262869,3.9781522838061303,12.325265008756094,773.9772030006711,0.6509717452185445,0.6938633423283945,0.1797978134950754,49.03178114309884,0.6724175437734695,96.87251365800412,139.15940879455476
38.656702405130574,43.96396774625713,21.473771231909765,0.6373441416437728,10.098093409940356,668.6417163796355,0.1519801824740512,0.8709675998625426,0.2522231342306188,6.435960676597075,0.5114738911682969,5.307265341126559,168.64690938261214
29.78341606510015,33.67830026469673,-7.294698883127211,4.097730053653305,3.323358386699323,518.55146792269,0.2862798621119409,0.5336169313092108,0.7850718615635127,13.618225540238578,0.40994839671057587,3.894884199596582,407.10016623855836
22.058449429580243,56.54513301835227,-41.97477598350456,3.5187226579254576,0.6166232929683891,996.4993239909668,0.8036934518773025,0.2504829467497634,0.839408037609272,2.169726352372478,0.5270881993135329,34.486683588772024,836.4695420302236
37.436642900499145,94.79824556590266,30.3337012718646,1.521056876956837,14.933976617311249,2949.9657296048704,0.5270076245815337,0.4760567021510618,0.288152135777403,22.715427834073875,0.5015321633662977,57.36160266540352,850.0389254557883
99.57926694361012,89.86657841416273,-38.61610054796039,4.853570114252535,5.936962513377945,1529.0801377700732,0.1949427689701598,0.6060138319360813,0.0264469025976674,28.81546382436881,0.40047830045312055,9.71268852944739,40.43943346763297
61.87705248920731,149.80170136715395,37.88950689869184,1.7731136757091397,6.810220748133812,634.581672883151,0.8193982309664928,0.8937741877619448,0.339203431271918,12.07529554311419,0.8565862093642188,87.92464887794665,215.25228086423866
58.08908566310215,142.13232321666172,-32.90083835326904,3.080089660761683,8.699044527579806,2232.060203659003,0.2117981498815027,0.5058092225923297,0.4243890180725104,26.793837107904057,0.3588036862369162,84.04323755355956,947.2618381095718
110.82658859666536,115.00355720580416,-14.831275736621452,3.966359707008869,1.86145747213722,1429.0751333155672,0.5797714417624796,0.7699736182066009,0.5342204099312473,7.383209913795653,0.6748725299845403,4.176968609138797,763.4411035423942
116.95846277645586,134.96420072210393,-3.752942262420916,1.629331162887399,14.023052277426276,1092.6677170354346,0.51351786674177,0.8782524677323466,0.127311878746725,22.848196074409742,0.6958851672370583,18.005737945648065,139.10957990167609
64.74123668234546,58.15704982265443,14.974687222038582,3.1737176686820825,14.290562610740997,671.007162655802,0.33799878102849,0.0438468524966298,0.8089777496137086,45.35421105311625,0.1909228167625599,6.58418685969103,542.8298644199704
84.32882184423532,55.27946268067999,-7.016916588512487,1.995703216801468,9.104953863750088,1181.7831606789869,0.4657255776674975,0.4538465638069116,0.132603990746811,18.170785714715006,0.45978607073720457,29.04935916355533,156.70916330341345
115.39285770025872,123.191622335009,-41.8796759946165,2.8591938338657936,5.999464670319653,1762.2096877058505,0.0948491932531561,0.9055821375731322,0.6773418460815164,17.15363239187363,0.5002156654131442,7.798764634750285,1193.6183630534133
93.50710438038858,108.80839974495508,-16.301986351097504,0.6852202213095522,13.182699341382408,2444.8925818964044,0.4596147517329264,0.6874368609408673,0.2579395067869006,9.033052160159341,0.5735258063368969,15.3012953645665,630.6343867213105
115.40510272587224,115.08555140669192,14.26864641030494,1.6577881681593862,2.660258959329111,820.1354573070628,0.1884998527955611,0.1918731844045015,0.5858521224331683,4.4101458270158025,0.1901865186000313,0.3195513191803201,480.4780983460398
72.439026932758,51.29145233636483,40.54132535177662,2.554018698229879,1.1286503599794864,522.3894212516582,0.9577666581762224,0.0092008976253794,0.8610088213080136,2.882594123151492,0.4834837779008009,21.14757459639317,449.7818998556656
110.04180571633304,71.50596683435481,15.365908071525062,5.740482593513783,7.5493889802753475,2795.9488985761586,0.7827456742513867,0.5049328040894001,0.3350085699576958,43.337136032935405,0.6438392391703934,38.535838881978236,936.6668421867935
31.97621318192512,40.69493185392199,-40.66325888460334,4.683166033504053,10.605109504668532,2289.039492490328,0.2676684371942975,0.1647177469429809,0.5361922792822041,49.665488613854656,0.2161930920686392,8.718718671996871,1227.365302845369
39.87156815341724,58.0329301259892,1.744727355354364,3.8550407939371714,10.179607867857008,2721.990743199878,0.3050996868195266,0.432437166716503,0.4148468503015949,39.242803596872555,0.3687684267680148,18.16136197257196,1129.2092863665669
38.18800843991448,45.40731473449503,4.725087066710017,3.6225002486208,7.616393530873394,698.1659234664802,0.3840190739649581,0.7249127466244395,0.4028900310500486,27.590387459182722,0.5544659102946988,7.219306294580548,281.2840905834961
86.01973767177313,134.6140279910642,9.711469268163334,4.715832772429216,10.1165352406835,1714.9057621285654,0.5457496797794357,0.4823562085827529,0.2060737799371752,47.70788843145034,0.5140529441810943,48.594290319291076,353.3971126378757
84.99639307777652,148.39951119205756,0.5639453545682471,3.168020629887471,5.137457699557294,1498.1884295311374,0.3645664275198644,0.0945563447743882,0.4224457900308791,16.275571977371737,0.2295613861471263,63.40311811428104,632.9033947284034
71.83296523637367,84.62641788981614,-5.095798705873108,0.5996822257515135,5.870388730230135,663.8309096404071,0.9747600813361952,0.0004015440253398,0.0219865220393236,3.520367779771009,0.4875808126807675,12.793452653442472,14.595332925193045
57.728416310462265,141.24011615091544,18.228645138132627,1.641475149131369,12.197998896104462,647.0139349138207,0.4498039907044286,0.0238841913191427,0.6042595159869252,20.022712057087347,0.23684409101178566,83.51169984045318,390.96432714782117
106.85991281894604,78.82895528674447,-41.44864203981906,4.1726832538173415,2.4651777742772123,3074.968816636574,0.0705500637098945,0.6507883208469019,0.5201807365667597,10.28640601640923,0.36066919227839817,28.03095753220157,1599.5395439578303
32.46626812032669,61.805571399000485,14.994043114195732,1.7458689431985814,0.2971093122888804,2962.5470277893864,0.0128216495106058,0.1033949366300415,0.8457448783257632,0.5187139210602449,0.05810829307032365,29.339303278673796,2505.558975552086
61.96000624277899,109.04493306010514,12.276123316506634,1.2717848500643325,1.383368872048837,1818.688825318696,0.4666831558308641,0.18913869632674,0.8642306022615571,1.759347573522295,0.32791092607880207,47.08492681732615,1571.7665388315404
101.54614284548342,32.144872168009655,34.00470703368367,1.9910293957023617,9.08693678983191,756.209090488165,0.4606727916549932,0.0744284184385156,0.6858762750864646,18.092358265444584,0.2675506050467544,69.40127067747376,518.6658741705459
82.8942846779884,146.3294786802345,37.497171225708655,0.6713200103636509,8.650601160188735,1282.5477378862668,0.0278410512625862,0.9871000859241166,0.6629062523445658,5.807321660509712,0.5074705685933514,63.43519400224611,850.2089143751856
106.31034258755936,124.36140172986624,-42.55493208969962,4.55094375584136,10.416079161700772,724.6875260059512,0.4473027562526006,0.3356092442409013,0.3137821433057287,47.40299042129144,0.391456000246751,18.051059142306883,227.39400513707335
44.0145618778193,46.37277030680798,11.230547651046225,2.3052820812308665,14.488020731475329,665.3046054764933,0.410303721872662,0.6751298858444197,0.4703240479372064,33.39897458477139,0.5427168038585408,2.358208428988682,312.9087551589704
107.72005408131082,136.392505828856,25.66705888335676,3.090281388391034,1.8751960127411176,2548.013457388278,0.5631643884539549,0.633849818735324,0.9820773786356308,5.794883337758952,0.5985071035946394,28.672451747545182,2502.3463769601904
35.61525973661904,95.0684646590218,-2.1297840029011117,2.8055058174616674,9.677646550544006,1274.901287382777,0.4346781483164702,0.5435955749112921,0.1125041332380915,27.150693696889046,0.48913686161388115,59.45320492240276,143.43166430112632
80.617463445088,42.82523077136926,23.95043395160276,4.94963002160422,7.819354720801137,2448.6680202708853,0.8049668338816853,0.061216658143572,0.6741921166150008,38.702912875649986,0.4330917460126287,37.79223267371874,1650.8726754738918
118.68869366005173,64.4686789984898,-15.28064416156522,4.218144584289011,12.718619643991396,536.0090818180477,0.2388451604036069,0.1829229259620847,0.570664578980789,53.64897657093413,0.21088404318284582,54.22001466156192,305.8813970055755
30.65982531337718,84.98242640854713,18.43839090390436,1.7337520736943943,9.983329571609628,3381.1003238663907,0.9348220404438012,0.688292998427255,0.6374453787179021,17.308618347152763,0.8115575194355281,54.322601095169944,2155.2667764302328
116.24472949421111,128.9617159110179,28.715716247549054,2.541121161365703,5.206690788875816,2226.9957589922587,0.4663745945045485,0.9457764972463472,0.1202709631286068,13.230832144300223,0.7060755458754479,12.71698641680679,267.84292481732166
55.058755880659696,128.7137182216414,-8.741404563062659,3.021372832722909,3.5431047078299938,3292.016766687195,0.1548413946474549,0.5003051563545148,0.4852807171101982,10.705040307730183,0.3275732755009848,73.65496234098168,1597.552257276758
99.98552559473151,72.65916125296289,-28.65474290190576,1.9626064784766533,13.225337892116812,2444.0909541656424,0.565888605101759,0.0795881473720424,0.8280432857742522,25.95613382711122,0.3227383762369007,27.326364341768624,2023.8131044184458
111.09271844938424,99.62068430727987,31.85657702598799,5.853604405406516,11.045663680586973,2012.398525755315,0.7714733448596064,0.4149977583707542,0.0004102894391748,64.65694558132266,0.5932355516151803,11.472034142104363,0.8256658625283424
28.84925020519195,122.06259467173524,-3.393399509945354,3.820004603076563,12.293868329215076,1813.150474800624,0.471902510564523,0.8026562441522198,0.3363127275049555,46.96263360721876,0.6372793773583714,93.21334446654329,609.7855815571029
63.91349085702184,74.13112210527476,41.64915152278854,4.646274454904521,5.684891372814966,617.0192622884543,0.2381248432539987,0.6652728362369108,0.089825752572084,26.413565564417272,0.45169883974545477,10.217631248252914,55.4242195865325
43.76375439923997,134.62122332942783,-4.468411898512862,5.036087805408542,14.36871152946156,1922.473837637239,0.1360562344316429,0.3144341058114054,0.4022946780763187,72.36209291295448,0.22524517012152415,90.85746893018786,773.400993622418
114.88855372533332,44.468026293273454,42.480479666838335,1.0575509365423752,14.889468752767677,2301.749590961408,0.2336904488253636,0.5867679078445912,0.1092794453681599,15.746371624107887,0.4102291783349774,70.42052743205987,251.53391867665158
73.13546315681481,142.34546954924278,6.484377903237075,5.984502946466227,14.09957197647497,531.5396736249604,0.4426548482604331,0.4303164280423909,0.2590351441033471,84.3789300371271,0.436485638151412,69.21000639242797,137.6874559540877
112.18742350231167,72.08541785420522,15.212010359619748,5.826955324349407,0.3413859203580614,2474.9223185181854,0.492982710458089,0.1197467885005318,0.397634985732753,1.9892405062883285,0.3063647494793104,40.102005648106456,984.1157008136507
66.26797856696064,129.3045474680249,-12.08873265647658,5.473978762466214,10.808899887606817,3172.921654072112,0.171085966857162,0.603755143837613,0.5993635517382656,59.167688430383166,0.3874205553473875,63.03656890106427,1901.7335919719135
25.16817211686077,33.790337379077044,27.23271116218315,2.884097280155989,1.3011695370270662,2850.5045077637265,0.7829236142575724,0.1290364088894249,0.7882752081708296,3.7526995227615894,0.45598001157349866,8.622165262216274,2246.98203424934
78.3656111850872,104.33884152115374,6.955112630981809,5.246482572473797,7.373847362131129,2237.9402083653827,0.3718367845664194,0.0725747980447107,0.994287985761059,38.686761677502844,0.22220579130556506,25.973230336066536,2225.157062029301
119.68742518459472,53.69645878319248,-22.40987550639297,3.592038460854888,2.2038660467040554,2708.1062012781967,0.448851365652003,0.4940116705993056,0.6571976616400622,7.916371602333182,0.4714315181256543,65.99096640140223,1779.7610629529825
84.59172413316013,77.637782048914,-25.92053507712077,3.883210272976599,2.919017306616288,3388.197751583417,0.1349784860716421,0.476991915378175,0.1557516228655298,11.335157992048853,0.30598520072490853,6.953942084246123,527.7172983984564
91.90459051842456,52.13715037603672,20.435108545385106,2.185380524868544,14.512340736517436,3223.283730950536,0.8425545014651813,0.2748956582570877,0.5919144044190701,31.714986815841627,0.5587250798611345,39.767440142387834,1907.9080698792648
27.513778173580874,87.95626465024262,28.541532781402665,1.7434348905580948,12.602585512114212,633.764278202432,0.8349567750521169,0.2197227501103968,0.553427700787068,21.971787293061873,0.5273397625812568,60.44248647666174,350.7427073265477
101.27995672575024,134.17707052530065,-5.360278471881834,5.896148493273646,6.204125752458535,717.9967627434701,0.5952768411040545,0.3396606204814427,0.179659289029912,36.58044670743862,0.46746873079274864,32.89711379955041,128.99478792027023
62.4130671302386,71.96438756950195,1.931367484932473,1.928189614227277,12.336627302939592,1634.9468214957783,0.4332509323090279,0.1153010903390493,0.6866504233540373,23.787356640120784,0.2742760113240386,9.55132043926335,1122.6369271414137
116.36199770892529,140.5017417378824,8.908065735948952,5.287898314481613,8.809692387565926,1870.6642152118009,0.7201113335149457,0.162902654477394,0.9132059618141724,46.58475752731136,0.4415069939961699,24.139744028957125,1708.3017138838466
21.215447468981637,98.04195131840014,-24.502523750711138,0.6052967739826017,13.614925210183824,2561.703030382049,0.6579499112045923,0.8179041768324394,0.2201292441975266,8.241070307738664,0.7379270440185159,76.8265038494185,563.905751936514
76.51331835892088,38.6501203198408,11.010893815552151,1.0679575488127662,11.769105320763089,3432.314552612037,0.3128446280056681,0.1645253723928124,0.5067700407177881,12.568904870081433,0.23868500019924024,37.86319803908008,1739.3941855834587
29.158207332663416,108.83461875205674,32.87661830180211,2.93158869073846,13.471220042991636,2553.3060832079223,0.579737114939772,0.2731596203699451,0.5149294953924828,39.49207632848355,0.42644836765485855,79.67641141939333,1314.772613008812
45.17822958253642,71.73710494826317,3.671437948698994,5.5642163465484655,2.105186379851206,878.3459671262317,0.3616660831950428,0.1325740774844823,0.7035283401815304,11.713712467299267,0.24712008033976254,26.55887536572675,617.9412803574589
35.25390429142614,118.50100313508084,36.71089144016574,5.660736507582239,1.150981000135053,800.4649925203007,0.1105431663085805,0.1230521235903249,0.2582643578871635,6.515400166998012,0.1167976449494527,83.2470988436547,206.7315773044086
21.08376514802984,126.68041835400638,-25.38967011705089,5.986955635711861,2.2240926699934227,1830.317308508132,0.3145876334140665,0.9706680277938704,0.2415062268560612,13.315544144962562,0.6426278306039684,105.59665320597654,442.0330271271403
74.92266647061206,59.65238808121757,36.68499023008994,3.5163053964645945,8.751613866053548,1347.6508025559165,0.6181029655616969,0.2459997403067951,0.1309312521267774,30.773347064978463,0.432051352934246,15.270278389394484,176.4496070083026
64.60057729579557,63.862448963184015,33.42726307717689,1.387520471136107,8.999954437127606,948.1449086792962,0.6215073111380841,0.104480316753958,0.931944139654372,12.487621020806793,0.36299381394602104,0.7381283326115593,883.6180911867998
48.20345725713065,122.81677508239208,-11.594481890613515,1.8386817577019177,14.400886204032268,1836.553443479484,0.5572518333184107,0.0947389147793441,0.9755273290209018,26.478646758095348,0.32599537404887735,74.61331782526143,1791.6080753216806
95.08710677914974,104.0573983924836,13.124014765783585,1.8695480485999945,2.6313173909639533,1683.4381725165726,0.4406031140591747,0.686024223935891,0.8583733797610624,4.919374293523887,0.5633136689975329,8.97029161333387,1445.0185137618369
70.15162946871996,42.59162141018098,9.058595989352028,5.017635995953818,8.767876046575681,1182.44481108062,0.6527281237772241,0.8750086997439702,0.7422010091211325,43.994010459359394,0.7638684117605972,27.560008058538983,877.611732014083
44.24097324150802,47.564879059469895,-3.231435649184654,1.7893408000633308,7.8561031758423905,2281.0538597262,0.8032121232440932,0.5929847477554939,0.0120699353006179,14.057245942041897,0.6980984354997936,3.3239058179618723,27.532172504119973
27.1188648460229,59.66772892838125,15.566996015498916,4.9821685069729655,7.724440962009043,1952.5190964902224,0.2093483993840987,0.1209606622384923,0.5807371397973519,38.48446649489341,0.1651545308112955,32.54886408235835,1133.9003554954415
32.70605126518848,126.07040389308996,-44.504478075562126,5.824361966279174,6.005058119923486,2823.4568093593725,0.8680981598670628,0.1607133491909856,0.77132314321685,34.975632118978275,0.5144057545290243,93.36435262790148,2177.7975809320897
100.62012797930612,96.93401008440298,30.84407119444994,4.877595129289263,4.606748130175898,2151.711903624093,0.5016991660064248,0.9712199118854944,0.0149985003771366,22.469852241608383,0.7364595389459596,3.686117894903134,32.27245179799527
74.06351216101065,36.23655403817669,1.1400953360774793,3.574826067206312,11.35149089993342,2785.669683132452,0.4852667423426215,0.2747050328071436,0.708676719965507,40.57960557073723,0.37998588757488255,37.82695812283396,1974.1392539496592
97.12703466859458,76.1191976591618,-23.508340975661465,5.707035509078676,6.493029302609722,2342.5587329570344,0.3231452172794172,0.5739751750317419,0.6095285097540636,37.05594879148204,0.4485601961555795,21.007837009432777,1427.8563335106685
28.413996499504883,32.95042997505618,-35.03514660063159,3.26722859903347,3.024061178921868,3448.8406386641027,0.402526355490142,0.135516873560754,0.4074052716113487,9.880299169000399,0.269021614525448,4.5364334755512985,1405.0758571392062
55.33522280260528,110.18553582660196,-0.6907067998936256,1.6617750731011205,9.190608038339896,1501.3297912093933,0.1306343815573597,0.0783382177620066,0.9779934237382346,15.272723344756026,0.10448629965968315,54.850313023996684,1468.2906626650836
61.46241237270237,58.883125419900594,-12.859095662954743,4.110252819253613,5.944045122159748,1209.4247367160838,0.1936238097954608,0.6145410182213155,0.7324546291337297,24.431528221127795,0.4040824140083881,2.5792869528017732,885.8487469965379
67.15761885501584,123.69139032821278,-13.671396614854071,4.384353894053942,3.9240433870728273,1858.6500812465351,0.7089000062515824,0.237070391174178,0.6641257392833504,17.20439490454937,0.47298519871288025,56.533771473196936,1234.3773592769144
38.651851039985424,90.89612805130034,-33.63617325919476,1.0796626995929288,1.51498260090281,891.0593901297966,0.9865694907793264,0.4582533147650479,0.6855386205626233,1.6356702047270446,0.7224114027721872,52.244277011314914,610.8556251489531
59.65427823212701,118.42484939330186,-16.065386887690625,5.120594431415599,3.6620891227179424,2965.517968258708,0.0785098684536098,0.1481007986271274,0.2868668749827939,18.75207316913713,0.1133053335403686,58.77057116117484,850.7088722596998
40.51396404820072,140.27118403674655,-35.83766853454168,4.139777528594012,9.45226626966625,1720.3212457160157,0.0194012456182154,0.4956539208832471,0.4818372535762582,39.13027949745149,0.2575275832507313,99.75721998854583,828.9148643046922
42.87981654916224,113.52247416645508,-20.078596135997195,3.7419969421658346,13.366726380743463,2799.7878341361547,0.1959801847017619,0.8814858195889105,0.7423102455337244,50.01824924350943,0.5387330021453361,70.64265761729284,2078.3111945999435
101.7443561738441,144.96881761432564,42.57703466750996,3.3275249340319286,14.490901563803156,1840.6225856013168,0.2309793105280636,0.1303516797147917,0.6380032352162481,48.21883627015727,0.18066549512142765,43.22446144048155,1174.3231644257357
27.056874740042986,88.40027297096435,20.15757499194844,1.5335620944842767,8.162595990694786,2099.970643578815,0.9207708496360754,0.1684405511319152,0.1973139705760599,12.517847803918857,0.5446057003839953,61.343398230921366,414.3535457776998
118.23786169086064,66.56149669176489,-19.133136318097822,2.0457736259178905,13.307067393206111,600.2707173065113,0.8587449685295802,0.5778770814409091,0.3255033381261354,27.223247511332996,0.7183110249852447,51.67636499909575,195.39012226263918
21.135364476741906,112.74321012378734,-5.036062571801736,3.2519769541855834,10.411553240292198,1600.0366391089442,0.6154289150329266,0.6077627687434245,0.642833390815738,33.858131194706466,0.6115958418881755,91.60784564704542,1028.5569781478198
56.89136395697725,112.80058689847988,41.76705748410974,1.9478604058490612,10.26985313363064,3031.1863781307725,0.1716781950432169,0.6506065232521034,0.6044889822584595,20.00424029288403,0.4111423591476602,55.90922294150263,1832.3187687519767
52.320293202075526,39.13570313883602,35.1232247716022,3.892309843188976,0.3420273038208601,1630.9585018605248,0.1023321795340631,0.7385390394759076,0.0635357224239185,1.3312762413013202,0.4204356095049854,13.184590063239504,103.62412665914027
21.309445658833365,74.66004286050159,-9.6787632393468,3.423646839777021,14.339177062270693,1752.14882540142,0.9147493287276603,0.5683191510779255,0.573499584935216,49.09227823424621,0.7415342399027929,53.35059720166822,1004.8566241124407
97.0967179954561,57.68037740613104,-19.1575837723882,1.5369733316208811,5.046375420564098,635.4540932368759,0.2049792328259108,0.3567231693089063,0.5323043638481663,7.756144442754127,0.2808512010674086,39.41634058932506,338.25498685516857
110.9320402078782,105.1069651724411,-34.67080153177043,2.719805512988752,9.32891054356088,2500.056955677539,0.1608602934850979,0.1506109530685191,0.7050632842053791,25.372822326555777,0.1557356232768085,5.825075035437109,1762.6983678705076
97.51328233611146,93.47245608326544,-1.377334158295774,3.1567183365738947,10.36740604084862,2915.52319208113,0.950279223611407,0.5272551499506771,0.1756722979685845,32.7269807518538,0.7387671867810421,4.040826252846017,512.1766589335949
116.99143978146031,72.19472246875613,-18.05439704654869,1.9770919209950344,13.370810986381452,2439.2221256842668,0.7925397676213367,0.5603486743503234,0.1567629475992946,26.435322378326415,0.6764442209858301,44.79671731270419,382.3796502716827
82.75580800840635,30.691039259774588,-31.608362753539595,5.567191317171365,8.597275387097717,2681.0555810424016,0.0100469810548315,0.4963227712843788,0.932133915398283,47.8626768863815,0.25318487616960517,52.064768748631764,2499.1028361574727
52.00496010306117,109.6565433146166,15.94085757615084,4.615011516268655,14.843629467426403,1544.1558664319614,0.0597622741783844,0.3636114491900638,0.4544827329553567,68.50352093539762,0.2116868616842241,57.651583211555426,701.7921782850445
93.80336164263704,124.27819416962784,27.63638134800327,0.7166550853105067,11.26560460600986,2932.805578017832,0.9559800588260724,0.0385915619381338,0.8531729786467225,8.073552829994433,0.4972858103821031,30.474832526990795,2502.1904707891963
96.02278598896864,48.24298237543778,24.582768652680443,0.5565647276463062,6.342649629314913,1006.2483151946884,0.0985468514129424,0.0334265330932216,0.8059701286709539,3.530095063495599,0.065986692253082,47.77980361353086,811.0060840723936
87.25184560770384,84.26388339401223,-42.21397881725908,1.776099991698459,5.09703693264019,1973.05928800673,0.7619343757430971,0.0859103882028204,0.760704806043895,9.05284725374898,0.42392238197295873,2.987962213691617,1500.915682996265
28.483771408519196,146.38944553287246,4.834033682221005,2.3804790295801967,13.1271792786425,1880.9871519282951,0.2688615449790066,0.6392628831813628,0.2700584661015557,31.248974990348163,0.4540622140801847,117.90567412435325,507.9765050064893
25.147875124998933,132.06980749130904,-0.5208797474730105,4.83062864713783,10.961194081566845,2370.515933742012,0.6250915526865286,0.4430399766351608,0.3209354383194404,52.94945813725444,0.5340657646608447,106.9219323663101,760.78257023871
82.03095513534646,138.00277480776134,0.0561841263376052,3.0277123146749267,14.954546319433875,2417.323540984119,0.9551751604781324,0.8106038482601611,0.8282127578865942,45.278064051726545,0.8828895043691467,55.97181967241488,2002.0581965826448
113.43670147690148,109.36447332844972,23.157918642099503,2.8717862838535684,1.2600621421706673,1526.6765743367137,0.7394746538841134,0.7194599676699719,0.4148476065605457,3.6186291766888674,0.7294673107770426,4.072228148451757,633.3381228556387
66.86931597949703,60.81318812646096,-19.911611482690223,1.3100155995365002,6.502133113991704,603.1305750551757,0.9985608065856286,0.6126843446746072,0.0225043274286864,8.517895809591973,0.8056225756301179,6.056127853036074,13.573047943293592
83.31014572732678,104.50986213209724,5.439656788239596,2.2970839811652244,10.98071292399061,3288.2104515474616,0.9374811723991048,0.1764119104278861,0.2072825225497355,25.223619759472783,0.5569465414134954,21.199716404770456,681.5885570711627
36.06813732595557,141.67142575726996,13.647578442954888,1.3837377159151485,12.598922542370628,3003.37475856829,0.7444421678375537,0.6928011986299087,0.1774818349910117,17.43360430177181,0.7186216832337312,105.60328843131438,533.0444633163868
118.0032575285477,76.90871950866176,34.97931722388587,5.110267315949903,4.620444600074084,1586.8804700006144,0.9419055872604202,0.3943411463506643,0.7684210711172421,23.611707024915813,0.6681233668055422,41.094538019885945,1219.3923904929047
67.34717707805657,85.51475480871795,-38.60931019200701,3.683437149815673,0.820604394626835,3345.108658366757,0.6452376445533317,0.3962772624917006,0.5544891143211708,3.0226447124704845,0.5207574535225161,18.167577730661378,1854.8263372858628
115.02373538208025,36.84656653815052,-18.89590212338068,3.414673228116281,12.2546061713292,1955.8719021851464,0.3456201689007895,0.9084375478722648,0.1079245549649938,41.845475614346384,0.6270288583865271,78.17716884392973,211.0866046118678
109.02637838909163,83.84323471470367,-11.22030828723583,2.8283432928425865,8.502004523725494,3245.29536347009,0.7146960890066222,0.807477935651909,0.1812180436136172,24.046587470396332,0.7610870123292656,25.183143674387964,588.1060767163924
110.00186418481051,47.69430320475408,0.8001500031950286,3.813471930816233,11.150246583033145,521.275438323113,0.2286707513846033,0.7288705094885958,0.9308076723447618,42.52115236607651,0.4787706304365995,62.30756098005644,485.20717739603225
109.63358185211196,52.56296815384994,-19.57748162669967,5.081113435658254,4.539860808888072,1506.2204404890408,0.0036563113446492,0.4904544085197847,0.5785853485929497,23.067547752059532,0.24705535993221697,57.07061369826202,871.477078618178
116.98788267076392,118.61390511015918,41.76259624489623,4.785064225176828,14.87383835982806,1438.50259257266,0.8238963816246643,0.0383638613557011,0.2819368843417584,71.17227182667604,0.4311301214901827,1.626022439395257,405.5669390674776
53.79951568515358,114.29579646529248,-12.43322161153752,1.50893208021889,11.042048579734054,1955.6913672960688,0.5626554229027424,0.0535765596074079,0.9760201575244942,16.661701333296143,0.30811599125507516,60.4962807801389,1908.7941963776027
65.82528904915166,104.75599002761794,-18.44633631112594,4.30797407353582,11.479014813319775,2131.361211175241,0.2402450184643039,0.540610994324729,0.2333962694581269,49.45129820551521,0.39042800639451647,38.93070097846628,497.4517555560562
99.99160853731894,49.20859619454876,-38.78931666484653,5.373999746711398,1.736960394737666,1940.550545785664,0.9431958496934508,0.1046606339078962,0.8104329135731705,9.334424721367947,0.5239282418006735,50.78301234277018,1572.6860327570819
100.8120379564417,94.43693074720964,35.45907390070833,1.0026531748247702,1.439165090868794,2602.59709173164,0.5448246756734317,0.191277371037397,0.6633626109564928,1.4429834474565753,0.3680510233554144,6.3751072092320555,1726.4656020388757
79.56387406078443,37.36195525328018,1.6164474941321032,4.438274852831794,6.924626387099642,3404.980880297765,0.232078577866165,0.3667520764259401,0.2894978651197196,30.733395159119823,0.29941532714605257,42.20191880750425,985.7346956196665
119.05051420006733,58.32605560157568,-11.29024016818908,2.276650401647516,2.860625069969746,918.3507086154804,0.0881422433907921,0.649863921702575,0.6060150024794432,6.512643214509577,0.36900308254668357,60.724458598491644,556.5343069586087
100.74401551640624,136.6497695842773,27.324318189738165,1.9894348042033487,4.470965979471046,1454.1188350835596,0.0520237550294468,0.9074631763464256,0.2899873926441418,8.894695327968813,0.4797434656879362,35.90575406787106,421.6761295806183
114.29097039125192,111.99105163915152,19.74182601322427,1.6015510982719423,8.942574602300384,3391.055566061147,0.0180290089589122,0.4864423871418745,0.6814606125171713,14.321990175692958,0.25223569805039336,2.299918752100396,2310.8708031277924
99.48113035416485,137.29190444149611,21.887387885844305,3.355735139291128,10.555900280771132,2494.217614732539,0.5785639322793544,0.0093102907623536,0.2029935591911972,35.42280549903677,0.293937111520854,37.81077408733127,506.3101110119363
31.68980407083641,94.237215774311,-10.065086448570405,5.425595664725113,5.184542301390037,1230.8443759465829,0.2874025338454825,0.1582830506993736,0.6097081955367598,28.129230234005743,0.22284279227242804,62.54741170347459,750.4559034449603
74.26960831582485,118.50987619066696,25.765037944562977,1.9707111532164767,1.632354623146403,610.1388304491999,0.7939550847155906,0.6009571949974972,0.0148561225075037,3.216899461839095,0.697456139856544,44.240267874842104,9.064297211738342
107.38900775625152,69.38313043311739,-11.764730680601303,1.396605125981874,12.09594994941291,2540.752064991122,0.8824951050681364,0.931912732597456,0.2457503121858878,16.893265702970258,0.9072039188327963,38.00587732313413,624.3906131585073
88.84023964277361,117.35271683685184,-40.3498150507835,1.0244850670015195,10.94893491630888,2200.575299882284,0.4294478970787025,0.783952518097841,0.3760417911091565,11.217020321329981,0.6067002075882717,28.51247719407823,827.5082772383032
58.50977286019253,87.782682181506,36.86641374929332,1.1346705319840455,1.0243477780688448,3400.1184200553816,0.1739773995218035,0.9143404426664836,0.97850596693269,1.1622972382780512,0.5441589210941435,29.272909321313477,3327.036162301941
72.00680211778108,32.928093786784565,18.705158750679185,2.4058829237399504,8.507054068599587,2085.969811967827,0.5061398526946443,0.0203410818821776,0.0311749091119212,20.466976114976212,0.263240467288411,39.07870833099651,65.02991929830836
95.237452943768,142.0650021033486,-10.081191604781743,0.5790979533964676,2.7385256054196185,1462.2007469347136,0.5051155557440064,0.7141191409249159,0.1498627988865516,1.5858745734223236,0.6096173483344611,46.8275491595806,219.1294964696425
69.63662472012363,134.72763005815222,18.332980166614583,0.7781520710332588,0.1140568874877032,2112.7434141545427,0.771243074033178,0.7317052727231516,0.6437706081012446,0.08875360321416363,0.7514741733781648,65.09100533802858,1360.1221124921697
37.85446620543336,85.38689693037479,39.67060684527971,5.6386726279211965,13.266891118551047,1957.6568185688395,0.9317314247538246,0.8226479271938894,0.6897015348618686,74.80765580778461,0.877189675973857,47.53243072494143,1350.1989124997313
112.65876251614944,107.03658005319193,9.314378643904078,3.191658955736238,3.2243851337099927,3447.447741803744,0.2706836043017311,0.7143875620372924,0.1728200514564523,10.291137688748286,0.49253558316951174,5.622182462957511,595.7880961319534
94.3946292572677,88.58893644261337,-4.709391713062352,2.0836993847179586,3.804212780738264,1024.3438546248017,0.2851865960100478,0.7133217295012723,0.8986389283011033,7.926835830560515,0.49925416275566004,5.805692814654321,920.5152637318529
107.7339353380981,141.8433726612021,-17.64482388833486,1.8747632051869167,4.797067576276817,3306.183469003396,0.9701168864184322,0.7712248152904037,0.9958023677799186,8.993365784798959,0.8706708508544179,34.10943732310399,3292.305326748407
38.485445552552704,32.55232930204646,-37.64471888278996,1.953519447372516,3.102772832294061,2057.938077926909,0.9361630415509964,0.487082544323578,0.1386525291133037,6.06132706866555,0.7116227929372871,5.933116250506245,285.338319263137
52.87516102875082,89.61202306310032,-4.558523216432214,5.228870711464051,11.511293793882656,2604.4973043954983,0.086619760854694,0.1201592587356219,0.221527151902367,60.19106696989092,0.10338950979515796,36.73686203434951,576.966869980127
57.69444294249076,79.69557030347124,-38.19554634449243,3.6784011198174857,9.357826299920038,1866.7003459703265,0.9384476404104076,0.0786985767075094,0.5907537213530648,34.42183874068339,0.5085731085589585,22.001127360980483,1102.760176033024
110.25529066795669,50.11430595459812,-38.54593000371141,1.0220486525191834,7.826569161119435,3400.2026826053243,0.8824411913475817,0.6906153123866363,0.931535049155262,7.999134464970314,0.7865282518671091,60.14098471335856,3167.4079730786043
49.31477302610133,103.91825403122148,3.518509746240781,1.3053994113154888,2.2927324413146857,3244.526449554964,0.8067078077450615,0.7060581146380308,0.3220805753162657,2.992931579196114,0.7563829611915461,54.60348100512015,1044.9989455015038
92.82163486118596,33.5096739641471,22.394370326697583,2.1081071072670623,8.529599764138009,1177.368656451887,0.8360789007952809,0.5809685866315925,0.7832900924388664,17.981309884922794,0.7085237437134366,59.31196089703886,922.2212037468225
59.22440450997323,110.10598791497644,-24.085410924955696,3.658581662996161,3.917253565146389,2590.0669636195908,0.697013013934263,0.9198709341305428,0.9190382770286712,14.331592062750916,0.8084419740324029,50.881583405003205,2380.3706796338306
118.48411989623344,109.23632636416058,-22.7393715762825,4.306061907706601,2.6152690861900063,999.61554049181,0.773995087294009,0.2230900184453558,0.2030705929200621,11.261510590445438,0.4985425528696824,9.247793532072862,202.9925204997802
56.77158030594335,143.23391042011187,-23.22955545670449,0.6052093154050786,12.1678738625132,1564.391868969166,0.366721908593799,0.3022767004964485,0.8977958063920259,7.364110610266963,0.3344993045451238,86.46233011416851,1404.5044595143008
20.50615838462187,62.83519995379991,-18.7003592584292,2.9156583068734454,1.381879139790854,3108.601015444939,0.402260413683542,0.3831644685591258,0.3054134985427513,4.029087393026335,0.39271244112133386,42.32904156917804,949.4087117005881
48.18547747734,101.15410217219129,26.85423064665173,4.344218556680621,7.634881482342472,1214.8690116592747,0.8898363940883107,0.0892221680572386,0.4234388048997924,33.16759381364942,0.48952928107277466,52.968624694851286,514.4226824067953
118.56504541106008,104.23336538582213,-35.942626932882,2.9340003314811005,3.891771841112078,2529.195106730018,0.1873467913267889,0.2703485904955843,0.795072881181164,11.41845987187165,0.2288476909111866,14.331680025237958,2010.894440577137
44.39896433790835,106.62311371969028,-2.8108831081944743,5.399705442407307,10.980303594583011,672.1755310648207,0.6282065970930439,0.9720534746234882,0.5513173906628142,59.29040507895441,0.8001300358582661,62.22414938178193,370.58205985404834
89.7015740995268,77.09922676880217,8.252744607569298,3.1084026153732447,9.758678685236903,1372.6305626947474,0.9814214249220252,0.1914896149081194,0.6571188390612733,30.333902347777528,0.5864555199150723,12.602347330724626,901.9814018179948
24.600264202175275,146.975179457614,-34.696112574068536,5.397252344706307,5.776182490849777,3399.6753181416325,0.2431245304226686,0.3523088842091783,0.78580848424435,31.175514492190477,0.2977167073159234,122.37491525543871,2671.4937086718046
66.86606419941262,111.18160629326958,11.361088927895745,4.299861871029526,2.185811913154267,1672.752280523487,0.4057144241809477,0.4047058743291701,0.3819800454629459,9.398689302614134,0.40521014925505894,44.31554209385696,638.957992162608
60.08514167636399,103.6720301712074,-27.276686599191446,3.0518993399178806,13.58895508525668,2959.0310083413774,0.8050933767995262,0.92421843484266,0.7322379140922876,41.47212305486859,0.8646559058210931,43.58688849484341,2166.7146932822884
55.81627180328405,88.02547760639096,-1.1134971299510212,1.352089211288935,12.19680524775466,725.8361499550209,0.0861161105063738,0.0466848198992737,0.513633383928651,16.491168787681342,0.06640046520282375,32.20920580310691,372.81367787914115
81.81282404578958,145.55122502850958,-37.02557574272888,5.2556240702197705,6.064661258977611,2378.1641269424035,0.4948259516005463,0.1668297049502628,0.3980548406789377,31.87357969041207,0.3308278282754046,63.738400982719995,946.6397426584234
92.59556788702392,146.8186763012876,-3.567755591826632,5.676164468935204,0.4827757085541817,2715.63816019089,0.2434426167654106,0.1310798617047031,0.677303959298141,2.740314323360264,0.18726123923505683,54.22310841426369,1839.3124779184093
84.24192782063156,134.81078856979929,-34.149742523667875,0.9233441815948074,9.115833826254022,1716.9357783417124,0.9684191305004078,0.7604646062760667,0.3172552164497,8.41705212385678,0.8644418683882373,50.568860749167726,544.7068319880341
84.54722959071678,146.18321134976662,-37.89277540282542,3.8896526725914815,10.56140106629551,615.2026319790336,0.8668214856884892,0.6619015764719286,0.6291175786342668,41.08018188382685,0.7643615310802089,61.63598175904984,387.03479020007757
110.84505613336285,137.41412888478436,-23.222058271465915,1.0744998495508329,5.715316517173108,3228.693282140904,0.8747470734889747,0.4892162486880906,0.4717563093908743,6.141106737837895,0.6819816610885326,26.569072751421515,1523.1564269379019
110.7566473926093,149.38893871757222,26.3935215394429,1.9229140318549252,4.50938723860558,1446.5995419894066,0.1266371255183743,0.2616713666375064,0.8011715032953248,8.671163996182203,0.19415424607794035,38.63229132496292,1158.9743297219813
86.8643219924431,128.6976676361233,-10.881535619525742,1.8031332869865675,4.544259568088429,1135.1431164439125,0.3093685620800128,0.4824236015947288,0.606216642220766,8.193905691927448,0.3958960818373708,41.833345643680204,688.1426484906447
106.07305832563436,79.01438556848385,-30.064059423379348,0.9463204819493154,14.19427719607809,1249.2325376880658,0.3000670829054399,0.2781436404489108,0.933615377835094,13.432335237114795,0.2891053616771754,27.058672757150518,1166.3027076775368
81.06200424416326,38.180677126259226,1.7129052116593826,0.6655712971622542,13.210727938232516,1428.3877293385472,0.7408832067219855,0.6781225015366464,0.6057594893589721,8.792681330307047,0.709502854129316,42.881327117904036,865.2594215307399
72.30978441701488,82.26999777755196,26.478959629446493,2.7103795993990154,8.676342086737222,1412.2839079138516,0.1268728280630933,0.4467395253113928,0.9562211736436276,23.516180589299648,0.28680617668724306,9.960213360537082,1350.4557759433922
23.353243473577937,48.00583976327811,-32.915263418795206,3.2105077149305354,8.12208519137567,3124.230948969698,0.7928400452735271,0.6594232468499163,0.1643926843284141,26.076017168234642,0.7261316460617218,24.652596289700174,513.6007121630372
22.709599250348347,65.70581415825848,8.20172729326648,3.563722823012693,5.5012795695195456,1844.2564618492293,0.7687641807211604,0.6472222833978555,0.3735662860390806,19.60503555767025,0.7079932320595079,42.99621490791013,688.9520369565919
105.11366715168568,44.076982675487336,15.228023664427056,3.831008391278763,5.155648482912555,2591.498762871051,0.3374770457129719,0.2652850890860524,0.0106701270061627,19.75133260052162,0.30138106739951215,61.03668447619834,27.65162093614763
67.41738290873252,38.6638090775011,-34.107749956332626,3.78435418294666,5.80990895261405,3228.786173332833,0.4607121713482754,0.6542357799453179,0.4626192719337295,21.986753247364227,0.5574739756467967,28.75357383123142,1493.6987087369278
65.22179408898072,65.13864440411577,-42.3747212719262,1.716812830453352,7.599842446031695,2104.398398843577,0.4050010985875484,0.0950565368325644,0.2621129720167965,13.047507020771201,0.2500288177100564,0.08314968486494934,551.5901186282779
107.73730719279554,31.39446478897208,9.63806208468786,4.86016962465047,9.929385066664068,3415.535903976454,0.842538229398637,0.8058911691968542,0.8168779858937828,48.25849569245869,0.8242146992977456,76.34284240382345,2790.0760899881866
35.33514031160802,48.020280098045,19.05505251714439,1.6808273810484549,1.6913304896352184,1295.512223550067,0.8258882264268146,0.5489325244993376,0.8958121013985787,2.842834597380965,0.687410375463076,12.685139786436977,1160.5355273659306
102.97418037072016,114.92171216890988,19.298174766411805,2.6620714915767056,5.512504739969573,3138.1791704215866,0.0469644224076672,0.1639202620469448,0.929260975197892,14.67468171545446,0.105442342227306,11.947531798189715,2916.187436251675
72.56901823026858,102.41851999157458,4.00472631934786,1.724718435176967,6.728301249130358,3464.041886196265,0.1287544373680554,0.3372020351689527,0.6676017135832351,11.604425201799344,0.23297823626850406,29.849501761306,2312.600299148728
89.39484444671,34.611161875479,-40.50188742062891,2.697353315228141,1.1159806345053942,2456.8433384553387,0.3550152661362467,0.4555016952192202,0.1430813954173139,3.0101940642135294,0.4052584806777334,54.783682571231,351.5285731879219
54.88682665429953,36.97965546065709,-44.87817368560787,5.945598653477762,7.741833660348489,2530.460130890141,0.8570290283305779,0.0723763931941224,0.8891193557274428,46.02983578641679,0.46470271076235015,17.90717119364244,2249.881081271023
97.0912203745822,126.31719717548523,-23.85239355036425,4.931068429498381,3.7110700575377584,550.9073879463994,0.5366075092637743,0.211006691707526,0.6486950425330354,18.29954040038118,0.37380710048565013,29.225976800903027,357.370891455653
85.76128923003434,144.10362747004925,18.331737971471615,3.332133424522927,4.6857864888679215,1399.7881924191988,0.7984535050511905,0.9460756180688312,0.8712769881211572,15.61366577973473,0.8722645615600109,58.34233824001491,1219.6032402985584
57.0472102791382,97.47561790534918,-5.956432238112342,1.7001414400369472,2.285757198826205,2961.522512696328,0.4850729091426954,0.1572356650942334,0.5025476067220231,3.886110535587203,0.3211542871184644,40.42840762621098,1488.306051008932
62.54364386164168,90.30792917561308,8.561850741511336,3.386046007137877,5.422165776496368,970.2812859549178,0.2177808017675685,0.8811051483565658,0.6582837834261573,18.359702777545174,0.5494429750620672,27.764285313971406,638.7204359060006
52.53996981592677,39.885725473901125,29.64551983729622,1.4090646957862658,0.7195265017142471,1833.7205032082852,0.153412882389088,0.5657473065511459,0.5628302372146029,1.0138593912481417,0.35958009447011696,12.654244342025642,1032.0733458060001
98.3653012741143,50.16170492938361,36.549990191924735,3.4591248795014664,10.155908725506906,695.8302726993917,0.0058647278871613,0.5422999756210791,0.3877643285297497,35.130556546346966,0.2740823517541202,48.20359634473069,269.8181584639522
36.29344270814297,117.03091924981638,33.63287341197105,3.2888280570629504,14.37339331289945,2114.660305605425,0.569230212091448,0.5444613321491686,0.5484009367419117,47.2716192026647,0.5568457721203083,80.7374765416734,1159.6816924849525
77.69038846263591,55.57256448301,36.26054956727886,1.849437727914161,5.443461571108512,2603.29276209281,0.5540992803958261,0.0460691696754675,0.7969475040156458,10.067343200058975,0.3000842250356468,22.11782397962591,2074.6876689718615
62.42220092469763,134.2685981374462,5.193794362503951,4.226423876360266,12.505915422559356,1140.628563471024,0.4303431736890725,0.2678735828174408,0.6948207298717207,52.85529953764694,0.34910837825325663,71.84639721274857,792.5323709834693
47.4055220687206,37.02611150927751,-21.12064762000797,4.665056380515254,5.193550724567147,1733.3818347781378,0.8119677423908017,0.3635144573692667,0.4623614472477392,24.22820694517159,0.5877410998800342,10.379410559443087,801.4489337609614
35.43627152742023,145.57381339070088,24.65922403374863,5.632627982676184,2.161736761336293,3452.2683918995426,0.8088585390335653,0.3439796363163702,0.4711725593781418,12.176258973082591,0.5764190876749677,110.13754186328065,1626.6141338715693
45.79416277151556,42.30116735888152,13.784651147815474,3.332531128403477,2.084827869635768,2754.269952593908,0.0219818148096229,0.2281003779023851,0.2888099699540896,6.947753772924304,0.125041096356004,3.4929954126340377,795.4606222540983
97.98755458576238,45.61034881567584,-10.763950592663129,2.660019087992789,9.29487857198698,1348.296371180296,0.0725223169544814,0.947306899236962,0.0658921650319727,24.724554422060525,0.5099146080957216,52.37720577008654,88.84216700182199
27.8456381342266,137.37799872726333,33.680027221665824,4.112012165968844,14.119114526432144,2345.209262044094,0.5242547205377367,0.5265949425897893,0.2706746059652893,58.05797070539641,0.5254248315637631,109.53236059303673,634.788592909932
72.22432600548044,54.01802930937721,-44.31023706156972,0.8661060035282258,4.5152544483070205,903.30028210865,0.8812506816818898,0.978265463529474,0.8414397599562448,3.9106889851362374,0.9297580726056819,18.206296696103223,760.0727725459107
83.18372121697993,93.74034336012384,0.4909606119404941,4.810560380913801,6.220753268994215,647.8834782932494,0.199156897597067,0.4852556041472411,0.1335155513528195,29.92530921526358,0.34220625087215406,10.556622143143912,86.50251981670566
110.53506419560637,139.08390247987694,5.277815680538282,1.9823152426074997,6.683322201549124,1612.921137776507,0.164270449455928,0.5791298040350491,0.7898646210355388,13.24845147138794,0.3717001267454886,28.548838284270573,1273.9893432500508
90.72386343133986,144.7801677959376,26.33356046595449,2.129966874323086,1.9453057979166803,1398.26937440932,0.0570990784451763,0.0378201365520353,0.7636152989616567,4.143436909991168,0.047459607498605796,54.05630436459772,1067.7398863685016
97.71469159274368,89.66097168101128,-20.677707708229505,3.001203884039636,6.358163964005376,1369.183951214644,0.8410961706161014,0.5364103830800304,0.673516786817259,19.082146384133782,0.688753276848066,8.0537199117324,922.1683753838457
107.74720135270528,60.97601192413531,-6.211330153803338,1.9276704710127703,8.533674530828533,527.2611048536489,0.2466564468447778,0.5611502124351744,0.852538740855967,16.45011240231192,0.4039033296399761,46.77118942856997,449.51051843425586
41.23391106782762,34.73121736422071,-32.467916599416434,2.4412717689879613,2.9821866100515906,2405.970040124963,0.5018695310245037,0.1915213220501481,0.2212378198066836,7.280327980972858,0.3466954265373259,6.502693703606909,532.2915661974458
55.88304841235025,45.685245208823936,39.8451887184701,1.856622386929736,6.514983731604251,2531.372790447692,0.1609844316873747,0.0875745629862382,0.385859446836109,12.095864646579484,0.12427949733680645,10.197803203526313,976.7541046581241
61.89254495045479,108.77743287978032,37.75779221904448,2.168072399671056,1.4029528768182933,2286.244404860325,0.1565292134157412,0.4556608215530919,0.0418803938387755,3.0417034102688483,0.30609501748441653,46.88488792932553,95.74881608724733
111.32405525564712,34.754259041802854,13.70018335909252,3.446111296411682,7.213501223257269,2840.1442611201305,0.5494118320609646,0.0234329553673882,0.5889360225625478,24.85852805214636,0.2864223937141764,76.56979621384427,1672.6632646479359
74.87337893665861,81.14175626831675,22.856571323710558,1.3820097336585873,1.6717030691694317,3343.058531192839,0.4965154222306048,0.4563168205509623,0.1740104480161242,2.310309913379089,0.47641612139078354,6.268377331658144,581.727112756992
77.07783046689119,83.66430486058027,14.161813395311569,5.508331444679319,10.83372157893804,2385.041352648333,0.2961767655589985,0.642278163507115,0.8804219028736048,59.67572923616529,0.46922746453305675,6.5864743936890875,2099.842646130882
96.15106317174724,91.87152342951003,29.40366237673388,5.948735363861712,8.249240252183606,765.7350189099323,0.941278928906798,0.4601026265576879,0.5877032283414765,49.07254721315613,0.700690777732243,4.279539742237205,450.02494266748874
114.72833396118152,92.20896263342448,44.5337364569356,5.89312524883398,5.019323659702505,1134.2937739967335,0.5505453006199955,0.5814248948690871,0.6681806619579052,29.579502991062608,0.5659850977445413,22.519371327757042,757.9131647638678
31.347352124058908,71.02465992464232,-25.86200612660135,2.090530954627724,10.120358213837372,2988.6974942851057,0.2101177759402145,0.4095609272625092,0.1529431864754261,21.15692211794797,0.30983935160136183,39.677307800583414,457.10091818708565
22.6366974497252,30.90754499737705,38.374434605707805,5.6588087728864185,6.169746310771202,2827.631763409079,0.2329018386494816,0.8205764393338497,0.2522024021593309,34.91341454987569,0.5267391389916657,8.27084754765185,713.1355231537946
85.99840460341791,142.46741846837415,39.44743366036344,3.4455459818381997,9.522704221336078,3324.003178360705,0.8026974053360216,0.92222331815486,0.1492680126692472,32.81091526605818,0.8624603617454408,56.46901386495624,496.16734854016363
34.092422497476264,58.65325749219628,-26.877259607762305,0.5831087631796127,1.9767324260524384,1924.3070181309536,0.4864827657324229,0.0342979013033116,0.4811256918168456,1.1526500000924726,0.2603903335178672,24.560834994720018,925.8335453662663
51.1711076089411,57.95513697043605,-38.90984742899985,2.8250075029166277,5.0212415457810575,1969.3576039647223,0.1057965202727989,0.7295214219764384,0.7075228189780428,14.185045040788173,0.4176589711246187,6.784029361494952,1393.3654435329643
45.94234334312925,69.23179396056949,-17.62211523273472,3.651732103404586,11.14933501615576,1161.4114429981096,0.8514891816465466,0.3947753167716828,0.5537282313983612,40.71438461010888,0.6231322492091147,23.289450617440238,643.1063042571618
56.09738969400268,120.16501032348548,-33.14564742788158,3.208944593928591,1.1197665677151294,716.6395560055638,0.9285077519437784,0.116804107733952,0.2960655100389471,3.593268873931438,0.5226559298388652,64.0676206294828,212.17225566287183
72.01635011119933,144.16840106479884,-13.606151942746862,4.920926897659113,13.998018791998666,1280.1441207573016,0.3341046520865632,0.9456735370508046,0.9145844352217476,68.88322718748395,0.6398890945686839,72.15205095359951,1170.7998876852573
69.83677727394797,127.41237457081652,-9.194703704805876,3.025182128076745,8.250975649672109,2889.1721678591266,0.9041136604795053,0.158286256059098,0.9435652171569768,24.96070407458447,0.5311999582693017,57.57559729686855,2726.12236396989
26.50515929852795,57.60106047452437,-3.2460761980497423,4.630168890998251,1.3103215586194228,2193.249763339243,0.788913962965867,0.5857782709310476,0.2456315740488145,6.067010117923992,0.6873461169484574,31.095901175996417,538.7313916512081
86.80851365706462,96.61019391627435,-31.356443267991057,4.523230552237265,5.863427906573012,1891.8087903646729,0.4917379430189894,0.4906135758981991,0.0097003549230422,26.521636247851635,0.49117575945859426,9.801680259209732,18.351216713068464
81.18528947223794,113.69043206962078,41.705499079219535,2.071670785259883,6.2284291837868455,2500.782342376042,0.4179840855069135,0.5506905446947946,0.4978691805143191,12.903254778111267,0.4843373151008541,32.50514259738284,1245.0624554434394
60.89529444142699,93.16831931233358,-20.27416270324324,3.161941524988609,10.8587843566364,1336.0829477855773,0.7235345733310886,0.0392919451506924,0.8669410428305123,34.33484116814535,0.38141325924089053,32.27302487090659,1158.3051440612933
80.11150117432088,59.96016106310231,-39.11704581920533,4.20710955482336,10.227488530816844,1045.4529585120165,0.6268329044150672,0.2412443360380278,0.6935098370463204,43.02816471984587,0.4340386202265475,20.151340111218566,725.0319108972622
98.85972112245308,95.75513867684316,-39.40170964517675,5.070220440802876,14.83372406542458,1431.1126673243602,0.2868466456471999,0.1964413152227858,0.4918759594608237,75.21025096974525,0.24164398043499286,3.104582445609921,703.9299163367083
27.77346369649848,85.61928525606868,32.9019431062097,5.373513894222645,2.084413672446099,3167.001832443997,0.0258389722200111,0.8503177081575989,0.5556171546824029,11.200625830196762,0.438078340188805,57.8458215595702,1759.6405470164898
66.25347161331479,54.11204263908678,-36.96394279269843,0.5035936491871476,5.041091051706726,1814.1322277161512,0.8078314518266223,0.889687412571665,0.2770254488696243,2.5386614386136657,0.8487594321991436,12.141428974228006,502.5607946919183
99.82951789667752,59.0454019035033,21.923452455890384,5.138293922833357,6.081780508426744,998.5549988292476,0.2556662233318144,0.3014561864106679,0.5097355100039371,31.2499758264555,0.27856120487124114,40.78411599317422,508.9989415952073
43.81827810467265,59.60146374259476,-8.152913536468347,3.994778962740504,10.289664861144576,3250.2680093562403,0.3582190412430728,0.3940836485100318,0.6981169240835235,41.10493672095054,0.37615134487655233,15.78318563792211,2269.067105138856
23.65496678480949,120.6050314495534,-25.1232495333292,2.4506641274179555,2.275713187524742,931.6284661693404,0.6279587353429078,0.4105227843514278,0.2142718093102595,5.577008672958856,0.5192407598471678,96.9500646647439,199.62171705104646
37.74395437797229,45.70483928620198,9.096675012020969,3.565354432651544,0.8255532411589536,3400.9055438549462,0.7426359896816905,0.9758708627835366,0.3332417405507276,2.943389907755924,0.8592534262326136,7.960884908229694,1133.323682882841
99.94103989090426,108.1052842856633,-44.65620696072752,1.2865061746614952,1.030226776438927,2512.295076329108,0.7640955865788793,0.1788410685077993,0.91101569997922,1.3253931091902873,0.47146832754333934,8.164244394759038,2288.74025751631
57.454011884736246,52.21595146063436,-21.446488463768464,4.199866468148939,8.622738586425532,1680.9065608323262,0.648256954077822,0.0387994547288874,0.7202679239473956,36.214350652742574,0.3435282044033547,5.238060424101889,1210.7030789202563
109.6788409906012,116.92065805544894,-32.14116347945294,3.1929345412763466,6.469251269683667,1580.179705792178,0.7489990174049569,0.1175572491209365,0.7403130308439514,20.65589583516884,0.4332781332629467,7.241817064847737,1169.8276272731107
110.11580104909888,73.97538418456774,43.28886403464166,3.760620992794606,11.159843744559073,3462.1054169366,0.4913304319121309,0.6786600938268971,0.76576332104754,41.96794266209641,0.584995262869514,36.14041686453113,2651.1533418900485
44.64020332391068,82.42208431382154,19.660855259029503,2.3559985343032595,10.995633781275888,2497.8414982413924,0.1573715833499104,0.7921899382752451,0.8179847710772054,25.9056970724214,0.47478076081257775,37.78188098991086,2043.196306126129
118.99602323899452,42.67976211140927,27.643998362839422,5.366703147328024,6.390664284822103,1297.0566945987905,0.8179634943491536,0.0310568760351556,0.504421039715213,34.29679813087157,0.4245101851921546,76.31626112758525,654.2626864590994
106.61761457749353,131.90347818783832,24.903950125966304,0.5668622431256274,6.185988162986391,3042.642899164209,0.072898451871655,0.0002410046851345,0.257365458401634,3.5066031260190447,0.03656972827839475,25.28586361034479,783.0711844958734
25.142581348425036,81.55881752867221,-43.972381489133376,3.5242770952691287,3.169102534566729,949.727759741419,0.8279249545453125,0.757469050723103,0.720433702225778,11.168795475132866,0.7926970026342077,56.41623618024717,684.2158860571047
109.67654246264252,135.35691845340835,-9.438218314964708,0.772879053363606,13.2012653867394,1358.405127374943,0.807702369044057,0.5613558241893379,0.1359327473673206,10.202981495304886,0.6845290966166975,25.68037599076584,184.6517410019311
47.86464642366114,134.07530411517627,29.542432719349648,2.998899826872103,11.719331171750015,893.8639160144727,0.9461868939912612,0.6178131945892864,0.2522528338551704,35.14510022201796,0.7820000442902738,86.21065769151512,225.47970589553077
45.24369443440207,84.04451235098222,-10.111607508991767,3.950309142998729,7.707499090054703,774.0597281706675,0.6995278704025719,0.7506690142816549,0.6867557202819089,30.44700412509748,0.7250984423421134,38.800817916580144,531.5899461610654
34.011317576645254,79.51462090183485,-17.736218492361367,4.929865236752885,5.14846988809983,2257.425182645733,0.4119465486122636,0.4109606080359033,0.5708530255443127,25.381262723812366,0.41145357832408347,45.50330332518959,1288.6579954532394
33.75209441459933,94.95198944113324,1.1389277830547613,4.268238704309662,4.655584965964637,3239.6890588378114,0.3188173228730047,0.5014414736979107,0.0947684710345939,19.871147942932446,0.4101293982854577,61.19989502653391,307.0203787335619
37.80359668697514,82.72859876333426,37.65837889308678,3.115779055021046,5.349673108362835,780.6782207370067,0.1211554612609854,0.0672406340520366,0.2419277281192365,16.668399422246257,0.094198047656511,44.92500207635912,188.86770833507182
37.71106794070489,52.26306188437454,-23.44408470814157,3.5628314374465275,5.037148059171123,1604.7503221853992,0.8939730574625047,0.4340488684781807,0.1526581645407837,17.94650946028764,0.6640109629703427,14.551993943669643,244.97823873105435
74.67102793432797,134.4118648681116,3.918439560838145,2.686868082040788,12.773560467425227,1503.3275813543123,0.8146250560259172,0.205187142904807,0.8701966904922421,34.32087191394285,0.5099060994653621,59.740836933783626,1308.1906860202296
116.50269106665124,113.4042274630264,42.67749994347214,0.9341667162060556,14.936443335564713,1411.2051386752985,0.4377814772996199,0.9223077754835848,0.6915055458135945,13.953128222582311,0.6800446263916023,3.098463603624836,975.8561796746116
34.0084015236524,67.24343507082885,35.32709609593614,2.805994136413121,6.280902267268144,2173.066073556358,0.1566128148926499,0.6699534908592181,0.7584036730342032,17.62417493333829,0.413283152875934,33.23503354717645,1648.061291931156
44.247050363472965,48.28992159965009,23.493401122570475,0.7203251547788196,9.968474707087728,3021.0445327655243,0.5873698685755769,0.6233144337590575,0.4570239521926255,7.180543086291716,0.6053421511673172,4.0428712361771275,1380.6897121144236
63.385164923797305,117.26028837195696,-13.07058373476142,1.3606219380198032,12.412478083157785,984.3430580987632,0.8245170697999292,0.4893227474751214,0.4677582309575795,16.888689985134477,0.6569199086375253,53.875123448159655,460.4345675116514
75.19068387744855,128.30266313121484,27.74116890082999,3.693844965048568,2.391377212146921,3328.948352213407,0.5856543354287992,0.6619698394506341,0.6482091774485559,8.833376674620785,0.6238120874397166,53.11197925376629,2157.854873156978
116.94704332753687,50.82294179838104,-34.963900891085125,4.907951769226245,10.219522267961484,2636.660615531476,0.5552958253281813,0.0735633542157656,0.5337254136714444,50.156922395688575,0.31442958977197344,66.12410152915584,1407.2527777357425
36.42657979309929,66.7504344943934,22.26999659370246,1.327597490532986,1.8934172855287923,2964.4137583285724,0.4596327543564602,0.5274564637217322,0.1760892879438539,2.5136960367998027,0.4935446090390962,30.32385470129411,522.0015078750421
107.66536026583452,57.3695726338719,-38.491517226785525,1.2924333230725975,6.9319265765865286,3004.921357048887,0.7610059829495553,0.6305886973085435,0.4056193902554423,8.959052900672981,0.6957973401290494,50.295787631962625,1218.8543686117257
93.75012481097484,125.84570299854894,-6.416818111220977,5.124997907215989,4.723596383357758,1584.6205632888698,0.6760930341645768,0.5606944813756801,0.3914542707944711,24.208421579241524,0.6183937577701284,32.095578187574105,620.3064870881685
61.82430362906189,116.17476914717932,34.511828668745466,0.8685909576316548,7.127577412183871,3283.237199226222,0.7828486179866575,0.99548361073322,0.651679794878427,6.19094929004254,0.8891661143599388,54.35046551811743,2139.6193445289655
38.65700588860359,135.29530351564563,10.376822256282182,0.5756005470623988,6.158199006656137,1946.0520193307973,0.9891253191087334,0.0658298433631537,0.2421834455937677,3.5446627171503935,0.5274775812359436,96.63829762704204,471.3015833462419
91.59722288473976,100.84172285505277,-0.2214133068508061,1.42512010671585,9.054087719612014,3101.034820731801,0.1928396089422456,0.6537779229561563,0.0948842301475746,12.90316245718814,0.42330876594920097,9.244499970313,294.239301625959
26.64962673667775,66.39301770811147,25.23385112138824,5.645164824401227,3.1432073848895903,2886.7351287727597,0.8275812174807021,0.0053489886942228,0.2200662547846917,17.743923764976884,0.4164651030874625,39.743390971433726,635.2729883444259
31.95942459383017,143.12781289621506,24.80506658327947,2.9763983537858967,11.03885375972053,609.3831524768553,0.418932977983946,0.0909354499130411,0.8626751629457258,32.85602615811544,0.2549342139484936,111.1683883023849,525.6997103593512
26.355835028602364,135.49419690745975,36.82981852754041,3.7317222911017103,11.231466180222531,1219.4598566197708,0.258226813259983,0.4841844983225968,0.105513646401201,41.9127127064914,0.3712056557912899,109.13836187885738,128.66965611183778
84.92103021160635,108.14795724497904,34.22832859340343,1.359136127776421,7.842213969464812,1224.9767624575557,0.6860911539434869,0.3672777012807092,0.9014858511007492,10.658636327652559,0.526684427612098,23.22692703337269,1104.2992192826898
85.27461078518748,31.1197943792512,0.6228394165651139,5.5403129949263645,5.209651975112019,2197.555362232016,0.2068718754222878,0.2100473372920696,0.7248708535798805,28.86310253675692,0.2084596063571787,54.15481640593627,1592.9438312101647
71.2093058299281,105.8176232420002,-29.26067065416365,1.3772074439774706,6.717142997908617,563.0274709590823,0.0545092774137195,0.3783475816826469,0.4863916280888938,9.25089933898089,0.2164284295481832,34.6083174120721,273.8518482585604
52.20791655831783,131.04399532517056,-35.51715699742292,5.496390035336564,4.7625012656294565,2958.487056158157,0.7941345617322724,0.33269017969267,0.4250024141231975,26.17656449968352,0.5634123707124712,78.83607876685272,1257.3641410194484
108.77041827582998,144.2174142507887,41.03269460597873,3.935377264629924,1.5447884973848287,1224.803829307289,0.7668488978177731,0.3096318100028458,0.9858584404109376,6.079325531270078,0.5382403539103094,35.44699597495871,1207.4831929702284
37.33735952947548,75.67479521718961,13.034934362008244,1.806132062137416,5.508444322017687,3052.558271966286,0.3456270370361589,0.7697723073855856,0.947170616843394,9.948977902494946,0.5576996722108722,38.337435687714134,2891.293501408712
77.62883601668132,72.3901690202477,39.93314335381987,5.00307126216228,13.65049960491956,1315.1527966945391,0.2193893891962463,0.986349922944162,0.4807861681797273,68.29442228753061,0.6028696560702042,5.238666996433622,632.3072736936194
54.56672833238632,42.49315792609996,1.815290307967608,3.6862295666406575,4.751627074880028,3417.7047069492105,0.8543995133256802,0.894761987012495,0.9072431672770788,17.51558821307302,0.8745807501690877,12.073570406286358,3100.689243150382
36.36559428657045,103.82633258772132,-1.4330637260818548,3.7736705876978114,2.6004374751258266,3271.1941876303285,0.8072616493262504,0.5423865601904387,0.284104149227433,9.813194415029491,0.6748241047583445,67.46073830115088,929.3598416344383
89.46964708544267,49.06898012032243,27.000313358731333,1.6611926840692055,8.646092872397979,2126.045895439178,0.2407125856635067,0.2284258523084201,0.2037173932776665,14.362826225410426,0.2345692189859634,40.400666965120244,433.11252780755166
33.97723766262895,91.13065537797476,-39.08746269410708,0.8399465337907245,13.733522912438156,1091.5489459041987,0.3373590783572796,0.0961258517321514,0.4038110052474992,11.535424967037924,0.21674246504471548,57.15341771534581,440.7794771224226
90.62422271564962,54.2224142547538,3.726684661282668,5.605001539626733,14.888467840413371,591.0614165990128,0.126137658016152,0.2796014326451318,0.6407102247272215,83.44988516820005,0.20286954533064191,36.40180846089582,378.6990930567434
94.543947418433,73.21636889658228,-40.288048183127486,1.4388959982186411,12.751560497384274,1557.4431408300534,0.1783315124282163,0.8123173327141189,0.5838582673080154,18.348169370729135,0.4953244225711676,21.327578521850725,909.3260536357883
106.60638895004084,32.1879099211634,0.9389240103809016,4.993356489995102,9.422660492694154,2622.861757221606,0.7990821457719545,0.1128581447127622,0.6880305189519813,47.0507029242148,0.45597014524235835,74.41847902887744,1804.608935960487
119.29647961193004,110.11120626763017,33.29722436829165,4.915460141534753,7.308657843923644,1727.5477623754657,0.9246586095822468,0.4971672807176857,0.7049111327313361,35.925416319922,0.7109129451499663,9.185273344299873,1217.7676500235746
35.167487973275115,84.5252801471953,-31.742726014892668,1.1594010140999165,7.300157930543984,2786.388861350974,0.2804550647600553,0.6138459450077243,0.0196105324742535,8.463810507762242,0.44715050488388974,49.35779217392019,54.64256925142151
114.4765729882428,44.62633120043371,30.073013730060826,1.2132343802332946,8.861075279011109,812.9392620556465,0.2503587295708555,0.7012933420883841,0.3238955525803791,10.75056117433161,0.4758260358296198,69.85024178780908,263.30741149779925
51.89756302937613,134.48998815270136,-20.21569431701233,4.7791388372955925,7.301084845998245,2882.0433507978883,0.0394175851203629,0.078697675195399,0.3881330810022493,34.892898141900524,0.059057630157880944,82.59242512332523,1118.6163653272308
49.44488920695856,125.58447491714116,-36.55284436589794,3.4287723652879,5.7298042845350805,1658.1528069555077,0.4638098246743762,0.8533957335369416,0.9214577362165304,19.64619458932209,0.6586027791056589,76.13958571018262,1527.9177317983076
29.310276780589923,38.0820721762526,-21.57418281905973,2.192877074244101,11.326734448827992,1496.5175661851977,0.6974316172371925,0.5598905318457854,0.8733914579092193,24.838136298885793,0.6286610745414889,8.771795395662679,1307.0456589172466
43.72490874968001,56.49235353465125,-17.572401415248002,1.14653215082621,12.319005780629176,2324.63413029934,0.8031705116327311,0.6116556756460141,0.5065499999085472,14.124136193705285,0.7074130936393725,12.76744478497124,1177.5434184905364
101.4574720231382,104.86750035499662,-2.3571154441848066,5.824420097979035,1.1073107671385092,1562.1936870652823,0.2236025483236711,0.1411261182993218,0.7433329135656567,6.449443086830116,0.18236433331149646,3.4100283318584275,1161.229984960112
107.35786241067773,69.96022956698374,-16.53568652436239,2.5206490078338875,3.803243331818648,1763.902644900094,0.1018472651423827,0.2452793049743673,0.2330531879848586,9.586641530899524,0.173563285058375,37.397632843693984,411.0831346888909
53.7615171403628,56.42198423397736,2.465965991040868,3.493396813625337,9.542302836506382,548.0844693653694,0.0774836265554826,0.1621833724078774,0.3736056595340591,33.33505032369941,0.11983349948168,2.660467093614564,204.76745965762365
92.571950838836,121.7859913850554,35.37811846758734,0.8431673772905248,14.127966138840376,1891.9562523211423,0.6831755632398181,0.9304486005450312,0.287934094093219,11.912240155735383,0.8068120818924247,29.214040546219394,544.7587095760898
27.276300636419357,66.95159299094291,-10.303928573676991,1.7588150436592445,5.314074018203639,1132.9096718598512,0.5527038900455401,0.2107066650749062,0.4500952685908593,9.34647332633529,0.38170527756022316,39.675292354523556,509.917283044942
84.08747448032146,148.9507192442626,27.35626567972683,1.4652039505974654,3.1815866076876045,2075.9547933521644,0.3016622416311488,0.8399982232439429,0.0095389540255449,4.661673266751866,0.5708302324375458,64.86324476394113,19.80243733289586
82.28904758190004,106.3716299452364,-35.27768212823778,2.565079106565752,6.548295116693101,1785.0554017065388,0.7245579091588182,0.3641210568415054,0.0283374503833846,16.796894987456017,0.5443394830001618,24.08258236333637,50.58391887745171
73.21134852653157,125.45399529476752,-29.974222012752115,2.4317066304182946,12.93512888682321,1064.6965993071367,0.5246723066856223,0.9835972997387742,0.4092495737853973,31.45443867940321,0.7541348032121982,52.24264676823596,435.7266294772076
37.53712786234496,101.78703528764866,19.28939721614978,5.860798278267033,6.087956441427418,2870.2497499143133,0.4467721588396068,0.6030138633645882,0.0053241905710642,35.68028463008251,0.5248930111020975,64.2499074253037,15.281756655093163
116.26484146779252,128.07573239549924,18.20328894284978,0.546000250322714,13.139490917455166,3386.175496824055,0.269439446303655,0.3625832125946771,0.6051016222371507,7.174165330043548,0.31601132944916605,11.810890927706723,2048.9802863079253
30.717201133977603,141.2613383375343,19.17414455708868,1.0157708944135906,2.1457704874619967,1052.7459547180226,0.6393748005427755,0.667351163050396,0.2891931519658697,2.1796112072555585,0.6533629817965858,110.54413720355672,304.4469208642237
90.40797680992236,72.41056551632617,26.506399004167378,2.185549074235512,10.83034616787101,1522.8859209289656,0.2401515960220142,0.7355207057935812,0.1705303893937753,23.67025304084061,0.4878361509077977,17.997411293596187,259.6983290983146
86.35017691080559,83.5083247652098,32.250750911920875,4.6159571951615685,8.16647887152083,1803.592889913486,0.3372124904062857,0.4066365268849704,0.0585366000800501,37.6961169061315,0.37192450864562804,2.84185214559578,105.57619570408755
90.19668772577032,47.09946514818159,12.069362823869817,2.334956177102761,1.98967793600124,3319.7731186571264,0.8436805296649776,0.7583847715899178,0.3980871782362308,4.645810787111167,0.8010326506274477,43.09722257758873,1321.5591131907072
49.21446485352182,140.92754344518363,39.31402158297827,4.269941357720459,10.118519265046384,3359.360343182413,0.8561536219946603,0.959592147609234,0.8013520582702486,43.20548388871278,0.907872884801947,91.71307859166181,2692.0303254806754
69.51769101112703,124.88677978067562,5.5100509454272455,5.838720999753592,4.41264887213037,2275.1509066772014,0.1271104908670239,0.394807282878256,0.2682760204535567,25.764225634246593,0.26095888687263996,55.3690887695486,610.3684311746609
98.91712386073382,123.84337052044631,-6.054377758226579,3.783008798006609,13.10834289052653,2376.9497388243594,0.6857127688246809,0.3195894262599983,0.7186037406901956,49.58897648214924,0.5026510975423396,24.92624665971249,1708.084973751768
109.55232284962004,86.95570508997767,9.520132450742132,4.936657791647491,10.296282308987635,3186.667222621655,0.8885992804371524,0.2168142759291083,0.2092877615301198,50.82922228566603,0.5527067781831303,22.59661775964237,666.9304497638901
58.92016787341631,131.30045387630366,-12.186564462221398,5.219127990539761,14.23981193900032,3399.8666626883223,0.3290737794607279,0.6696112565375176,0.0037196608180591,74.31940107085883,0.49934251799912277,72.38028600288735,12.646350811827107
89.67371653641507,76.92978439821128,32.180610389515536,2.87790424521841,1.1602196152808553,2013.5087721645075,0.5300523392123808,0.1747867150451579,0.1706774353022336,3.339000956202444,0.35241952712876934,12.743932138203789,343.66051319158754
72.4756431632238,98.15342766631554,35.985001111854515,2.724900620656283,13.445780169572586,1466.2026055871893,0.5469155137931242,0.0785362427927987,0.6177269240617943,36.638414729276285,0.31272587829296145,25.677784503091743,905.7128256007626
114.04585843529144,134.23478015467327,26.512045083017128,2.786763069378271,10.167377242885388,3437.095522375002,0.9197925717794364,0.8194278536703651,0.7101732665901607,28.334071412910067,0.8696102127249008,20.188921719381838,2440.93335470747
63.19450186421157,139.85859571056503,-43.035894290205945,0.8759426017047724,4.529579343791765,2179.233984001025,0.5462476001308509,0.3564047358496647,0.4563259238223985,3.9676515150291545,0.4513261679902578,76.66409384635347,994.4409609744337
72.2732829381994,56.45834508842104,6.983402929304177,5.873538249414189,0.3038679799341485,3031.9804158260745,0.0522791032687596,0.8355717050906487,0.0830387578101864,1.7847802029154445,0.44392540417970416,15.81493784977836,251.77188743500963
22.65113105416218,138.08422368135103,36.22079765572576,4.328858798258588,3.385265827279764,1007.4856815272606,0.5405526753889242,0.9849291084414916,0.2819295517515607,14.654337760864147,0.7627408919152079,115.43309262718886,284.0399865890962
33.93560740728241,99.59805449137576,8.157405059517401,5.661913809102217,6.414174786970758,735.8801329692741,0.3205632243609245,0.8218014592542003,0.3937191696530375,36.31650480034501,0.5711823418075624,65.66244708409334,289.7301149168294
28.35007166986688,111.9897633947575,-14.1796819048758,0.7934139834389373,10.98996815206479,876.9304772369419,0.5516879678064617,0.1162736802928806,0.7856666019444561,8.719594409396782,0.3339808240496711,83.63969172489062,688.9749881922784
42.79351625419417,108.6290376766826,43.56992871328481,4.530034111323908,11.903648802544971,3238.402401223585,0.8022736971474778,0.410023786741743,0.2832965279977022,53.92393512474871,0.6061487419446103,65.83552142248843,917.4281565260634
43.722679173599445,89.63561794869963,16.00318802790398,0.692013539609231,12.447763858888296,2236.2694290799977,0.746452128857114,0.5003583603843902,0.4979763025873932,8.61402112820915,0.6234052446207521,45.91293877510019,1113.609181882478
89.66508238768922,38.55080733183103,43.3060053086065,1.4488813232049913,1.92521814329324,3393.0597021079598,0.0980445381109398,0.2335804342223592,0.1265453111963772,2.789412610912966,0.1658124861666495,51.114275055858194,429.3757959111387
24.52186701061894,53.49335828202553,11.393325998388924,5.1890108168528375,8.302922040883761,818.6414827653687,0.5084790353080261,0.609467763366622,0.319316880021374,43.083952281631674,0.558973399337324,28.97149127140659,261.4060441327089
94.07686177542044,38.693626535347065,11.817679778278986,0.8797524847302984,6.68629797187374,2037.8457323096,0.5008766058895991,0.0792496061299288,0.0139490186919114,5.882287254403078,0.290063106009764,55.383235240073375,28.425948211218486
36.94927466860925,112.26783446747656,34.10810102540405,2.354636165611637,2.5126527988199845,3088.878869939055,0.4003298684107582,0.3206627547364322,0.4128393977589064,5.916383151726836,0.3604963115735952,75.31855979886731,1275.2108924158508
20.69521305311907,74.72262204147768,34.37349824741796,5.73319890597233,4.507779052698387,1529.8264671933448,0.1512642844626759,0.3245066491689473,0.8673546391153578,25.84399393329538,0.23788546681581157,54.02740898835861,1326.9020833616064
22.54191267440952,123.5501368280104,26.81227436543047,0.5457596822495561,3.953014707908282,1765.137852577749,0.1981963864216681,0.2366331314700088,0.4407549434413178,2.1573960509158456,0.21741475894583845,101.00822415360088,777.993234379035
76.48411332626165,131.0398263468074,-41.75830635377162,2.717642658732887,13.772944440776058,559.9187977340844,0.9095866950537772,0.1363711050294583,0.5742935397085736,37.42994134861098,0.5229789000416177,54.55571302054574,321.5577483000761
23.931213984109892,135.60949050737497,30.54046431204021,3.641932584654035,5.154685851490161,730.9075490240521,0.8695411688592183,0.3131820507036351,0.4181315997936227,18.773018366197146,0.5913616097814267,111.67827652326508,305.6155427746626
109.85541885270791,68.83322629794495,-41.21777923457353,5.223492241424851,14.45585121736748,2653.028473380499,0.6502550710936615,0.1126092293492206,0.3772519857156954,75.51002667711101,0.38143215022144106,41.02219255476297,1000.8602597430731
90.36578593800236,111.62738909175496,-11.785228041517506,4.672934266401564,13.545808814049051,2212.5618088362844,0.18993474366102,0.2685000761974954,0.4863721008251476,63.29867417329414,0.2292174099292577,21.261603153752603,1076.1283351691923
42.86428055034627,98.07746635546845,31.1329295709959,1.3080705797107393,3.288520712604872,3103.9987756852697,0.9673281113534696,0.5909160928272268,0.80426115437845,4.301617194927829,0.7791221020903483,55.21318580512217,2496.4256385219305
38.45210193563773,85.82467347404618,26.00392245984065,4.200205379268567,12.872740966809888,805.6362924186697,0.1132312232591253,0.8610333999722404,0.9960127833822484,54.068155854725745,0.4871323116156828,47.37257153840845,802.4240460056742
79.08332605690107,39.42941965860249,-27.351205853544634,1.619100083736777,12.064877034742176,2661.3702243882685,0.452215100101718,0.8424641068355752,0.5103927213487066,19.534243417224975,0.6473396034686466,39.65390639829858,1358.3439913419463
81.8254771530296,51.03635308291916,-11.041375143312642,1.873179240071266,14.180858562250474,646.2989564394213,0.8183606413952167,0.5134344971258201,0.0204016106882063,26.56328986519445,0.6658975692605185,30.789124070110432,13.185539697471077
116.32225394406112,123.8862580869928,3.872212556189688,1.4335063571730773,13.206062301005254,1579.0266836692033,0.7663512805573902,0.3341430223838622,0.0152648396460297,18.93097426171475,0.5502471514706262,7.5640041429316796,24.103589123012455
90.68573438476172,148.52668676832377,34.16236694563763,3.7871755548648673,10.269733647112052,3417.3841700837065,0.3070877433602487,0.5036917612374446,0.8332712820358479,38.89328422331598,0.40538975229884666,57.840952383562055,2847.6080886146624
50.46137691733707,70.78499565216794,-34.731379360085995,2.876104101769783,14.661470995240064,2351.5826813509,0.7136602831121538,0.264967061555443,0.2713813950795846,42.167916867388655,0.4893136723337984,20.323618734830866,638.1757887099975
30.077800137742663,146.56741128499675,13.706248373274567,1.7029358714886,3.1141798424572347,1653.5474411187995,0.6640122280676023,0.6741869488296138,0.1563314383928385,5.303248563987142,0.6690995884486081,116.4896111472541,258.50144992089935
78.99176868546331,80.84859043785154,-18.423855535685107,4.487533419645153,13.471047190209353,573.933213908968,0.3561939434613794,0.8940995361061592,0.542033345097202,60.45177446368141,0.6251467397837693,1.8568217523882282,311.0909397974659
81.341519593579,127.5582886459312,-39.37881657428357,2.3440347754306265,2.6986980799613427,899.8527742465194,0.0523328573006628,0.8369278328446237,0.1855259752577192,6.325842147817249,0.44463034507264326,46.216769052352205,166.94606353044972
109.48273504276489,125.85398829283984,40.112833230025416,2.0810391569348754,8.387241320187174,754.8988696683992,0.3941904945999079,0.4837968965827963,0.693169360253846,17.45417760597167,0.4389936955913521,16.371253250074957,523.2727665443958
30.312386883593263,50.04502894811398,-14.34562500768375,0.8699075268205232,1.936928311554308,1231.9859070574166,0.6842090751884866,0.0656007649450295,0.4990361729040813,1.6849485171328598,0.3749049200667581,19.732642064520718,614.8055321296964
38.12330661656601,44.56619273069147,25.48785719687633,5.090144846405952,0.9155173331822896,1768.8306312246732,0.0755270860258868,0.9308328641758076,0.7536661379095813,4.660115835293152,0.5031799751008472,6.442886114125457,1333.1077504512662
62.75410183585496,52.37259145731054,12.11241757952734,1.0604120548011524,1.3158209280720918,1287.2251294679058,0.8525426448755004,0.0436609287130085,0.1910518687086828,1.3953123740872864,0.44810178679425444,10.38151037854442,245.92676643361955
113.83404568210378,47.06992424246354,35.87045442073554,2.388626861977043,5.240750914876035,813.9813210394434,0.7722675568375058,0.5540583834602107,0.3132507404888219,12.51819841220366,0.6631629701488583,66.76412143964023,254.9802515596751
58.31385282494975,141.97359976122692,17.513588452795688,5.2762523817081375,11.25955094781994,2367.640971386845,0.3598249006365664,0.5298090570700541,0.3226837070778202,59.40823250539908,0.4448169788533103,83.65974693627717,763.9991656764383
119.97176732861304,103.2400539973102,29.56223695042054,4.890612584650527,3.0598041957713464,900.2490065696213,0.90163122948636,0.1192716720397434,0.01803200982523,14.964316906405832,0.5104514507630517,16.731713331302842,16.233298931616957
44.534910968132095,130.77627427627408,-14.795059115714157,0.6575883516770998,4.449476485117328,1719.3881538562166,0.953703626491708,0.1289789079271652,0.450536539067076,2.9259239076743198,0.5413412672094366,86.24136330814198,774.647188151309
112.46936182785628,105.91462717607378,-42.01295808938164,2.2039378142735795,10.264656169900972,901.0869631983088,0.1163317271332612,0.7800840237349648,0.0689900087104594,22.62266388336136,0.448207875434113,6.554734651782496,62.16599743993274
69.21162930795381,102.8512843306537,-12.796732429780604,4.579027985098232,14.650759247511274,3235.455708618341,0.3704914370595142,0.916643102693916,0.3445058933940632,67.08623659729085,0.6435672698767151,33.639655022699884,1114.6335594344832
23.43885211152184,68.25030035184838,2.105182023692983,1.123169276001053,7.068450066024668,1076.0701074090337,0.427541855359712,0.646046944096596,0.0409782222498904,7.939065943106521,0.536794399728154,44.81144824032654,44.095440017870814
32.74886623319824,137.05016267282812,27.62689417955943,2.3917672760672706,3.597840883702073,1271.4570533272877,0.6361056346436186,0.2489435247968727,0.5562363940257727,8.605198090135568,0.4425245797202456,104.30129643962988,707.2306865014051
112.08724005318132,110.33843462378282,-35.82968507405878,0.9785947006653382,4.822445064332492,3016.518010295811,0.7284939338474402,0.4484078410159329,0.9503797514820932,4.7192191842054925,0.5884508874316865,1.7488054293985016,2866.837636966191
32.063587110060084,38.3308611295312,-44.98787762959632,1.702903901779708,11.294055973169126,619.3913820069577,0.5232862493002498,0.3201811674284386,0.4515470228174244,19.232691983628122,0.4217337083643442,6.267274019471117,279.68433450401176
55.59726786512616,96.64362611251576,-21.815350169965036,3.9126058177858383,4.276987813016046,1276.377225093572,0.0375662295439805,0.2152438205009537,0.7443682043039906,16.73416739980571,0.1264050250224671,41.0463582473896,950.0946230574126
83.74299014982066,94.95556023612846,-18.58600591126905,2.2663918394977443,8.840696382426573,3179.913481364368,0.7779094067485368,0.887751524671688,0.2148546064249981,20.036482136608814,0.8328304657101124,11.212570086307807,683.2190595040869
89.59742060936979,107.229323423583,-33.16597920918166,4.139263586199211,2.739587496017121,1858.4744158529804,0.9334131270234548,0.9893495140420392,0.2986721573875497,11.339874763470343,0.961381320532747,17.631902814213205,555.0745632323759
22.327193573582587,91.77808247156284,26.008664392871395,1.5324732313073863,12.603284460254212,1526.208303972666,0.8276102613491533,0.402785534046495,0.2268371023254951,19.31419606189194,0.6151978976978241,69.45088889798025,346.20066921826793
52.367923640424365,50.980635271249504,2.784391057088442,5.047722085350142,5.600129287757147,1198.6374384554451,0.7901313737261083,0.0723572577413266,0.4280193524396438,28.267896286627913,0.43124431573371746,1.3872883691748612,513.040020217613
103.24426408004216,143.28712076239358,36.57937080099698,2.1872712973717765,10.48773901285591,2106.04330418497,0.978947355854662,0.2796738565464431,0.6366929143579417,22.93953051714594,0.6293106062005526,40.04285668235143,1340.9028491055578
57.46126146264712,148.51794764832692,8.429471208768462,2.2260474452342853,12.40639139739524,1849.8310228065789,0.5962585752327021,0.7066425217489339,0.4678594626341599,27.61721587474829,0.651450548490818,91.05668618567981,865.4609482942843
23.142918568673423,36.94112118760757,37.358106156633895,1.0094401567825195,9.50749235811894,1847.235542404628,0.3525292413005173,0.0091655501838164,0.8162278518628002,9.597244576588189,0.18084739574216685,13.798202618934148,1507.765098661544
93.64442356247228,122.95842374174184,42.95771171923533,5.833479980388874,8.214999979496323,765.1909014402752,0.7996918620027912,0.1069912611746233,0.8413567713051986,47.92203791928681,0.45334156158870725,29.314000179269556,643.7985462679044
41.14480069965447,92.51495727264506,25.364147701044203,3.074379798288596,12.891746172818165,1480.2166717059008,0.4945970527637587,0.4382986080331659,0.2754466797905091,39.63412399837649,0.46644783039846227,51.370156572990595,407.72076759194834
49.7121715623175,73.46825299827461,5.586551496231394,0.7214190165507766,10.75536279527163,762.2504236132515,0.3621816027941515,0.032799874276896,0.7362798987834215,7.759123250411671,0.19749073853552376,23.756081435957107,561.229664745585
59.244510742263536,83.9741578585587,44.21951114077986,4.140524979503564,7.7346530289083875,2386.202045179979,0.943774120344816,0.9146164545151916,0.3910922441482205,32.02552407398808,0.9291952874300038,24.729647116295162,933.2251128405115
101.80147659224932,40.43841118936922,12.120414592854727,4.200794177289438,10.22653441768764,2139.2212226363963,0.5097260752881797,0.0704606776669583,0.1269360576741763,42.95956623567228,0.290093376477569,61.363065402880096,271.5443084943955
22.878267631333895,79.32341637680457,-18.03908898415135,3.1830887519920688,10.218092406984995,2707.7612191218464,0.0529359355688182,0.5078974160033809,0.5937057829514346,32.525095007489504,0.2804166757860995,56.445148745470675,1607.613494644267
49.35918442644933,64.99950944511639,1.1127399791211587,4.287473961193316,14.1135088979031,1414.7093731551904,0.6382244150406114,0.3549951158139418,0.6960314069891137,60.51130190082972,0.49660976542727664,15.640325018667056,984.6821554778943
30.410858198457383,121.33458444517896,-38.595754334391046,1.712453023349804,2.784363851216027,3486.935530023048,0.4654869724396994,0.887817640335819,0.3196520622553006,4.768092295120789,0.6766523063877592,90.92372624672157,1114.606133123147
109.72157579533268,99.8604552211528,36.647552763524686,5.525836441302927,13.105605381328402,2602.425254005221,0.6428065910861737,0.4864050355361782,0.3949902705490324,72.41943180148023,0.564605813311176,9.861120574179878,1027.9326551631566
89.81617140197451,92.28981421634616,29.476702989567272,2.075857519099176,9.029559376395191,2056.243541344128,0.2011752322888794,0.5428781323608052,0.4244928326765351,18.744078725642424,0.37202668232484226,2.473642814371644,872.860645537999
69.54913162061985,39.67218165085496,42.03317477305316,5.6171913109312905,2.3818530512509475,542.043552578171,0.3032081937596749,0.7820018255939414,0.6965071834768891,13.379324263402005,0.5426050096768081,29.876949969764887,377.5372281280289
70.7610378684455,77.83956333267757,-44.1068560984948,4.763842285092221,5.226965105956687,2550.2882454718115,0.6770378148820102,0.2566616898959144,0.2638060749463575,24.900437394458006,0.4668497523889623,7.078525464232072,672.7815320197512
95.5137255673619,130.78335634400645,-38.08241322514529,0.9524977835238404,13.982932009415972,1325.2966446773733,0.7549325397850504,0.5285842014374423,0.7720317859723548,13.318711746133273,0.6417583706112464,35.26963077664455,1023.1711355334418
33.63714755867697,123.6630618292634,-40.47965896824236,0.8133829984855255,13.20831079418572,1290.6544384903334,0.1838128894818149,0.1133870955525725,0.6561460918474422,10.743415438703515,0.1485999925171937,90.02591427058643,846.8578657409872
90.096913145912,33.596830784721355,-9.94662945878217,2.6407675943048368,4.280952117244948,2718.743531665228,0.562144753827585,0.8967465499077446,0.2467474206673808,11.304999623991138,0.7294456518676649,56.50008236119064,670.8429538945206
112.83185625877252,105.14643859576984,1.9301120139230503,1.4443164923799725,14.027475740775683,2246.2103933726708,0.6067162019700039,0.0470611978769474,0.6694120642536434,20.26011455886229,0.32688869992347563,7.685417663002681,1503.640336175588
45.877998160001695,136.31732978834248,32.412572401449154,4.558367416590334,6.226738090455417,2370.138697879721,0.7003478888665695,0.9326481005424786,0.4509865026483437,28.38376002317389,0.8164979947045241,90.43933162834078,1068.9005621482747
24.645041271999773,129.46985689808128,13.8757141326667,3.977551845007019,5.471070126609153,863.9089940166024,0.1011656196131032,0.1522282139168668,0.8060967479607475,21.76146507625702,0.126696916764985,104.8248156260815,696.394230610824
23.59422737967421,92.12539720616536,-20.08671229878248,0.9163485002038312,8.968923017519083,2629.0140305135733,0.5688127364338729,0.5040700797484243,0.847296745535494,8.218659155547233,0.5364414080911486,68.53116982649115,2227.5550320213024
51.69220051562777,45.02229506430605,29.635811938508,1.1446214812412838,7.6383816493614205,749.6691986242168,0.0180810922056854,0.9039530651898892,0.6227412763774776,8.74305571777831,0.4610170786977873,6.669905451321718,466.84995361212555
28.87025337570556,72.59955669983248,-16.4171884264995,2.0325368471327003,5.616459566700193,2466.5299155383377,0.8071070203195128,0.9040349864545592,0.1546848481848611,11.415661019749104,0.855571003387036,43.72930332412692,381.53480552846605
46.80636408228763,135.19809141938407,-44.86735601223197,1.9959923293939583,8.354499506996651,3279.7561496551434,0.9778536935017818,0.4129111895892132,0.7769463883925212,16.67551693189092,0.6953824415454974,88.39172733709644,2548.1946952827248
37.05241236872915,101.55238541784637,5.879722911444894,2.8008362525625405,4.132594735528309,2097.4127236516924,0.3560672991191448,0.2842882890954593,0.6422096370026974,11.57472115241679,0.32017779410730207,64.49997304911722,1346.9786639011922
48.86937367706999,98.62467254726238,32.08835013731341,0.5621639512396236,7.290758411356658,1951.631793692777,0.2981503562765556,0.5983060756960188,0.5568121431407401,4.09860155606178,0.4482282159862872,49.75529887019239,1086.692281667682
94.82596903836584,117.67806122870954,-16.798687417337117,1.4631772707169428,12.894602006544153,1077.4794519074812,0.7254681684501628,0.4380336566976468,0.1611000232564222,18.867088570916486,0.5817509125739049,22.852092190343697,173.58196476061227
51.17220677955483,131.3228499287539,-44.29425683052749,4.542092160671918,14.804749586285633,3308.5296924995155,0.1597494602339442,0.0877176417199643,0.6713680088967957,67.24453703657879,0.12373355097695425,80.15064314919907,2221.2409920293276
34.70734809290379,32.836630325560364,43.1083003657328,1.5734158447025772,6.219171231853214,2450.56149933696,0.9200381641090526,0.5807968298534757,0.6776111820995941,9.785342557116293,0.7504174969812641,1.8707177673434288,1660.5278743734711
114.9799913291924,102.94861113521335,31.22719687863544,5.160633618142556,8.813934388456284,1274.322929520244,0.8545154359107495,0.6066893231978858,0.9159430039540524,45.485486113170246,0.7306023795543177,12.031380193979047,1167.2071720723006
99.4025189270296,126.18445342595876,-18.854594489572165,1.548354081909474,13.003931558181772,1648.5001843053058,0.4495833529202623,0.7483752494281826,0.8546174631518354,20.134690508982175,0.5989793011742224,26.78193449892916,1408.8370455163335
24.077514155476397,30.76630460602003,15.85598058678906,4.704424004415274,4.792284824374546,1110.6046216606892,0.0559263501282256,0.2624160816962144,0.4362144171200454,22.544939763782647,0.15917121591222,6.688790450543632,484.46174768854604
45.17990589069528,85.3772957549681,43.30732762477042,0.5594609599935798,8.377688591295737,2288.130786432941,0.5031335547483198,0.8792043375853826,0.3088608992364632,4.686989701813574,0.6911689461668512,40.19738986427282,706.714132268314
45.82443882989584,95.6036895256884,13.303570139147553,3.209129889143137,9.719478398170333,1817.391982414552,0.5689214058447163,0.7054966519346239,0.0615430341348368,31.191068634449472,0.6372090288896701,49.779250695792555,111.8478168101175
37.16792858483035,111.17615246716346,18.838874562534865,2.18969029361699,7.38682116669432,1668.1693390006203,0.9476236585206672,0.2625086042665441,0.6094452973272788,16.174850609395083,0.6050661313936057,74.00822388233311,1016.6579587994833
95.33781852589416,130.57383475777323,-27.48385469656153,4.43305088706035,12.007453769461252,2360.704546883361,0.4842131393476416,0.256021173061513,0.8586720549294962,53.229653584046346,0.3701171562045773,35.23601623187906,2027.071024353741
38.15977168014257,109.12247066469392,31.84064295342003,4.9053938522185065,6.319182256704305,550.738399764822,0.729240249097568,0.9447500802102118,0.5664436850866266,30.998077793085564,0.8369951646538899,70.96269898455135,311.9622886814975
110.41586944937484,104.86311896118876,27.31344689671961,4.773771071084659,2.158066867789684,3009.135732231198,0.3864625643279352,0.8206415603544788,0.448160873369002,10.302117182920675,0.603552062341207,5.552750488186078,1348.576897842605
27.58633281086639,113.41734648571124,-38.54017743961383,2.9969445115983446,5.963974507984101,1780.6841834699078,0.4707009994910616,0.4174482838964625,0.8735753057597342,17.873700669015392,0.44407464169376204,85.83101367484484,1555.5617300362474
47.13490317738959,148.09001630391543,1.1252383893298514,1.006368423453615,3.233746488658326,3267.9354188107163,0.333299859870525,0.52023048910309,0.2571185039986945,3.2543403556397426,0.4267651744868075,100.95511312652584,840.2466660489586
109.38925830509577,43.16834384130042,18.694921524077472,2.8647669087890195,6.96493064360094,1813.295164964385,0.9992072989434408,0.8918202114066128,0.2098928423049971,19.95290282979858,0.9455137551750268,66.22091446379534,380.5976761122834
118.72761293149443,59.21787558915591,16.89498381875046,0.8906918897420117,3.024785104434899,841.8976613577236,0.9807611743888516,0.7869757993812009,0.4573166098928203,2.6941515607326085,0.8838684868850262,59.509737342338525,385.0137843688078
82.01325978015367,74.79021499552081,-26.709921802252147,3.837658255470765,10.454801478211412,2755.394490760799,0.2989261500983332,0.3972912929459057,0.1350381366805474,40.12195520216598,0.34810872152211947,7.223044784632862,372.08333785218406
71.39894891598108,100.39301558105689,-8.54075749251902,2.2263152319735875,7.550868061947192,3426.8057574699574,0.5621108826232295,0.3671696256950226,0.3931704345642641,16.810612580935913,0.464640254159126,28.994066665075806,1347.3187088317852
31.203890216805235,39.71031396615026,-11.899261101946236,1.4542282769526211,0.8032308552909471,2239.3785314988654,0.6337832847472876,0.7493153551424344,0.1436876251842127,1.168081022684934,0.691549319944861,8.506423749345025,321.7709830795816
78.05883502780435,141.370036839126,23.49071311458529,5.6356218265080855,0.693190447741732,2312.9132594644366,0.1593948847714021,0.3830693697265067,0.920196986074274,3.9065592172202175,0.2712321272489544,63.31120181132164,2128.3358104104
35.59945203362027,109.05400400528607,23.345843617616737,5.080567072335491,4.095798079399208,764.4032929300745,0.9623380574812068,0.3768106277742125,0.3637255211356842,20.808976857130563,0.6695743426277097,73.45455197166581,278.0329860788244
79.24145688620425,68.29205678919067,-21.9122943800177,4.193135317669638,11.095469116224123,2678.2545544515515,0.7199968026274463,0.3834811225750425,0.5244363458577493,46.524803417352096,0.5517389626012443,10.94940009701358,1404.5740318134463
20.55221171236024,35.051182756363424,-26.56068532643587,2.220990668175065,8.954203226898098,1955.053962572124,0.1688592893670353,0.6231724245321872,0.7327234154133065,19.88720180788373,0.3960158569496113,14.498971044003184,1432.5138167731654
43.95618906669724,130.44159940364065,-29.36145661778306,1.8661098480876412,0.100457710796198,1105.3848447573707,0.5402172667786186,0.1039593759123895,0.8238017499205379,0.18746512343312524,0.322088321345504,86.4854103369434,910.6179694467642
25.47616388220313,104.95962826251166,-44.1865377828637,5.013828884217286,13.33405110995343,3286.290263616477,0.859502975624898,0.9059439679262644,0.5770533417135443,66.85465059871407,0.8827234717755812,79.48346438030853,1896.3647784605726
54.92095746126609,134.58441673828514,-4.765001057421713,3.280987843820774,2.8809351029854704,2893.994105657672,0.1558515365514434,0.5417603199410154,0.316684356016926,9.452313051731878,0.34880592824622936,79.66345927701906,916.4826596669797
52.51833220267471,86.08818134998437,-0.1968742769138813,4.24061536995835,0.9931551828334934,2014.7343537504175,0.4577646127041341,0.0183583839992239,0.6607273931091515,4.211589133077507,0.238061498351679,33.569849147309654,1331.1901773609645
93.08674752036444,58.70161250591107,-42.87645318190238,1.9357668942916644,13.818301871601433,931.6038990299892,0.2911964549966241,0.985524133255218,0.4957170100782755,26.749011298374597,0.6383602941259211,34.38513501445337,461.8118994044099
31.323804584075525,41.80747796560768,19.64980578348036,0.7902089182278145,12.908715645753835,1748.4828392184731,0.3164687840614986,0.0209095123352349,0.1229111825422449,10.200582226141602,0.16868914819836675,10.483673381532157,214.9080934231644
23.118313506128462,65.84706883065277,-10.40804653282786,1.9932060139849124,3.8573758746833966,1367.4510033624529,0.546614939663671,0.5162478232000605,0.4296027434485467,7.6885447916192575,0.5314313814318657,42.728755324524315,587.4607025759776
77.5474177875879,101.08203943120348,-32.207658858588815,4.127309227524236,2.854092129410672,1994.999084882712,0.6736098319966951,0.8753632399007607,0.1585361584999235,11.779720781920963,0.7744865359487278,23.53462164361558,316.27949112816793
91.45959227000624,49.1453616135826,19.26293800201708,0.8655482917694967,14.045464998903537,1337.0248710433898,0.5095088732242019,0.5320868239380113,0.6962214361212724,12.15702823690921,0.5207978485811067,42.31423065642364,930.8653758476879
21.839067654746675,62.37848641538572,25.25685456830014,2.794563802105171,13.652272247880862,2554.1754916430136,0.3172591743568675,0.5097570669008714,0.0880060275114522,38.15214584041285,0.41350812062886944,40.53941876063905,224.782838586612
26.107795985486376,149.2967233465401,-12.578947307961492,3.562317010105033,12.151512220026092,3131.361402986864,0.1996697380406467,0.3205361668064955,0.9583276864813868,43.28753867989812,0.26010295242357107,123.18892736105371,3000.870328861511
41.58210274968432,42.54814084012803,-41.6950773749261,0.907579824161769,2.356538276836824,2317.690445538449,0.0832576580506321,0.487467835463974,0.6444231696298166,2.138746594922043,0.28536274675730305,0.9660380904437105,1493.573423134629
116.99098521619943,148.52016095959766,-39.36121168901809,2.08198000974023,5.939467387864244,2619.812386982653,0.8178220735661906,0.8059058425334413,0.4481708470213185,12.365852370037379,0.8118639580498159,31.529175743398227,1174.1235365109578
92.24521152615053,74.22316124685133,8.389941309664586,1.7881185400948378,4.8050199536174905,522.0591336632809,0.8431448650297454,0.4734349335940487,0.5480214972291351,8.591945264589073,0.6582898993118971,18.022050279299194,286.09962807229635
110.6472110964547,121.2347787746562,28.001139294012376,2.7132344261462147,5.937982329795858,3456.802201858401,0.9928321316819754,0.3026403406368145,0.1235724905994904,16.11113807905003,0.6477362361593949,10.58756767820151,427.16565759344496
77.4473113179912,113.05936100329583,-9.17952363409475,2.5487991235440624,3.372560436059078,890.9612995170077,0.5960639311005951,0.9030506531025154,0.8657272371067937,8.595979083526759,0.7495572921015552,35.61204968530464,771.3294641999375
75.54317056026275,62.71488008802405,-43.7116250099646,2.146608555379416,4.6655901953304415,2885.034610785411,0.0090981812807759,0.5001979355227852,0.7873488484097071,10.015195829190645,0.25464805840178056,12.828290472238699,2271.528678424041
115.4865280663194,147.10383069829575,29.141134579916525,4.800779874368775,12.164158040361752,664.8989205194662,0.0814738977129418,0.0680102319524205,0.0650007889488885,58.39744510880982,0.07474206483268114,31.617302631976358,43.218954405029606
83.35297107608946,70.21426251109702,-13.286254805131104,2.1557534280887216,8.278204742984736,1478.5107623847605,0.248976899161365,0.6292191930082921,0.4206302368788194,17.845768253109657,0.43909804608482855,13.138708564992442,621.9063322097857
74.27244433475963,138.2114390562508,30.92846976466413,2.297370882217776,2.888151629116476,1715.591427725989,0.4819001671099774,0.0308246186993702,0.8578891852462399,6.635155456162026,0.2563623929046738,63.938994721491184,1471.787332147282
57.01587002554444,131.3739873740265,44.589376457217895,4.330363938698589,6.86733657477692,3229.790474479156,0.7405095212183186,0.5319329775527915,0.4117476675902431,29.738066658319863,0.636221249385555,74.35811734848207,1329.858694671977
81.17207462343522,124.7638208570975,-44.85914053276744,3.3490443652254367,14.739566956614976,963.5624899715568,0.4086995622709339,0.7381507548416897,0.9030975070493096,49.36346366191442,0.5734251585563118,43.59174623366228,870.1908825795383
109.25589984899776,61.87200511064473,-37.48823235095551,1.866069432033901,2.2348937346693525,2773.329681125474,0.2650472874092833,0.6925728000775818,0.1717099889736881,4.170466882110563,0.47881004374343256,47.38389473835303,476.2084089664571
118.65152487929797,91.88153132357974,34.21410641293366,3.257016045441512,9.104263435380766,816.9510363467921,0.4418537080910639,0.6214644226567846,0.4120936096325391,29.652732090961617,0.5316590653739243,26.76999355571823,336.6603014611932
83.50936508676438,71.51219910563555,16.08029610053083,1.9901848407400096,12.016772130242172,542.5899034151711,0.2736663849214577,0.4549507768419997,0.8111626038791322,23.915597728235003,0.3643085808817287,11.99716598112883,440.128638892777
30.14715428660321,111.99544519278062,-19.79664034045595,5.223203536422097,8.824899559020198,2905.5205053584177,0.2585572636402459,0.2527658599511641,0.1270335759732317,46.0942465852441,0.255661561795705,81.84829090617741,369.09865985923113
47.738118298113264,57.27235527157818,23.561837223992757,5.345351531018116,8.554125067925494,2204.805848806305,0.4108163955674278,0.3368477014471527,0.4686516369963852,45.72480552835598,0.37383204850729024,9.534236973464914,1033.2858703022794
74.35528611139887,61.17758504940411,-31.77335613706113,2.761586188854002,0.6804719105921169,3439.8663420748358,0.0740749072104477,0.7416378186176209,0.1038393861109275,1.8791818301942853,0.4078563629140343,13.17770106199476,357.19360926469267
93.78969166957684,70.42749501253283,40.95544603364901,4.634608458177122,14.262939032220691,2235.6254546105943,0.1933392336120521,0.1937891300233548,0.8253084024229824,66.10313787719463,0.19356418181770346,23.36219665704401,1845.0804723608233
104.48753109694546,83.43663060031986,-17.43178510996086,4.6846823201193,5.803483096005304,2229.466709419597,0.7413087083507622,0.5273108956423933,0.1707602834503856,27.187474654967268,0.6343098019965778,21.0509004966256,380.70436724368886
73.25894325515858,145.89865933838638,1.9166442888725044,3.863049861741135,3.824596073945562,1384.4517150403008,0.5712129177515172,0.9966832779346796,0.927900629862027,14.77460533467109,0.7839480978430984,72.6397160832278,1284.6336183994586
114.9520623657642,41.48574666241941,12.64284379582596,2.5430699444340723,4.757710571133671,885.0497798440845,0.7068035962105051,0.1685990484340368,0.0698619206846616,12.099190757766303,0.437701322322271,73.4663157033448,61.83127752144464
116.56320330745594,39.2343841955051,9.767454542681987,2.028190268493417,2.4274024681659294,998.765991049102,0.6392018293899598,0.4457298209028691,0.7943842250928563,4.92323406365104,0.5424658251464145,77.32881911195084,793.4039478486396
58.929561404197656,76.05995423196528,43.067292155022656,3.7078881577190623,11.254269757869302,2815.5081056903296,0.6421102350255211,0.4684612370870865,0.0116448995030962,41.72957355897937,0.5552857360563038,17.130392827767622,32.78630894091664
23.68869473545328,135.43559836261898,28.947320793942453,2.526469059541184,9.781841896788064,3139.513243824404,0.1681180975977251,0.7199595393694795,0.0222028129878503,24.71352089755869,0.4440388184836023,111.7469036271657,69.70602542551251
71.89177052828376,107.107823944223,20.60829554902348,5.595550888759017,5.419038199083092,1426.7531685312983,0.5407656313005429,0.6693483507627961,0.644906323864917,30.322504011098456,0.6050569910316694,35.21605341593924,920.1221409801419
49.44657595419177,136.34349365580894,21.77066942628436,4.506039698868053,4.984789162865507,3453.727689128339,0.3793655982041866,0.6805830929187673,0.5140806956192732,22.46165785835922,0.5299743455614769,86.89691770161717,1775.4947329066413
69.84421989290573,115.04936372915718,-3.8070355356635446,5.997567367877412,2.6159911042188857,2242.267997166977,0.8589805471222202,0.5918079076633259,0.2137366879819107,15.689582881320787,0.725394227392773,45.20514383625145,479.2549352823019
80.95643339798968,125.69112259283138,-3.666132254410748,5.424403490342431,1.6411683114212023,2446.0488600720937,0.5122605638762605,0.753813712978369,0.3037238516318258,8.902359116712564,0.6330371384273148,44.73468919484169,742.9233810607333
112.93759891275856,45.90296072902181,-14.638900790781658,4.2256622143888,11.655028921113091,932.7200633543106,0.6941316539762369,0.0936574526074744,0.3369219130767455,49.25021531955625,0.39389455329185563,67.03463818373675,314.2538281103976
33.927207266338726,147.10485058920645,37.57372588187911,1.993982497009033,12.93554072171773,3230.5883724340893,0.0014283430791767,0.2472060737388768,0.9578353044485032,25.79324178845275,0.12431720840902674,113.17764332286772,3094.3715972582004
61.03968269896615,124.80365235684737,35.11935023725569,3.845757250042744,6.175892712651824,3373.913199447362,0.1317095352063551,0.5176298283979672,0.0600731683549824,23.750984175166902,0.32466968180216116,63.76396965788121,202.6816556454987
24.315991195057613,135.42186735616173,36.850914984351775,3.853335838339388,3.203899311126918,682.7166297055481,0.6475197955701631,0.8707971723381132,0.4435997013181871,12.34570003799623,0.7591584839541381,111.1058761611041,302.8528930223405
52.74973521779147,104.83028256033116,12.973429932832431,3.0646467711690035,2.062134861199485,1548.8431964231663,0.8947475708313011,0.2626933098800051,0.2650349181405474,6.319714944090043,0.5787204403556531,52.08054734253969,410.4975297765577
47.074467314355374,55.62136395728063,40.18108618353649,1.4997837696954903,2.070803854967377,1210.1614275614988,0.0829145813944811,0.0319944601443247,0.1339748667497812,3.105758011902926,0.0574545207694029,8.546896642925255,162.13121600327682
52.8664545369916,44.653189681203216,-41.49035886825796,4.098881030209959,0.457675168188844,1446.8996461014567,0.9154162014667034,0.1818084656669497,0.5706831750719786,1.8759560648874054,0.5486123335668266,8.213264855788381,825.7212840477016
104.21189231357089,42.17049941390599,-12.715602712468788,1.055379587497686,8.994483828856271,1875.0904382789183,0.1869072964501181,0.7286151567927769,0.4264060564919728,9.492594633052938,0.45776122662144747,62.04139289966489,799.5499193523184
78.30415609696922,34.23736259282869,-7.509075436593704,1.8814309715162072,4.684418433221433,1627.4636570238229,0.6433697250697605,0.8031330889362459,0.7554372725155811,8.81340992380423,0.7232514070030032,44.066793504140534,1229.44670618031
84.39995432390158,90.70232315421948,35.33024047378271,1.3624698792424312,3.030654139961064,2384.091393708611,0.6200013334774084,0.9401798347292414,0.6715118072810374,4.129174980098325,0.7800905841033249,6.302368830317903,1600.9455205124368
34.085702037979985,99.89071898486958,-34.33476387616636,5.029929859119354,9.718461910516782,2948.170271342971,0.511525640809493,0.2062027159017788,0.7204160690923429,48.88318174842249,0.3588641783556359,65.8050169468896,2123.909237895809
94.74709381337566,94.29932213676976,16.831733985291848,5.288679687690348,7.558631829719386,1527.1853698875789,0.6928784276966522,0.4404345706560461,0.8623349164397316,39.97518262456665,0.5666564991763492,0.4477716766058961,1316.945268329986
92.60913337226616,115.08726233410997,38.85783474895348,1.7106122924761422,12.443736196990963,1798.5197631715168,0.3823633310616279,0.040585712134695,0.0403301610515129,21.286408102903064,0.21147452159816144,22.478128961843808,72.53459170303611
49.12291401980419,34.07351743029586,14.74107175580302,4.81067913366259,3.526906934052284,3073.8047419919862,0.0894731228103872,0.7476518245649778,0.8940913692578455,16.96681759401522,0.4185624736876825,15.049396589508333,2748.2622905988733
38.704374855752334,121.77717610835946,-8.613922747061778,0.6053551705318909,14.639104396379096,2437.783679069118,0.0727362617771965,0.8378413809055185,0.1880585664790756,8.861857538304221,0.4552888213413575,83.07280125260712,458.44610407182523
75.52008115994623,38.14044709262063,23.94582988817723,2.445840373050398,8.719538372617018,1590.211795998281,0.297214113845096,0.3799242909620145,0.9361255715401346,21.32659898610887,0.33856920240355526,37.3796340673256,1488.6379263987549
83.64104112637804,146.29231561689735,2.9725980521525983,4.616113923219272,6.453335516344176,2232.839241911401,0.7226835744744866,0.2013991027938874,0.9882621151431868,29.789331928201783,0.462041338634187,62.65127449051931,2206.630431986071
55.56727164649492,100.53232330346378,18.10528754312337,4.8305457698210015,3.318868461856776,3192.596979566252,0.1264642454035711,0.0309706034225101,0.6615243241461749,16.031946009014582,0.0787174244130406,44.96505165696886,2111.980559178684
109.11431136980713,78.49683859812396,19.99289119103153,4.348017632921669,5.39604612672452,2604.695796808827,0.9689443971742911,0.5127498997939296,0.1711024784134018,23.46210370705689,0.7408471484841104,30.61747277168317,445.66990634696066
46.52023676817255,80.36727803113467,-43.88363673504167,1.4116149733087138,8.788640264583794,1699.9490548807055,0.1058050248565142,0.8950851727663146,0.3498954636473986,12.406176192510339,0.5004450988114144,33.84704126296212,594.8044627344415
68.45229851910213,144.91503414064562,36.89488294689528,5.307394753178518,10.385810418820862,2780.1047054095216,0.5408270639715397,0.6906227420813416,0.848417726430511,55.12159572435663,0.6157249030264407,76.46273562154349,2358.690113402312
85.89239419101514,91.0032656299536,-26.578790184844443,5.336316186231607,10.471589937348885,2507.8048752525046,0.1911056226911449,0.387050011934887,0.3330076330522442,55.87971487825487,0.28907781731301596,5.11087143893846,835.1181656647151
31.775108289014117,89.79068187161444,40.69996071278352,1.4401502133146655,11.456401349006503,1216.993040634654,0.4979485925822638,0.3593389905157872,0.3892663968090483,16.49893884659014,0.42864379154902554,58.015573582600325,473.7344958695395
44.59577283845081,55.0212617228803,-32.705918671394464,5.115492172391642,1.670480523207288,2609.831683197355,0.3320007021176792,0.6428020501620825,0.7070311693228843,8.545330040599575,0.4874013761398808,10.425488884429484,1845.2323467069373
68.94527602775631,111.61689261123604,29.33803914372736,2.8518073353683557,5.413283022194464,2781.200201862448,0.0629074760180239,0.890220670554556,0.943020709645736,15.437640231119154,0.47656407328628997,42.67161658347973,2622.72938802719
61.26176769114265,38.81960967960152,-29.982581847112247,5.438555528267162,8.164924653031003,2207.619389388283,0.4136655235832069,0.0246972976861112,0.0896317733046179,44.405396109626594,0.21918141063465904,22.44215801154113,197.87284065252956
116.10703174694552,103.55274989934306,40.58357350522935,2.7426145775150275,0.7421916233300284,550.0146517988993,0.0854084828082653,0.464689468445165,0.8762923485239374,2.0355455654544783,0.27504897562671515,12.554281847602468,481.97363094743315
21.45446656678819,62.97672426577633,-38.438834816888686,2.8023400120508146,0.8333916266573479,1337.391412322809,0.5769361233448397,0.720616290663715,0.8818548008206828,2.3354467010900004,0.6487762070042773,41.52225769898814,1179.3850375332224
83.23058305935794,45.46438409681343,10.883571073058803,0.6205233082625492,1.3673401437896926,621.0015564153559,0.3011755869973588,0.4109329049627582,0.1266558728471939,0.8484664295445697,0.3560542459800585,37.76619896254451,78.65349416725283
31.355759219962906,126.71910597301896,-38.01155987955554,0.9550525959000444,0.3065458251016157,837.1910815280389,0.5591366564629684,0.779531681823933,0.8030455246758799,0.2927673860256191,0.6693341691434507,95.36334675305605,672.3025513196513
37.63869865062233,119.76878153154384,-19.00035549817509,2.6153609178832253,2.421021582644536,1796.2018551998533,0.9185215304431212,0.8765604907887176,0.5115361942347918,6.331845228600312,0.8975410106159194,82.1300828809215,918.8222610864055
57.20180857927832,50.37094861050489,-6.252359538401322,5.384650039137197,9.719025503268677,3103.938880192709,0.750160832954601,0.8102591305172869,0.959235435323822,52.3335510565511,0.780209981735944,6.8308599687734315,2977.4081629601897
24.53040097720445,74.52465155815233,-12.427200824592155,1.612397992884942,8.364836669346671,1272.8959962905874,0.9800054631968168,0.4707849970127072,0.0328254988192401,13.487445856464934,0.725395230104762,49.99425058094788,41.783446023252125
87.18927435987284,134.79874990329694,31.952718145794165,4.523174978367137,7.088707138020494,2380.407890194532,0.2058873107665993,0.4572304196195443,0.4429140980419636,32.06346275566681,0.3315588651930718,47.6094755434241,1054.3162136574845
96.36057941597608,76.98308378133953,-6.963372268775181,4.1910123639728685,11.421372510582987,1356.2122053902674,0.6153478406285743,0.1137619588045494,0.4437835792823357,47.86711340539314,0.36455489971656185,19.377495634636546,601.8647067744831
20.919705161662964,122.4488901369352,37.62688969792356,5.10849606168492,7.229516944597118,1631.605347372916,0.9478565672536609,0.183579627355146,0.2550872224213981,36.93195883935877,0.5657180973044034,101.52918497527224,416.2016761492575
44.18522909004517,114.9806506374338,14.848641312839575,4.841110665758271,10.53911129627733,1326.700328927535,0.1456286467054234,0.6050712534377437,0.3648180963078569,51.021004104021664,0.37534995007158356,70.79542154738863,484.00428837035093
45.02428981645953,37.242250078867656,-8.008103226100879,4.750452653096856,7.792621158045343,2239.4887281431747,0.0292994431034183,0.9489162181887152,0.494982794712461,37.01847785481519,0.4891078306460667,7.782039737591873,1108.5083893833635
41.49403785907568,92.16945194865784,21.099953886803235,4.401913755486861,10.63845578739444,3050.3982040551105,0.4133424598711922,0.9058493899993058,0.0796451290347658,46.82956486767039,0.659595924935249,50.675414089582155,242.94935856938713
81.14542354346477,111.6273335050024,-21.64123951415187,4.563766724231679,4.534989135767378,3247.443044572232,0.3169130138185443,0.6522640059437702,0.7166319367020314,20.69663251256734,0.48458850988115726,30.481909961537625,2327.2213983613397
40.63337184057925,38.11350763106579,-40.78332823251572,5.041410233583669,12.70725073690045,3109.0876545549017,0.1290651248290629,0.1879035887984165,0.6874648040497281,64.06246390572355,0.1584843568137397,2.5198642095134645,2137.388335212014
107.67656367617496,87.12217552425199,-23.229603529839974,2.886141575703843,1.5507667174891946,701.8538387645436,0.2322896540964526,0.378024949434402,0.1271811892168869,4.475732297563341,0.3051573017654273,20.55438815192298,89.26260587051185
33.94938606520418,65.68188088470609,5.415136511565777,2.8802178377959446,3.683920619184216,1806.1889701992543,0.853284798567202,0.8167933695743474,0.8418087090288189,10.61049388039866,0.8350390840707747,31.73249481950191,1520.4656052655262
75.20471808519802,83.83327571454511,-24.813586504345945,5.811609654008612,2.576817494569715,2051.8165092629315,0.2918671770363997,0.0023474738674531,0.0838041590950607,14.975457428059642,0.1471073254519264,8.628557629347085,171.9507571761428
55.60967258978462,102.07132000327408,-2.4946376253316487,3.3041970525275173,7.715593213493558,1052.3039700828708,0.5722838145420012,0.0383615547879746,0.433723702831421,25.49384035452673,0.3053226846649879,46.46164741348946,456.4091744085476
100.21969807540395,43.25689357576736,-21.72412486007651,5.807584531999595,14.689358170999173,1508.9701828110003,0.3340455484199596,0.4975660833887259,0.3333678381165628,85.30968929889666,0.41580581590434273,56.9628044996366,503.0421276260577
57.330931627975296,128.1342395828334,35.46848722799257,2.673926234871368,5.7936400674536,1132.2892982897188,0.503072600271609,0.8392079530394589,0.9170985051717944,15.491766171766102,0.671140276655534,70.8033079548581,1038.4208228835212
50.42422429595377,51.66904141528002,-13.739100636704158,4.529844778246543,13.302683021321393,624.4919765297191,0.1324706563419265,0.2413497038374998,0.4732131868843987,60.25908922080166,0.18691018008971316,1.2448171193262496,295.51783839736544
54.08035402530179,70.44038117175435,35.10873316654275,5.4552849262975736,14.194966258699427,2654.0425343810048,0.990642737172179,0.2782171870688221,0.7881597881357064,77.43758546038565,0.6344299621205005,16.360027146452566,2091.8096016008863
21.82218256515497,51.717234325138776,31.10439266909161,3.7741679626011897,5.86193514995527,1540.8768511327576,0.3383678659252158,0.6332689173374889,0.4370337254497708,22.12392784180698,0.4858183916313523,29.895051759983804,673.415150709861
101.65994394715771,53.35470141849181,4.003409952023667,4.631474253247236,5.297595421133589,1298.304105611926,0.0038302905003225,0.208651913158431,0.0799824827967548,24.535676797100667,0.10624110182937675,48.30524252866591,103.84158579206199
29.44429607559284,132.5262112043495,17.324354400230277,1.9554926480894652,0.8621380637439247,1795.421285323332,0.9355230227588572,0.0994962261806381,0.3968893930890396,1.6859046452893314,0.5175096244697477,103.08191512875666,712.5836642711206
71.07473025775657,61.17045405123915,-6.525928087144635,5.111705086136636,0.1165702035231923,3056.1452474140788,0.2846747388464636,0.9451224487448868,0.2336090320362368,0.5958725022414849,0.6148985937956752,9.904276206517423,713.9431330105484
73.57746840747585,119.22099075499293,30.7302797776284,3.2644718344657178,5.76168827658438,1905.670983773404,0.3723070985730478,0.6993129211553037,0.4809416080843035,18.80886909788103,0.5358100098641758,45.64352234751708,916.5164674155775
102.26005606596584,98.10490179138698,-26.37066794054159,2.641727164383814,8.531173348667375,618.0856394591885,0.9517024063905372,0.1061300193090194,0.0709161914385695,22.537032379241833,0.5289162128497783,4.155154274578862,43.83227953331846
21.439348862975585,57.41456895975585,9.3415907654449,1.4343455332790442,6.65384903173614,760.9010607677992,0.5380946641211113,0.9421854544896384,0.8030756423377449,9.543918637783825,0.7401400593053749,35.97522009678026,611.0611081315718
72.03077009037932,35.2095039425783,-8.36041597869351,2.16330731203195,10.066260312506213,1272.4376494774078,0.1444364841550776,0.8296438053529284,0.3881214567684971,21.776414538861715,0.487040144754003,36.82126614780102,493.86035416225377
59.30977246667604,62.9058242818404,8.852173586798294,2.448492299694686,9.65038636867149,3153.0302839138626,0.9859341686249178,0.1100177211275436,0.1258023363460513,23.628896712770707,0.5479759448762307,3.5960518151643655,396.6585762862174
100.36720768991144,40.97842048773059,-5.370892346848592,4.562977328996115,13.767294192007444,1866.9486483196324,0.6589018065748572,0.8043744141377006,0.7311029830035621,62.819851279749855,0.7316381103562789,59.38878720218085,1364.9317259009515
109.45522268940914,104.35072049518088,28.51015198550725,4.808138906258263,9.001695714343958,1024.354963650098,0.2102761779018613,0.1784506740983747,0.615214896596914,43.28140338643545,0.194363426000118,5.10450219422826,630.1984330405306
109.52068376871992,71.70858290867784,18.34713824708981,1.3362671208347048,4.749754265315107,2247.305230664888,0.1383975859681245,0.6032221356579637,0.22149354885964,6.346940456784977,0.37080986081304407,37.81210086004208,497.7636109107979
47.2307326519369,126.59867996169235,-29.941082639904565,3.505521979504684,5.33958309789439,2697.8380977211964,0.4751708660226282,0.1218892120803589,0.6435521229874175,18.718025911060494,0.29853003905149356,79.36794730975546,1736.1994352648119
69.25176938188639,33.73608994614136,31.70374869520633,0.8175268757381446,13.678953932171598,1732.194630473036,0.1744984863979551,0.5438779211611176,0.5904261031078913,11.182912471534255,0.3591882037795363,35.51567943574503,1022.7329254946086
51.43559810763267,136.05430619561108,-30.78406594481868,5.530017651167074,8.267363520647528,2212.7211612564342,0.3192252977861884,0.959024175972966,0.3888514964741164,45.71866619779559,0.6391247368795772,84.6187080879784,860.419934834509
57.62595855309158,143.3537063368828,-39.81171760208776,3.762370204717075,5.079471441179337,2134.403255828295,0.0636014363777973,0.6508279504893281,0.1174758988764929,19.11085200600444,0.3572146934335627,85.72774778379122,250.74094104334202
81.50072266991697,62.27920853221172,24.64916901571408,1.6237401086943366,1.815678058088497,1111.983810828162,0.1204818224384679,0.2562923753692175,0.0855995528227683,2.948189287394538,0.1883870989038427,19.22151413770525,95.18531695304843
48.37759057987245,96.45626888548516,28.996189813478097,2.372263558628428,12.56298866780106,2528.5872390696177,0.2511920046044672,0.716325343476028,0.5371693216040289,29.80272020408636,0.48375867404024764,48.07867830561271,1358.2794918276309
99.51861947687036,70.73402310513673,-34.75454458710587,2.5326580968472525,12.44692830116251,3162.273606111081,0.5259465769014594,0.7892906546771047,0.4184494971754581,31.523813742816447,0.657618615789282,28.784596371733628,1323.2518004084045
70.31362585800878,134.04377953469384,12.248644176858797,1.682019503700177,11.78764155087068,2699.4811344103987,0.0073578296254145,0.3293212774825043,0.8300326836280747,19.827042991191085,0.16833955355395938,63.73015367668506,2240.6575703980225
44.92922291488749,50.86742990633847,-16.491449063922598,2.889218254536354,9.990984675305604,819.8708568097936,0.1785197892725987,0.0669910943958476,0.6043807190828081,28.86613530468592,0.12275544183422316,5.938206991450983,495.5141379937411
86.50366745462554,56.47343432534535,17.748844371867307,5.09220963131922,0.8638255417223728,978.9990481014522,0.4737732925144229,0.0632626718206748,0.8240944904843742,4.39878074333821,0.26851798216754885,30.03023312928019,806.7877217298536
63.7474922023729,41.46423766016018,-19.70959509821577,4.169667854567996,3.3877007883640524,2675.9791722076343,0.5601159830093484,0.0551565906017854,0.8999095433546718,14.125587078136249,0.30763628680556687,22.283254542212717,2408.1391948879846
71.42344384136116,131.34592782420845,43.31673814475221,4.02953918514207,2.429122863562027,658.480059094166,0.1289025850734989,0.9843219788140412,0.2276325358193923,9.788245764247701,0.55661228194377,59.92248398284728,149.8914856381083
101.72222002012158,112.5462866760976,33.40840340367468,2.462872863441106,2.0120553466125912,2529.85170065752,0.7880351495750221,0.5925681827648268,0.2409962579959179,4.95543651291374,0.6903016661699244,10.824066655976011,609.6847931430713
101.44684825889358,73.10800432797188,-4.822243523857601,0.9861172084148528,2.2653677170655118,2929.936231050417,0.9678645659513552,0.5888102701562232,0.575501018469059,2.233918089185771,0.7783374180537892,28.338843930921698,1686.1812850189112
44.20552715115004,120.32599674691694,-23.41132985196497,4.071272785172849,0.292172299863929,1402.898958894865,0.0324707716917482,0.822760243032332,0.1812502555515519,1.1895131330173752,0.42761550736204007,76.1204695957669,254.27579481270038
105.54605840110072,53.94509411149741,-3.938714194001221,5.495256687851776,9.031970980914878,1504.634870410955,0.1682365791084918,0.0497810015230437,0.9409657878427938,49.632998937355644,0.10900879031576774,51.60096428960331,1415.8099362519843
29.12061030486904,34.98874308604705,23.059225255515912,4.69266443475528,9.030459903128268,3424.712818430705,0.0582378308202752,0.3903764460469539,0.2280618169000199,42.37691801689364,0.22430713843361455,5.868132781178012,781.0462277320945
38.14354350897973,121.31889120337128,-44.99895287201705,5.532834028844723,1.9363871261750167,888.1418509001027,0.0377845065956796,0.2691197526380103,0.7805218027570218,10.713708584717974,0.15345212961684496,83.17534769439155,693.2140785685061
27.40446517340904,111.55767392316838,-4.388459023711071,1.082481924220667,4.211248146270147,1209.829348122522,0.5441086239394686,0.6374046122611835,0.5851947853928539,4.558599996745226,0.5907566181003261,84.15320874975934,707.9858257365356
71.63003483011954,115.69043185589132,-37.161650988380565,2.548933005677529,7.204899278223553,1930.9501778529611,0.3761904687696221,0.8329941385530004,0.1786288767542995,18.36480557284622,0.6045923036613112,44.06039702577178,344.9234613383893
53.49056146570861,58.94417491194498,-13.932701235521057,4.30080697006594,7.6825216440412145,2842.097912514886,0.0864575071201523,0.4253564962699836,0.1735721441514397,33.041042634374904,0.25590700169506797,5.453613446236368,493.3090285635397
115.0607146937556,62.36995338203875,-1.2969270306541958,0.6233423903913031,10.089471573574071,2709.4195238572183,0.8565719886833357,0.2541472801278144,0.3502723706693276,6.289195328456764,0.5553596344055751,52.69076131171685,949.0347997592287
111.48643902204483,122.51062135728624,7.452615157514067,3.4749775211094445,11.368181492194273,2005.8362153955247,0.5441260019631009,0.1197599664321972,0.0244268829406332,39.50417514126752,0.33194298419764906,11.024182335241406,48.99632643154921
79.78999788110852,149.7520932640005,31.49778343325957,4.112158349110064,11.714798851218546,1808.738079071472,0.8482031285528955,0.4904490967359499,0.8013715354636367,48.17310790418334,0.6693261126444227,69.96209538289199,1449.4712116770543
60.3482866212397,55.4453807889872,40.96036865625312,3.931991670409403,8.512400520108606,2631.0545021369967,0.7130142918617408,0.4495989060077373,0.6795518365726839,33.47068794025571,0.581306598934739,4.9029058322525,1787.9379190500247
118.4402180703552,97.27921132994052,-37.93897653145884,3.9251437178191257,14.427105908849738,1244.8624388925375,0.4271124464193341,0.5967229901062171,0.1713245444543749,56.62846412443274,0.5119177182627757,21.161006740414678,213.27549025162608
22.65322038738197,30.627553625149528,23.89920754642748,2.5847226696066925,7.309517261078239,2128.821333467983,0.1995716158959387,0.2211476101106934,0.912584217924823,18.893074968590344,0.21035961300331604,7.974333237767556,1942.7287517045581
39.96737821583598,133.44511811871763,20.77388684826568,5.694467204818669,6.015183216891364,1276.7128243794186,0.8747660625539935,0.0400690863482666,0.8262173757752201,34.253263559563536,0.45741757445113,93.47773990288165,1054.8423193773328
79.02949425148077,66.67250585882579,-24.26250040943851,0.7159817783290877,13.278733041191712,1718.9966928913034,0.4160706704086861,0.8806505774645779,0.7322905674256961,9.507330896789657,0.648360623936632,12.356988392654983,1258.8050636402677
113.98321236134753,55.8242246420685,15.67172659824567,5.500463952294721,6.718332762487662,2895.6675143917973,0.5578791835778856,0.6881176592063503,0.1964826524029186,36.953947179584,0.6229984213921179,58.158987719279025,568.9484337046667
77.8280140996174,69.17535698927902,-32.39783122020141,3.064703658770936,8.330255453476791,1881.0661194044808,0.207511495384879,0.2078238414588358,0.5877954050663722,25.529764366766866,0.2076676684218574,8.652657110338382,1105.6820216119856
62.52135044692334,125.30367975325012,-11.61530926580113,5.946827670865066,0.839128034407293,1236.3633876167914,0.6155526231931792,0.9403970339455442,0.1575005480758038,4.990149814411903,0.7779748285693617,62.78232930632678,194.7279111705021
30.112267612279027,110.02371090553252,-19.043510596312885,2.932615929981244,13.844270826476254,692.2841331085265,0.5151922261382137,0.2103720815298357,0.8624341301411569,40.59992916469887,0.3627821538340247,79.9114432932535,597.0494641479769
98.51759613930136,86.90570599889566,-21.585798813415398,2.556565758570475,12.382821664015308,2082.763919816497,0.2626954770019353,0.4933415880523805,0.406082132559771,31.657497860706208,0.3780185325271579,11.611890140405706,845.773214177631
94.60448792654232,42.791163636958885,11.106536234349612,3.99767179754691,14.948242001099423,704.111942275009,0.948790497691918,0.9138145226249442,0.2703832353106563,59.75816547070135,0.9313025101584311,51.813324289583434,190.380064973187
65.08393714041321,50.89312024009012,-2.0789904178827,0.7769223983314428,3.779721388179199,2389.050785777609,0.3337042075756299,0.2569522995084699,0.0405091729413218,2.9365502059288335,0.2953282535420499,14.190816900323092,96.7784714466659
88.47311725538793,75.62347425430285,-26.957293602443748,5.435512261850126,7.493964406322127,1430.7058512341143,0.0847661544263331,0.5568183602783076,0.1533648274157456,40.73353542043232,0.3207922573523203,12.849643001085084,219.41995595721735
42.35958385194526,134.49041404047108,-2.200856626185597,5.105518938735829,14.244169283059692,3034.5922562315254,0.9340329911306392,0.6141688503188927,0.2949311358038643,72.72387604122041,0.774100920724766,92.13083018852582,894.995740831975
67.22149251619493,57.80060416601321,-10.76219932431939,1.8920584654878485,0.770452636407823,857.6313285217201,0.0211498233494162,0.0857942848994894,0.8842451739289542,1.4577414329728529,0.0534720541244528,9.42088835018172,758.3563632556085
82.79003894909079,93.95493438616025,-22.7858517718288,2.560015338587697,7.343987446162757,2963.7782611185366,0.2478124429069068,0.9019161078378828,0.9931637389334784,18.800720508572144,0.5748642753723948,11.164895437069461,2943.517099182249
34.99174273487738,67.84882748976153,-6.046559801147765,5.623552028702146,12.430103039911874,1625.9640373190414,0.2872576948770676,0.0257424097472162,0.1263701419470051,69.90133116707312,0.1565000523121419,32.857084754884156,205.47330619673278
77.65164755142536,39.24699349611974,-41.18199316137975,2.7997963348953983,12.195920103428207,1343.8536906591023,0.31003402401245,0.4753590676808685,0.3133694064303579,34.1460924062554,0.39269654584665925,38.40465405530561,421.1226333710887
58.67353463005374,42.83767665923501,12.859371905283687,5.349298365139294,12.205859933558155,760.1197027869207,0.1708137063062107,0.770437802792337,0.7305146540263266,65.29278658770185,0.47062575454927386,15.83585797081873,555.2785816999816
28.27986679251265,44.20034291080648,-27.42834573391572,3.656724263379557,8.230869935314084,1701.069880519492,0.5313399532366091,0.8788811459128522,0.2645971118810299,30.098021801184334,0.7051105495747306,15.920476118293827,450.09817749326623
48.07723624408558,133.72298998075644,35.30722483256871,1.7075465777639107,0.9475328268869336,2575.1603424040663,0.6442130159896179,0.613170360743117,0.7027382992895869,1.6179564358697476,0.6286916883663675,85.64575373667086,1809.6637994190237
58.38912213732114,32.303073218766805,7.046855947832462,4.149379766523987,2.929142403529208,2522.880721100074,0.6791716995379928,0.1712734106662395,0.1495493185569445,12.154124222471536,0.42522255510211615,26.086048918554333,377.29509264096885
99.15790437258484,67.93873259721006,-30.59775571831253,4.703943625400351,1.5665204176103944,1076.7737554042758,0.9883705667215712,0.1962342816878556,0.5718287711826909,7.36882373247791,0.5923024242047134,31.219171775374775,615.7302133945984
22.53863556603449,117.93618537195007,25.232895270619352,0.7305336919394164,4.568474135618589,1746.8833460874655,0.8559251895912978,0.5355219160859636,0.9246511054051808,3.337424276823182,0.6957235528386307,95.39754980591559,1615.257616973676
29.02897700544083,49.291187525796985,-2.5841549341651917,0.8089684254109146,9.146315685165296,943.8750023282176,0.2546637658899618,0.7111218170152859,0.3763118169549976,7.399080598139321,0.48289279145262387,20.262210520356156,355.19131710453416
89.18951976926932,84.16644291956106,27.441609915729472,4.205049796111992,8.825256489701927,1156.315125232639,0.1233184910752922,0.1707682600033369,0.76075930838695,37.11064300265712,0.14704337553931454,5.023076849708261,879.677494949352
106.47223762550531,94.69935320103052,44.803877011378034,2.918572675793497,2.793698743379456,1377.9652930022237,0.8416154597578153,0.2594491710680763,0.635156988863935,8.153612816825907,0.5505323154129458,11.772884424474796,875.2242862623024
79.53850173200438,107.49729751862472,-12.727938462761417,0.8764774891130923,1.719369836682912,2018.1340772355095,0.0717353437474249,0.013639845835881,0.044881016472718,1.5069889573126263,0.042687594791652954,27.958795786620342,90.57590876456044
62.89940273750184,59.84571271051559,-42.70970160848242,5.14679241265376,1.250094200374373,1873.7008853812144,0.3295304137739967,0.8950338588534369,0.4499127810855053,6.433975345589292,0.6122821363137168,3.0536900269862457,843.0019762642359
42.6495775197938,61.17642972769917,32.016353301520766,1.3825443784917453,8.024889320924746,603.2939257199437,0.8364397373761233,0.7497257467835433,0.2984506611477605,11.094765618662947,0.7930827420798333,18.52685220790537,180.05347099754508
22.00711977777264,94.79485563366715,-18.17530122245012,1.8098065951613296,14.191670563166358,2218.3108300608374,0.7563560547436343,0.4500242395278025,0.8271581484276234,25.684178981575375,0.6031901471357184,72.78773585589451,1834.8938788300666
76.09379715353862,136.10477560180894,40.29192233680237,3.2802981821442514,13.303952281434295,2331.128179345076,0.0084955786072095,0.4648547808132707,0.4131944788027977,43.640930484122784,0.2366751797102401,60.01097844827032,963.2092930870035
87.17006844058567,60.78753404416365,10.224370281371256,2.384548305873869,4.320937612039402,2984.5576079703587,0.2685989329145974,0.989216683420586,0.6591555446001344,10.303484462575238,0.6289078081675917,26.382534396422017,1967.2876954721762
87.15731955927996,96.0271850587514,-8.321127207081226,3.16495897294006,9.775744421525674,647.926961329474,0.5027834418466806,0.2525860066847242,0.3736502963729842,30.939830024076418,0.3776847242657024,8.869865499471445,242.09810112880504
32.75803027955638,142.43493876372753,-7.514601128650895,1.624466048553502,2.607350968764921,889.5710402536431,0.4179685080138871,0.7533129318792571,0.4489117225927901,4.2355531254216965,0.5856407199465721,109.67690848417115,399.33886804892313
53.660427819392055,67.41793597023116,-33.7004806713612,2.2465233514167364,9.98087910973061,2193.7822438709645,0.3789559098125076,0.6447199773818176,0.322978733363808,22.422277987677305,0.5118379435971626,13.7575081508391,708.5450104014567
100.6834739267264,84.45474496603671,16.956451664292317,4.16766065218112,0.7565813373986827,3090.2947333681536,0.5649526076524732,0.4238081851735742,0.0901957002002443,3.1531742700510583,0.4943803964130237,16.228728960689693,278.7312973012679
80.31521094663881,79.18858676355458,-13.919224297960096,2.660923098912485,3.140559389344349,3341.458808019064,0.3997195509744276,0.3149332274589325,0.5195018547649811,8.356787022612865,0.35732638921668003,1.1266241830842318,1735.8940483866866
69.26251042908592,141.71384346083732,-32.472296878887406,1.4204636773022954,0.9882981476354196,1152.358796651708,0.1912421290761213,0.9989046997630768,0.1416113506178993,1.403841621061255,0.595073414419599,72.4513330317514,163.18708559026555
47.68776481472037,109.42070278192544,-20.6646042253927,5.148164683228191,13.144780890898858,1229.539940792678,0.3712709205053938,0.744419253813326,0.0977072753867585,67.67149675129829,0.5578450871593599,61.732937967205075,120.13499759404893
76.64046402968972,70.14135464903185,40.23816003976671,3.735937215407344,14.361309004842962,3309.479993930677,0.6604697213644312,0.4203353891954989,0.5713395284530771,53.652948773157426,0.5404025552799651,6.49910938065787,1890.8367391572456
102.87375091519291,122.19280966374218,27.57632555095556,3.7947452293270985,11.503914121484806,2007.1154599162865,0.4919280240391293,0.6770937847836443,0.9486540809029906,43.654423231093105,0.5845109044113868,19.319058748549267,1904.058271893068
69.26180939928696,101.33716022234076,0.277555570185271,2.487720784869525,11.750174603653656,2979.1709348016657,0.7395632481112681,0.0012844255268014,0.8850153245472586,29.231153587355234,0.37042383681903474,32.075350823053796,2636.611931745256
52.53303307632643,105.3006555862044,4.088868246621495,5.732827714650613,14.880244933855783,1541.0070062366,0.8319415416880521,0.910824220330396,0.5518287335341685,85.3058805575978,0.8713828810092241,52.76762250987797,850.3719446188235
82.00727559285136,145.149197318524,-2.7010558657857047,1.5154785154105306,0.2476693628181893,2391.905884949241,0.8368634222265923,0.2620350045068745,0.2304948373515208,0.3753375982763816,0.5494492133667334,63.14192172567263,551.3219579115207
47.34070719307063,66.87479579115438,41.17032171342865,4.676108788051605,13.704317856658854,744.3416386734775,0.8352440601588657,0.5476161006537471,0.7813562183952003,64.082881163775,0.6914300804063064,19.534088598083756,581.595967987995
72.77011090862999,69.24397938758864,3.004796588882634,5.109852362437534,10.071363545880514,529.4826577093636,0.7139579478647715,0.3982502348634128,0.8732543566916726,51.463180807884804,0.5561040913640922,3.52613152104135,462.37303763738737
25.637549665092717,126.3631077399196,-44.2023043397878,5.822688058982591,8.624632159460873,1805.0437830206704,0.3653668415506528,0.6404832931422122,0.6800460563742698,50.21854268801006,0.5029250673464325,100.72555807482688,1227.5129062261
97.23183917356393,105.97816507128267,-39.05911402737826,3.598746004661198,11.999971127313884,906.9844014811332,0.442066213118075,0.7039366670345154,0.0956901160580011,43.18484815047057,0.5730014400762952,8.746325897718748,86.7894426405263
118.6001063822871,113.11511426713976,-21.659859241461497,4.924277328226103,2.795289330545585,1543.4670422991378,0.9688146905778044,0.557424744670142,0.5650722830366937,13.764779876237947,0.7631197176239732,5.484992115147335,872.1704453838668
112.55685129067764,52.22346814409615,-30.44957073867343,2.4113533742256505,14.336178052427206,3444.1500027238403,0.4263182939907013,0.8545686640326409,0.7678609231258553,34.569591320220056,0.6404434790116711,60.33338314658149,2644.6282004754453
36.26169393448913,77.85873370762806,-35.16622107213407,3.9244679347926192,4.355827229577422,1045.2907932835826,0.8076258695629751,0.9463786533583708,0.7333279087168623,17.09430429197316,0.877002261460673,41.59703977313893,766.5409114396397
21.09958286584805,92.07228677299312,-35.7735632340173,0.5912586434792884,14.120785606359112,1524.7111610947038,0.7632949119972816,0.1408686039508613,0.8639358074599548,8.34903654247775,0.45208175797407146,70.97270390714507,1317.2525681035581
78.33917947661205,106.40036186006488,41.45642779618798,3.672715596229851,13.15098338249843,1308.8900263015485,0.938719301977863,0.3419344935747266,0.4958194726485391,48.29982177466158,0.6403268977762948,28.06118238345283,648.9731625957662
76.83086033354716,48.126947013708026,3.662862898041929,1.3874954058046105,9.243204754541818,1922.9259946052907,0.7072283283354233,0.2447155970237009,0.1925816324585278,12.824904131838105,0.4759719626795621,28.70391331983914,370.32022713802513
66.07787680327257,92.28717490899244,1.0016225313506837,1.505607789278494,13.465229811529726,2293.047006570377,0.1167479027687955,0.6702539760443592,0.4080200912850811,20.273354888664144,0.3935009394065774,26.209298105719867,935.6092489418272
63.16595462296794,40.51712961166062,24.08108656661264,0.6675502746992807,5.812617401768058,878.330425035875,0.2393698363420463,0.7524092332120093,0.3714633393344715,3.880214343272087,0.4958895347770278,22.648825011307316,326.2675527228918
27.379656473539885,126.94151303295104,-33.24128905588834,5.785060808108535,6.334004047337169,1488.1378079062272,0.517131892010638,0.6674155305338311,0.0852004775596619,36.642598572651096,0.5922737112722345,99.56185655941115,126.79005190819896
74.56167893159349,105.78722641110248,-1.2599555582157294,1.9523409158154528,7.898680426737922,2584.910399364428,0.4698043214486815,0.8496001749824581,0.4533706056041573,15.420916978071107,0.6597022482155698,31.22554747950899,1171.922393192335
24.52272889105381,87.58507443646906,13.587612043585878,0.9157098761973684,13.359709307806652,2174.513551671322,0.8467850018697454,0.8996124893723151,0.4806480283124089,12.23361775628446,0.8731987456210302,63.06234554541525,1045.1756511494345
103.02198645669915,126.00851624389914,24.40105342666979,4.22590939175562,9.186210147066944,1977.1011461037467,0.9300053777910726,0.8016425898313673,0.9804707977830712,38.82009173513097,0.8658239838112199,22.986529787199984,1938.489938018165
48.48404943774676,62.04339242033056,-2.594889096046685,1.978694329102064,13.784123377015217,1719.249609722056,0.7831600290279028,0.9335931437012516,0.9509413518658344,27.2745667577432,0.8583765863645771,13.5593429825838,1634.9055480639001
37.70104842767468,57.19876826723856,22.378071071357997,1.5189869546082804,13.647865147111188,875.7536932886238,0.3660282657465152,0.5802285321991417,0.8612322272603858,20.730929116714915,0.47312839897282843,19.497719839563885,754.2273038024703
85.14203883518643,124.18763725337612,-18.30960790146624,0.9627021424266056,12.742229438653345,558.9544482405435,0.673008166288677,0.9012592077965632,0.8635770031391459,12.266971579882938,0.7871336870426201,39.0455984181897,482.70020730286336
60.941165219124045,74.19714366082181,42.01609498193568,5.880951328812712,3.0123242054891586,1756.770874378756,0.2153592828546084,0.0492996624091699,0.2156397627258491,17.715332039086164,0.13232947263188916,13.255978441697764,378.8296545147174
38.19281304952711,49.77777788753245,23.289862838159262,4.217026088072405,2.312751046490844,1199.0568931905043,0.1796512179553419,0.3458285703095939,0.565557483226387,9.752931498268644,0.2627398941324679,11.584964838005341,678.1355987580723
75.38542844013207,121.4742161731939,26.145881484739647,3.4476429336866503,5.431387615100336,2580.132615556557,0.1170644129818626,0.0127654265178973,0.6500924511399314,18.72548513131386,0.06491491974987995,46.08878773306182,1677.3247363132446
100.93611554785136,113.3978263351851,-35.61976774724871,1.892998109374933,9.766604253774853,1078.029189460101,0.3500068684731787,0.3207121649842939,0.3424752191863042,18.488163387408974,0.3353595167287363,12.461710787333743,369.19828294958194
40.78862551460273,96.507181695842,-33.49198788998242,2.87215938487558,0.1901009434412784,2394.633136028481,0.2297162836832317,0.5770204016905583,0.3650836732844007,0.5460002087785696,0.40336834268689503,55.718556181239265,874.241461469822
105.300945546736,103.99803774248856,-34.656030264638986,3.97280406670107,14.542895003034266,1925.3250947955064,0.0861357715490362,0.8124136576239005,0.7978023722086077,57.776072409661204,0.44927471458646834,1.3029078042474396,1536.0289279006176
75.41780025157934,70.1085982435273,9.139849136984168,5.438805557662837,6.562045536673662,1202.9751969515803,0.867152151001122,0.6410060573207013,0.3900660657476282,35.68968973449733,0.7540791041609116,5.30920200805204,469.2398022668811
112.96976523425732,56.85811377871477,-28.419764468577647,4.427289978579697,1.1339718799723326,2302.376448018857,0.9232860210139356,0.4080404616028166,0.9737425820384936,5.020422340192687,0.6656632413083761,56.11165145554256,2241.9219873184975
111.98556164127604,93.636255989899,31.323788064133552,0.9657858803141876,2.4822084741599766,1583.648176927435,0.8111045663053181,0.8567299465058974,0.3018346608928951,2.3972818963399294,0.8339172564056078,18.349305651377037,477.99991045654394
62.71077886262563,96.10288447309672,15.112799892326436,3.837024485945901,10.177779911303588,2331.0890234544718,0.7867230147335408,0.481994917732867,0.0002429344345127,39.05239073224017,0.6343589662332039,33.39210561047109,0.5663017937116742
28.534966807864382,44.58016515611017,25.87941772729013,5.841329990525572,14.221917499741524,1134.5202478453043,0.4162849285443547,0.8321624537291183,0.933113221168653,83.07491321402063,0.6242236911367365,16.045198348245787,1058.6358429479906
51.098232171566224,143.36784267496924,3.483161815744282,4.356267769296105,3.358836944707434,1084.8748144958918,0.2434670440667601,0.6481021272610714,0.6830695751901241,14.631993124549998,0.44578458566391577,92.26961050340302,741.0449786721736
29.717649377076853,99.83656822972786,-5.886363522715939,5.426211276903283,6.0704920858335525,3133.248214587875,0.21546290727573,0.444479977977791,0.793537402228831,32.93977261250215,0.3299714426267605,70.118918852651,2486.349648742185
56.23938991166331,70.59210071933981,-40.95798309039457,1.1525407115786916,6.261396301320391,1732.8276570503297,0.6191214000466962,0.6918639081608444,0.5842247888317181,7.216514148599992,0.6554926541037703,14.352710807676502,1012.3608720219897
51.80034749718639,133.45531407185408,42.041395373325344,0.8438946265856515,10.497708504027033,668.6728845529167,0.0039183749510932,0.5340361132046566,0.1179386748742334,8.858959798010911,0.2689772440778749,81.6549665746677,78.86239392850224
31.58690595251297,143.99534207402704,24.48112286789913,5.696049423306938,3.4714592070474746,1787.4484758749657,0.3565589211768887,0.7382955104783077,0.4860575419026809,19.77360321433633,0.5474272158275981,112.40843612151406,868.8028124614792
27.697990982879297,48.46750876078261,43.51693254436998,3.873104266880585,8.695529899537005,3398.8228932445577,0.9437663822120144,0.4159136542975095,0.7704117870686438,33.67869395668448,0.6798400182547619,20.76951777790331,2618.493219114358
69.44203047025815,47.80118411545067,-3.73292920062984,0.7141590917821609,10.95697863512538,1733.3402509845455,0.2622743218149849,0.4157748009896514,0.0115260140529852,7.825025910737681,0.3390245614023182,21.64084635480748,19.978504091452766
44.77309895011575,89.78348597437667,-40.39781567021093,4.191366103588288,12.234363011104543,2031.380394039324,0.0527097898534389,0.5734917638909767,0.464582764439246,51.27869442373792,0.3131007768722078,45.01038702426092,943.744319090474
54.82554670233004,84.21212144846749,38.630524826866846,5.242116355120039,12.900765188939056,3423.317931915426,0.4202496018075419,0.0376973904226706,0.2744126316356817,67.62731219050069,0.22897349611510626,29.38657474613745,939.4016826225314
73.2617266455023,77.91790989711697,41.94427546158094,5.564068076884495,4.999457005944278,2263.3953481150543,0.906866577339836,0.3266219057480087,0.8003641884553453,27.817319128531096,0.6167442415439224,4.656183251614664,1811.5405809477093
72.45113895702546,126.71104801411454,-27.07062525953522,1.113761499764861,1.7775979512849978,1442.4861915109163,0.0632534088986795,0.5278121082956208,0.2141762527395868,1.9798201602021235,0.2955327585971501,54.259909057089075,308.946287126406
83.75574713552132,50.04407353104902,14.11020942518646,0.5846719043021966,9.12935481233828,685.8395557369638,0.2059881841884732,0.6185851490721154,0.7296784136472413,5.337677263180245,0.4122866666302943,33.711673604472296,500.44231904667646
111.48459010681,45.371489563944,44.39295138806676,5.629051831306216,5.722711334270096,3159.786324507195,0.3666377000964564,0.6056992404598757,0.5030683226320282,32.21343871620993,0.486168470278166,66.113100542866,1589.588406145456
79.0230666869087,46.24248987332226,-9.310168620903312,0.7821161693966857,9.762121897813532,1996.903832662379,0.0833790537687595,0.3148411554087353,0.4765679435800185,7.635113383901424,0.1991101045887474,32.78057681358644,951.6603530589674
31.881791626807196,109.06625642791886,-8.839907941110816,4.067514262228485,8.273967384314858,3363.9990706372064,0.3472884743056977,0.2570960893951117,0.3299748952902764,33.654480340914,0.3021922818504047,77.18446480111166,1110.0352410900994
72.96505783560065,66.11562803361795,25.96026089279688,5.057055788483448,10.431989708039003,3314.5435175741677,0.1356266160073134,0.5019355807808606,0.5201602230243957,52.7551539384384,0.318781098394087,6.849429801982694,1724.093695325444
86.35373720167107,81.84922595330352,22.88384760123205,0.6796248343147273,14.309125856662371,932.9361310624444,0.1669501790344691,0.4395077804475518,0.853629928527957,9.724837289522744,0.30322897974101043,4.50451124836755,796.3822028799832
112.9529144247826,149.38395806037204,-18.01795251912877,2.2153368967004887,4.880732686972669,1404.7606096206546,0.4151071768549326,0.9541316415710726,0.8452255581607399,10.81246720438267,0.6846194092130026,36.43104363558943,1187.339570348839
116.2172548474542,149.92964709247997,10.859443184212566,1.4864580565908254,10.16429507551274,1300.3836483014925,0.8114659391516817,0.3734445911454355,0.995604201803506,15.108798304562365,0.5924552651485586,33.71239224502577,1294.6674242055385
40.93493233367103,37.21708111209423,35.26849303296612,1.712773448896059,11.493299160734615,3233.3615041758726,0.4063664052774615,0.5658630735596195,0.1799996166106868,19.685417642725607,0.4861147394185405,3.717851221576801,582.0038311154107
104.9223410494178,62.79114323978512,-34.86776486292567,4.528205769821085,3.8594477133383376,675.373961710631,0.151410443936085,0.9122545611011555,0.7334018493349057,17.47637340386145,0.5318325025186202,42.131197809632674,495.32051251121857
65.24395161326933,102.22579075635863,14.619061053096123,4.9462315639153,11.118091575257036,1923.6006878673224,0.0890097348960088,0.4134657667101601,0.4107004005865431,54.992655480037136,0.25123775080308447,36.9818391430893,790.0235730756592
80.6715046382856,65.58426975451863,41.41220439649025,5.9096196358251465,2.932918618148715,2947.86736824562,0.4643502498821417,0.315216737377286,0.9920159693968356,17.3324334560888,0.3897834936297139,15.087234883766968,2924.331504963477
46.86773593849461,100.58427203380684,27.602416772526524,3.819408435756165,7.029041379891559,2830.4641017208432,0.4030387579071322,0.8533464976087238,0.5936105444464144,26.846779941636978,0.628192627757928,53.71653609531223,1680.193336458541
52.235384497472296,106.89915776282474,-34.18134937914814,4.564868367666549,11.797452423591825,3187.447194680584,0.9299217631456648,0.5541812554487988,0.7440494512285778,53.85381738750539,0.7420515092972317,54.66377326535245,2371.618336022158
53.08980248526492,80.1096930941914,-3.2461760868900527,1.614479487744387,9.417419532321365,3012.4175588563235,0.3773484772303116,0.4327670817081936,0.2138012106627328,15.204230662416181,0.4050577794692526,27.01989060892648,644.0585211051562
96.07850486168974,102.9284153854631,-26.661018678507983,2.6946942470333908,7.230072711800886,3002.492324625324,0.3387329557744314,0.6892793212258371,0.5858630505279215,19.482835342122954,0.5140061385001342,6.84991052377336,1759.0493124916627
30.17824726204037,149.05896177879754,9.697691002745032,3.531379790540046,12.460484463677442,2354.85506304116,0.8935099713933179,0.3575133284272369,0.5541697216110001,44.002703015368745,0.6255116499102774,118.88071451675717,1304.9893747197737
31.119748230615134,33.64644716362042,7.242084089432637,5.679305926619168,13.009705434741532,2612.094357774971,0.9066532969519988,0.8713335923402825,0.9449847855558432,73.88609717909719,0.8889934446461407,2.5266989330052887,2468.389426533609
60.0763060875326,148.160368742941,-5.704722920811051,1.0823087501722113,4.774176558881628,2654.2044836025825,0.5323602348613149,0.3163754073876829,0.0127564797074305,5.167133064544643,0.4243678211244989,88.08406265540839,33.8583056344474
40.4984295415821,117.96855552356098,33.829477516535135,5.03459334682502,1.3006541030690526,1237.455761067724,0.8962362491461331,0.8487675852813142,0.140044812134229,6.548264493832116,0.8725019172137236,77.47012598197888,173.2992595831488
100.34809303848486,69.02280770696339,7.397887193470247,5.335521749306862,8.41231776733509,2033.281464417194,0.6285039000835678,0.3254182806826078,0.4915142258318266,44.88410440969691,0.4769610903830878,31.32528533152147,999.3867648812197
78.57755812734632,80.60651122481465,-39.02005400798026,2.605393204400133,9.42219676246642,3432.369689551528,0.4582048052522159,0.9457747170084608,0.5308590342884758,24.548527415450945,0.7019897611303384,2.0289530974683316,1822.1044587163597
57.06421470668909,83.25002631654854,30.0284965743827,5.975971102243859,6.050055444968416,3359.9215027471178,0.0324865966901649,0.6447567265900929,0.4162170310323144,36.15495650610437,0.33862166164012886,26.18581160985945,1398.4565523750375
100.98744458546348,55.92458190115195,-21.097545033725453,2.0260557384872477,3.0161183374847718,810.425190939754,0.5450834128598901,0.7620327210390511,0.5032192071829621,6.110823865617639,0.6535580669494706,45.062862684311526,407.82152206580366
39.068772066366655,60.26892242080339,0.5362116961438517,0.9224167657293184,2.9610396626265474,2787.083641121518,0.3270067684961021,0.4211189044340816,0.1243453174424107,2.731312628796212,0.37406283646509186,21.200150354436737,346.560800093805
80.05168604336534,40.632051561554064,29.47556878858991,0.6303926450448512,5.986294734066259,939.8249010800096,0.752727137825976,0.9502112058654302,0.2745445847404446,3.773716171426093,0.851469171845703,39.41963448181127,258.0238371957406
37.32943200708458,117.79074261063982,-9.488153196211826,0.5292241161759027,0.7002542297921771,3376.61561957123,0.5771866762233089,0.654907123147859,0.7467433077981598,0.3705914258602024,0.6160468996855839,80.46131060355525,2521.465116921553
48.50951686938471,128.09396501894298,-16.5935390612985,2.969713223615692,10.485660073464064,2742.5619102395144,0.1303179880912909,0.3423340824609907,0.8107304652304127,31.139403378505317,0.23632603527614077,79.58444814955827,2223.478493411691
113.67299887367344,121.32334830024335,17.473551615884787,4.97769127075139,4.971421262616461,2115.089306303068,0.1976903031144875,0.210528488440613,0.0403252397209507,24.746200222153814,0.20410939577755025,7.6503494265699175,85.29148330789054
85.8693631618945,82.63385030275086,10.131612151033728,5.493111826359438,6.270701916413426,1362.5335981512771,0.0375286575318031,0.4962951255006397,0.8524388856418731,34.44566685662538,0.2669118915162214,3.2355128591436397,1161.4766220576864
102.2537242923169,94.0323056072254,-5.476516502962653,3.057552346395352,0.456799352530204,1468.429380343551,0.915138820404896,0.3269421002546949,0.5961826694023769,1.3966879321606027,0.6210404603297954,8.221418685091507,875.4521478020963
66.36984049399823,102.41383120576536,1.0147915980676032,4.124749755727278,11.051875274228369,1923.3047424415224,0.9660214591302084,0.8611135200614256,0.1858320555653425,45.586219837701805,0.913567489595817,36.04399071176714,357.41167376647974
101.01133946791808,133.2146876627045,-10.393980511966872,0.5548832716214716,14.32303233999628,887.2137407926443,0.9283725519807918,0.9639160120731884,0.1079624481108355,7.947611044357277,0.9461442820269901,32.20334819478643,95.78576745354611
82.3298126827558,40.729320277471146,-39.13158678655572,5.356466036563752,3.5766590574749677,818.4810606424016,0.9655179182347664,0.7651065916331309,0.1418443976169852,19.158252765732787,0.8653122549339487,41.600492405284655,116.0969530077326
57.48705795237041,35.78544466326672,-26.881910295981008,4.378265300638098,6.000414399145667,2017.7774004391815,0.0553598169384095,0.3835345124339769,0.2526630021712823,26.27140615322868,0.2194471646861932,21.701613289103683,509.81769570832927
91.3244787222995,107.95759787908422,41.80289885107304,5.766695582960995,5.185647824655776,658.2318564866522,0.7758650652027869,0.9232237469852286,0.4433203207726987,29.90405240523376,0.8495444060940077,16.633119156784716,291.8075577604716
53.34991716911442,103.801556164664,12.092731998451846,4.931429891175198,5.718103571925312,2625.750637303476,0.9752445352839586,0.4118522831444969,0.1271824536325109,28.19842687542815,0.6935484092142278,50.45163899554959,333.94940867938533
118.66395785011754,41.268085894730206,3.7534331169003607,3.4022260642193225,12.47627913043369,1152.7638197949336,0.0210369024604686,0.0751429531775865,0.2068371106166084,42.44712204203709,0.04808992781902755,77.39587195538734,238.43433770974872
47.083225126207424,127.77901364958149,-13.92991714784771,3.053311858565737,11.773696444734089,3181.8005320099714,0.8087994445011507,0.0312135603387475,0.5085388914977079,35.948766973859854,0.4200065024199491,80.69578852337406,1618.0693155151682
103.5302495589238,128.15604289428745,43.11944442136391,3.201026511607408,5.8920225833605455,3453.963432772519,0.488950926438452,0.0519660981311802,0.363189123716225,18.860520496326675,0.2704585122848161,24.625793335363653,1254.4419524965356
81.8218063316261,88.66158963083042,43.56118468894178,4.662015918877124,7.178839105714844,2530.6168274827296,0.8816353491754106,0.1934472280119374,0.0640435238647885,33.46786218990022,0.537541288593674,6.8397832992043135,162.06961918352553
99.94158789689791,121.86154787893317,-28.866994928298897,0.9593870307401032,14.633614478502702,539.8436103757402,0.9469028994605168,0.6547757512842602,0.2521819818192694,14.03929994352609,0.8008393253723884,21.91995998203525,136.13883153702366
71.87906217433661,132.14482968585224,-37.853407382127344,4.585848215173664,10.958793011314649,2309.639186298513,0.4104987136973793,0.866855213027066,0.3962473468164059,50.255361371394905,0.6386769633622227,60.265767511515634,915.1883996739883
35.6437042671086,39.79559784367075,-7.035463931505177,4.924720533375023,6.140800094573408,928.442913418602,0.647720054420612,0.4427359277064583,0.8577655483724422,30.241724317096946,0.5452279910635351,4.151893576562145,796.386344761015
69.72485058923854,111.36193830708764,18.92185187609804,3.714469003665843,1.5068415751411663,2245.16458242043,0.1084003727166227,0.7746729371817983,0.6448560434297268,5.597116324296878,0.4415366549492105,41.6370877178491,1447.8079494681933
48.65412521282844,33.98437305496399,-1.616304769912574,5.459757157004257,5.247664720479341,790.0836793627013,0.9665907702233169,0.9484251555414928,0.07451046181864,28.65097501519583,0.9575079628824048,14.669752157864451,58.86949982468517
83.34782198261473,107.07906310862728,22.882343371387265,4.284250563907708,11.184187290802065,2343.4983807655776,0.6980705464034016,0.7725225917625445,0.123463573730736,47.91586070746817,0.735296569082973,23.73124112601255,289.3366851215113
92.81887562036032,46.017596689913255,4.178728447006257,4.995179217172803,8.304840842624808,929.1858581702072,0.8425345083518017,0.4386716968030488,0.0113896680885527,41.48416837900731,0.6406031025774253,46.80127893044706,10.583118517135665
25.63032756818373,55.881018287726064,-0.9991951386793758,4.334246932404951,6.295696663474324,3429.3695883062305,0.0410823649555552,0.2252071002162016,0.9568146705908778,27.287103951015673,0.1331447325858784,30.250690719542334,3281.2711329696
79.86584841970367,117.86698636914734,-22.54084201354445,3.936807547838494,2.393108579937228,1520.0131581796763,0.6131162390692415,0.7667683563383357,0.9225724049058,9.421207920293938,0.6899422977037886,38.001137949443674,1402.3221948302842
82.20867002278735,133.5356493051874,-2.120671229058757,5.94198122030781,11.394802273067125,2438.929800972144,0.8812580677630116,0.7463138125690768,0.2685796043329665,67.70770111568561,0.8137859401660442,51.32697928240006,655.0468009409792
